Timestamp,From Bank,Account,To Bank,Account.1,Amount Received,Receiving Currency,Amount Paid,Payment Currency,Payment Format,Is Laundering,Amount
2022/09/01 00:29,3618,800929EA0,1277,800929EF0,0.05,US Dollar,0.05,US Dollar,ACH,0,0.05
2022/09/01 00:05,20,80005B040,1231,80010C4C0,0.18,US Dollar,0.18,US Dollar,ACH,0,0.18
2022/09/01 00:13,3440,8002F0EB0,1291,8002EE260,0.08,US Dollar,0.08,US Dollar,ACH,0,0.08
2022/09/01 00:01,3648,8003DCD50,224,8003E0200,0.01,US Dollar,0.01,US Dollar,ACH,0,0.01
2022/09/01 00:17,3612,8003EE310,1394,8003EDDC0,0.12,US Dollar,0.12,US Dollar,ACH,0,0.12
2022/09/01 00:07,3888,800552880,1231,800540CA0,0.14,US Dollar,0.14,US Dollar,ACH,0,0.14
2022/09/01 00:03,1422,8005D40C0,1291,800670D30,0.16,US Dollar,0.16,US Dollar,Wire,0,0.16
2022/09/01 00:20,3806,800659FF0,11,800656CB0,0.02,US Dollar,0.02,US Dollar,ACH,0,0.02
2022/09/01 00:11,3705,800857930,21260,800849070,0.01,US Dollar,0.01,US Dollar,ACH,0,0.01
2022/09/01 00:27,31509,800908A40,1277,8008F9F50,0.02,US Dollar,0.02,US Dollar,ACH,0,0.02
2022/09/01 00:18,3705,800A5A070,20,800A0C5E0,0.01,US Dollar,0.01,US Dollar,ACH,0,0.01
2022/09/01 00:03,3394,800AB7450,1394,800AB5C00,0.04,US Dollar,0.04,US Dollar,ACH,0,0.04
2022/09/01 00:05,31960,800B3EF50,11968,800B374F0,0.01,US Dollar,0.01,US Dollar,ACH,0,0.01
2022/09/01 00:08,32110,800C4C0F0,2860,800C4C0A0,0.01,US Dollar,0.01,US Dollar,ACH,0,0.01
2022/09/01 00:18,3560,800C5DC30,21393,800C5CC00,0.01,US Dollar,0.01,US Dollar,ACH,0,0.01
2022/09/01 00:05,32207,800C70420,224,800C76380,0.04,US Dollar,0.04,US Dollar,ACH,0,0.04
2022/09/01 00:11,31960,800D19380,1807,800D19330,0.03,US Dollar,0.03,US Dollar,ACH,0,0.03
2022/09/01 00:18,32407,800D90800,349,800D907B0,0.01,US Dollar,0.01,US Dollar,ACH,0,0.01
2022/09/01 00:29,31510,800EBF7D0,1277,800EBF780,0.01,US Dollar,0.01,US Dollar,ACH,0,0.01
2022/09/01 00:18,3844,800F4DED0,22185,800F4DE80,0.01,US Dollar,0.01,US Dollar,ACH,0,0.01
2022/09/01 00:03,31472,8010D6FD0,21939,8010D6D10,0.03,US Dollar,0.03,US Dollar,ACH,0,0.03
2022/09/01 00:26,31699,8010FC780,22435,8010FE740,0.02,US Dollar,0.02,US Dollar,ACH,0,0.02
2022/09/01 00:22,32968,80111A6F0,21566,80111A000,0.01,US Dollar,0.01,US Dollar,ACH,0,0.01
2022/09/01 00:25,32944,80124CB10,1394,80124C380,0.01,US Dollar,0.01,US Dollar,ACH,0,0.01
2022/09/01 00:21,3920,80142BB40,2860,80142C160,0.02,US Dollar,0.02,US Dollar,ACH,0,0.02
2022/09/01 00:05,3648,80145F220,12063,801462B00,0.01,US Dollar,0.01,US Dollar,ACH,0,0.01
2022/09/01 00:14,31022,80177DF30,22595,80177DE90,0.01,US Dollar,0.01,US Dollar,ACH,0,0.01
2022/09/01 00:00,22129,801234270,2860,8018BFFF0,0.03,US Dollar,0.03,US Dollar,ACH,0,0.03
2022/09/01 00:22,22129,801234270,2860,8018BFFF0,0.05,US Dollar,0.05,US Dollar,Wire,0,0.05
2022/09/01 00:08,34308,80191D700,11495,801919BF0,0.02,US Dollar,0.02,US Dollar,ACH,0,0.02
2022/09/01 00:10,34872,801C00480,349,801C01550,0.01,US Dollar,0.01,US Dollar,ACH,0,0.01
2022/09/01 00:06,23571,801E12F40,23571,801E12F40,0.05,Euro,0.06,US Dollar,ACH,0,0.06
2022/09/01 00:10,35716,8020EFD90,11968,8020F00F0,0.01,US Dollar,0.01,US Dollar,ACH,0,0.01
2022/09/01 00:13,22124,8023143D0,22124,8023143D0,1.44,Yuan,0.21,US Dollar,ACH,0,0.21
2022/09/01 00:13,33355,802324200,22031,8023241B0,0.02,US Dollar,0.02,US Dollar,ACH,0,0.02
2022/09/01 00:11,35811,8023519F0,5687,802334470,0.01,US Dollar,0.01,US Dollar,ACH,0,0.01
2022/09/01 00:12,32144,8023B9E80,4187,8023B99B0,0.01,US Dollar,0.01,US Dollar,ACH,0,0.01
2022/09/01 00:25,3412,80291FD70,5617,80291EEE0,0.03,US Dollar,0.03,US Dollar,ACH,0,0.03
2022/09/01 00:26,34314,802964820,13474,8029648C0,0.01,US Dollar,0.01,US Dollar,ACH,0,0.01
2022/09/01 00:17,31880,802B79A80,24950,802B79A30,0.01,US Dollar,0.01,US Dollar,ACH,0,0.01
2022/09/01 00:11,32766,802D87C20,6809,802D6AE10,0.05,US Dollar,0.05,US Dollar,ACH,0,0.05
2022/09/01 00:16,31509,80324A030,13474,803249FE0,0.54,US Dollar,0.54,US Dollar,ACH,0,0.54
2022/09/01 00:07,36866,803799BB0,3653,803799B10,0.01,US Dollar,0.01,US Dollar,ACH,0,0.01
2022/09/01 00:04,3923,80383D480,22547,803836C50,0.01,US Dollar,0.01,US Dollar,ACH,0,0.01
2022/09/01 00:12,39746,803AA55F0,24523,803AA44E0,0.04,US Dollar,0.04,US Dollar,ACH,0,0.04
2022/09/01 00:03,36209,803C21E60,11770,803C23870,0.01,US Dollar,0.01,US Dollar,ACH,0,0.01
2022/09/01 00:18,33374,804070C10,28958,8040704C0,0.01,US Dollar,0.01,US Dollar,ACH,0,0.01
2022/09/01 00:04,35716,8047C3FA0,14408,8047C3160,0.01,US Dollar,0.01,US Dollar,ACH,0,0.01
2022/09/01 00:15,37539,8047FCAC0,22435,8047FA820,0.41,US Dollar,0.41,US Dollar,ACH,0,0.41
2022/09/01 00:12,32712,804AE39A0,23410,804AE6680,0.01,US Dollar,0.01,US Dollar,ACH,0,0.01
2022/09/01 00:29,34036,805329CC0,22547,805329C70,0.01,US Dollar,0.01,US Dollar,ACH,0,0.01
2022/09/01 00:22,311684,8054A74B0,8106,80549BD40,0.01,US Dollar,0.01,US Dollar,ACH,0,0.01
2022/09/01 00:17,310254,805667AD0,28932,805667DA0,0.03,US Dollar,0.03,US Dollar,ACH,0,0.03
2022/09/01 00:16,310467,805678250,11337,805686CE0,0.02,US Dollar,0.02,US Dollar,ACH,0,0.02
2022/09/01 00:10,32217,8056AFC70,214527,805690200,0.01,US Dollar,0.01,US Dollar,ACH,0,0.01
2022/09/01 00:11,32758,805B1F730,11,805B27460,0.01,US Dollar,0.01,US Dollar,ACH,0,0.01
2022/09/01 00:03,38905,805B2DCD0,1439,805B32870,0.01,US Dollar,0.01,US Dollar,ACH,0,0.01
2022/09/01 00:16,31935,805BA4D20,210700,805BA4C80,0.01,US Dollar,0.01,US Dollar,ACH,0,0.01
2022/09/01 00:26,34290,805B9C030,3500,805BA6350,0.01,US Dollar,0.01,US Dollar,ACH,0,0.01
2022/09/01 00:22,36442,805CE24C0,5572,805CE1ED0,0.02,US Dollar,0.02,US Dollar,ACH,0,0.02
2022/09/01 00:28,316230,805D45A50,16456,805D45A00,0.03,US Dollar,0.03,US Dollar,ACH,0,0.03
2022/09/01 00:19,2196,806048EC0,2196,806048EC0,0.8,Euro,0.94,US Dollar,ACH,0,0.94
2022/09/01 00:03,316309,806254790,22435,806254060,0.16,US Dollar,0.16,US Dollar,ACH,0,0.16
2022/09/01 00:13,31509,806260710,213123,806253A00,0.01,US Dollar,0.01,US Dollar,ACH,0,0.01
2022/09/01 00:03,33165,806367F70,26179,806367F20,0.04,US Dollar,0.04,US Dollar,ACH,0,0.04
2022/09/01 00:09,314514,80675DBA0,16456,80675D6F0,0.01,US Dollar,0.01,US Dollar,ACH,0,0.01
2022/09/01 00:25,31776,806ADFE30,217862,806ADFDE0,0.01,US Dollar,0.01,US Dollar,ACH,0,0.01
2022/09/01 00:28,37197,806AF2420,217862,806ACE840,0.01,US Dollar,0.01,US Dollar,ACH,0,0.01
2022/09/01 00:05,318530,8039AF5A0,11222,806B2D970,0.05,US Dollar,0.05,US Dollar,ACH,0,0.05
2022/09/01 00:00,317400,806C3B030,317400,806C3B030,0.03,US Dollar,2.88,Yen,ACH,0,0.02066886751830056
2022/09/01 00:17,314730,806D9EEC0,14648,806D9DB10,0.01,US Dollar,0.01,US Dollar,ACH,0,0.01
2022/09/01 00:26,37402,806DC39A0,29448,806DC4030,0.02,US Dollar,0.02,US Dollar,ACH,0,0.02
2022/09/01 00:12,31739,806E45D90,24317,806DCC360,0.08,US Dollar,0.08,US Dollar,ACH,0,0.08
2022/09/01 00:27,3862,807040A60,4894,807040F90,0.02,US Dollar,0.02,US Dollar,ACH,0,0.02
2022/09/01 00:16,319375,80704C230,215191,80704C190,0.01,US Dollar,0.01,US Dollar,ACH,0,0.01
2022/09/01 00:21,319401,80706C410,5572,806FF6660,0.01,US Dollar,0.01,US Dollar,ACH,0,0.01
2022/09/01 00:11,319600,80717EE90,113002,80716B200,0.02,US Dollar,0.02,US Dollar,ACH,0,0.02
2022/09/01 00:22,312061,8072FCCD0,119593,8072FCBE0,0.01,US Dollar,0.01,US Dollar,ACH,0,0.01
2022/09/01 00:18,31814,807403CD0,24523,807403C30,0.01,US Dollar,0.01,US Dollar,ACH,0,0.01
2022/09/01 00:21,31684,80753DA70,15875,80753D430,0.01,US Dollar,0.01,US Dollar,ACH,0,0.01
2022/09/01 00:18,316036,8075827A0,2196,807582A60,0.02,US Dollar,0.02,US Dollar,ACH,0,0.02
2022/09/01 00:18,38048,8075D47C0,11,8075D3350,0.01,US Dollar,0.01,US Dollar,ACH,0,0.01
2022/09/01 00:22,319009,80768DF00,219705,80769C460,0.01,US Dollar,0.01,US Dollar,ACH,0,0.01
2022/09/01 00:26,316969,8076C14E0,6314,8076C01B0,0.01,US Dollar,0.01,US Dollar,ACH,0,0.01
2022/09/01 00:25,33352,807AD2ED0,216796,807AD0FB0,0.01,US Dollar,0.01,US Dollar,ACH,0,0.01
2022/09/01 00:16,3888,807B1A6E0,116473,807B1A640,0.01,US Dollar,0.01,US Dollar,ACH,0,0.01
2022/09/01 00:25,36449,807C9E410,119593,807CB09F0,0.01,US Dollar,0.01,US Dollar,ACH,0,0.01
2022/09/01 00:16,322339,8081BFB30,115966,8081BF650,0.01,US Dollar,0.01,US Dollar,ACH,0,0.01
2022/09/01 00:26,318138,8082D74E0,21063,8082D7BF0,0.01,US Dollar,0.01,US Dollar,ACH,0,0.01
2022/09/01 00:10,313404,808382620,215187,808382350,0.01,US Dollar,0.01,US Dollar,ACH,0,0.01
2022/09/01 00:21,313296,80848EDC0,13210,8084930A0,0.01,US Dollar,0.01,US Dollar,ACH,0,0.01
2022/09/01 00:20,321028,8087A2730,117694,8087A22B0,0.02,US Dollar,0.02,US Dollar,ACH,0,0.02
2022/09/01 00:15,323364,8087BABA0,122996,8087BB130,0.01,US Dollar,0.01,US Dollar,ACH,0,0.01
2022/09/01 00:10,312407,808BC3950,217226,808BC3810,0.06,US Dollar,0.06,US Dollar,ACH,0,0.06
2022/09/01 00:00,317628,808D3E8B0,29448,808D3E410,0.01,US Dollar,0.01,US Dollar,ACH,0,0.01
2022/09/01 00:06,11255,805660D50,215721,808D34CD0,0.94,US Dollar,0.94,US Dollar,ACH,0,0.94
2022/09/01 00:24,325587,80950C230,110856,809509850,0.01,US Dollar,0.01,US Dollar,ACH,0,0.01
2022/09/01 00:24,31999,8095AF920,220822,80958BF10,0.01,US Dollar,0.01,US Dollar,ACH,0,0.01
2022/09/01 00:29,312407,809D69910,15355,809D695F0,0.01,US Dollar,0.01,US Dollar,ACH,0,0.01
2022/09/01 00:22,316711,809E73350,21547,809E70B50,0.01,US Dollar,0.01,US Dollar,ACH,0,0.01
2022/09/01 00:14,314788,809E7C8A0,16262,809E7BB50,0.01,US Dollar,0.01,US Dollar,ACH,0,0.01
2022/09/01 00:27,313438,80A01FAA0,2545,80A01E2E0,0.35,US Dollar,0.35,US Dollar,ACH,0,0.35
2022/09/01 00:18,32056,809FF1510,218057,809FF1150,0.01,US Dollar,0.01,US Dollar,ACH,0,0.01
2022/09/01 00:24,326909,80A0663C0,5855,80A057920,0.02,US Dollar,0.02,US Dollar,ACH,0,0.02
2022/09/01 00:19,327535,80A071E80,216492,80A06E310,0.01,US Dollar,0.01,US Dollar,ACH,0,0.01
2022/09/01 00:17,319766,80A14A080,25242,80A14AA50,0.03,US Dollar,0.03,US Dollar,ACH,0,0.03
2022/09/01 00:19,318824,80A45CD40,220916,80A45C0F0,0.01,US Dollar,0.01,US Dollar,ACH,0,0.01
2022/09/01 00:11,31510,80A5698A0,8488,80A569670,0.01,US Dollar,0.01,US Dollar,ACH,0,0.01
2022/09/01 00:27,328414,80A594780,1,80A595B50,0.01,US Dollar,0.01,US Dollar,ACH,0,0.01
2022/09/01 00:21,328618,80A6A7C10,219054,80A6A81D0,0.01,US Dollar,0.01,US Dollar,ACH,0,0.01
2022/09/01 00:29,32465,80A977940,22086,80A9778F0,0.02,US Dollar,0.02,US Dollar,ACH,0,0.02
2022/09/01 00:22,320582,80A9EF590,213123,80A9E5E90,0.03,US Dollar,0.03,US Dollar,ACH,0,0.03
2022/09/01 00:06,329939,80ADE3B70,1217,80ADE3AD0,0.01,US Dollar,0.01,US Dollar,ACH,0,0.01
2022/09/01 00:00,11701,8010EEE10,11305,80AE76E10,0.48,US Dollar,0.48,US Dollar,ACH,0,0.48
2022/09/01 00:21,324346,80AF303F0,11968,80AF30670,0.01,US Dollar,0.01,US Dollar,ACH,0,0.01
2022/09/01 00:06,330175,80AF7EAA0,127980,80AF81B90,0.01,US Dollar,0.01,US Dollar,ACH,0,0.01
2022/09/01 00:25,329925,80B38D610,5687,80B2F9980,0.01,US Dollar,0.01,US Dollar,ACH,0,0.01
2022/09/01 00:26,328564,80B3A0770,215107,80B3A0720,0.04,US Dollar,0.04,US Dollar,ACH,0,0.04
2022/09/01 00:07,319638,80B4D4C10,22086,80B4D4D00,0.01,US Dollar,0.01,US Dollar,ACH,0,0.01
2022/09/01 00:08,31883,80B6D3ED0,22106,80B6D4CA0,0.01,US Dollar,0.01,US Dollar,ACH,0,0.01
2022/09/01 00:21,110856,8085317B0,11046,80B7D1450,0.83,US Dollar,0.83,US Dollar,Wire,0,0.83
2022/09/01 00:00,317574,80B8D2BA0,6045,80B8D01C0,0.05,US Dollar,0.05,US Dollar,ACH,0,0.05
2022/09/01 00:11,3549,80BB1CD70,1889,80BB1B100,0.03,US Dollar,0.03,US Dollar,ACH,0,0.03
2022/09/01 00:08,332170,80BB33270,15194,80BB320A0,0.01,US Dollar,0.01,US Dollar,ACH,0,0.01
2022/09/01 00:00,313969,80C358110,124049,80C34F3B0,0.01,US Dollar,0.01,US Dollar,ACH,0,0.01
2022/09/01 00:14,330802,80C4EB610,227639,80C4ED0E0,0.01,US Dollar,0.01,US Dollar,ACH,0,0.01
2022/09/01 00:00,310443,80C5898C0,231948,80C586E70,0.01,US Dollar,0.01,US Dollar,ACH,0,0.01
2022/09/01 00:16,331576,80C767AC0,8106,80C76C130,0.03,US Dollar,0.03,US Dollar,ACH,0,0.03
2022/09/01 00:21,33855,80C8F19A0,1639,80C8F23C0,0.02,US Dollar,0.02,US Dollar,ACH,0,0.02
2022/09/01 00:09,333340,80CF3A100,1120,80CF3C930,0.01,US Dollar,0.01,US Dollar,ACH,0,0.01
2022/09/01 00:12,319867,80D0387C0,119174,80D03B410,0.02,US Dollar,0.02,US Dollar,ACH,0,0.02
2022/09/01 00:29,337491,80D91D6A0,18990,80D91D5B0,0.04,US Dollar,0.04,US Dollar,ACH,0,0.04
2022/09/01 00:22,325766,80D99FFB0,20,80D9A0000,0.08,US Dollar,0.08,US Dollar,ACH,0,0.08
2022/09/01 00:19,37730,80DA3D7D0,221024,80DA5E260,0.01,US Dollar,0.01,US Dollar,ACH,0,0.01
2022/09/01 00:09,34037,80DC93BF0,214107,80DC932C0,0.01,US Dollar,0.01,US Dollar,ACH,0,0.01
2022/09/01 00:00,226624,80DC8E520,226624,80DC8E520,4.58,Brazil Real,0.81,US Dollar,ACH,0,0.81
2022/09/01 00:06,338444,80DE8A6B0,15680,80DE84000,0.05,US Dollar,0.05,US Dollar,ACH,0,0.05
2022/09/01 00:15,335748,80E16CE80,335748,80E16CE80,0.03,US Dollar,0.03,UK Pound,ACH,0,0.03477373887240356
2022/09/01 00:25,328005,80E267AF0,219054,80E263600,0.01,US Dollar,0.01,US Dollar,ACH,0,0.01
2022/09/01 00:18,325101,80E939390,136580,80E934140,0.01,US Dollar,0.01,US Dollar,ACH,0,0.01
2022/09/01 00:16,35365,80E9C2B80,222470,80E9D6120,0.01,US Dollar,0.01,US Dollar,ACH,0,0.01
2022/09/01 00:21,335888,80EB53DB0,219975,80EB51DC0,0.01,US Dollar,0.01,US Dollar,ACH,0,0.01
2022/09/01 00:17,321717,80EB5D290,25443,80EB5CF70,0.02,US Dollar,0.02,US Dollar,ACH,0,0.02
2022/09/01 00:00,340862,80ECEF8F0,138580,80ECB4510,0.01,US Dollar,0.01,US Dollar,ACH,0,0.01
2022/09/01 00:15,33746,80EF529E0,139835,80EF566A0,0.01,US Dollar,0.01,US Dollar,ACH,0,0.01
2022/09/01 00:24,34872,80F3B35F0,28393,80F3A4D80,0.01,US Dollar,0.01,US Dollar,ACH,0,0.01
2022/09/01 00:01,342383,80F596BC0,28958,80F596B20,0.02,US Dollar,0.02,US Dollar,ACH,0,0.02
2022/09/01 00:29,342516,80F690550,234717,80F690070,0.01,US Dollar,0.01,US Dollar,ACH,0,0.01
2022/09/01 00:02,342152,80FB850E0,5855,80FB83AF0,0.03,US Dollar,0.03,US Dollar,ACH,0,0.03
2022/09/01 00:23,316672,80FB91690,5617,80FB91640,0.01,US Dollar,0.01,US Dollar,ACH,0,0.01
2022/09/01 00:01,343315,80FB7D550,22661,80FB902D0,0.01,US Dollar,0.01,US Dollar,ACH,0,0.01
2022/09/01 00:04,31667,80FD78F90,222470,80FD7D500,0.01,US Dollar,0.01,US Dollar,ACH,0,0.01
2022/09/01 00:15,331096,80FF4B350,221284,80FF360B0,0.01,US Dollar,0.01,US Dollar,ACH,0,0.01
2022/09/01 00:23,321475,8100314F0,115943,8100314A0,0.01,US Dollar,0.01,US Dollar,ACH,0,0.01
2022/09/01 00:29,319868,8100221B0,3718,810020030,0.01,US Dollar,0.01,US Dollar,ACH,0,0.01
2022/09/01 00:13,320764,810C281E0,124222,810C282D0,0.01,US Dollar,0.01,US Dollar,ACH,0,0.01
2022/09/01 00:18,327038,810CDD3E0,226659,810CDD390,0.15,US Dollar,0.15,US Dollar,ACH,0,0.15
2022/09/01 00:20,318169,810D642D0,124049,810D65080,0.01,US Dollar,0.01,US Dollar,ACH,0,0.01
2022/09/01 00:10,318839,811129F90,12966,811129F40,0.01,US Dollar,0.01,US Dollar,ACH,0,0.01
2022/09/01 00:29,347511,8114012E0,212996,8114051B0,0.02,US Dollar,0.02,US Dollar,ACH,0,0.02
2022/09/01 00:17,317375,8118FCD00,47642,8118FBFE0,0.01,US Dollar,0.01,US Dollar,ACH,0,0.01
2022/09/01 00:23,348727,811AEBAB0,8801,811B4FF60,0.01,US Dollar,0.01,US Dollar,ACH,0,0.01
2022/09/01 00:22,317101,811BB9AF0,238579,811BBAEC0,0.01,US Dollar,0.01,US Dollar,ACH,0,0.01
2022/09/01 00:07,311684,811BE2840,115771,811BE27F0,0.02,US Dollar,0.02,US Dollar,ACH,0,0.02
2022/09/01 00:20,340292,811C89E80,119973,811C88E50,0.08,US Dollar,0.08,US Dollar,ACH,0,0.08
2022/09/01 00:05,322155,811EF1810,234717,811EF1F80,0.01,US Dollar,0.01,US Dollar,ACH,0,0.01
2022/09/01 00:13,320434,81258A700,113016,81258DC20,0.04,US Dollar,0.04,US Dollar,ACH,0,0.04
2022/09/01 00:25,338925,8125DBE60,19589,8125DBE10,0.01,US Dollar,0.01,US Dollar,ACH,0,0.01
2022/09/01 00:12,346144,812AF7060,1217,812AF4D90,0.02,US Dollar,0.02,US Dollar,ACH,0,0.02
2022/09/01 00:14,329487,812D80EF0,28958,812D82EA0,0.01,US Dollar,0.01,US Dollar,ACH,0,0.01
2022/09/01 00:14,31787,812D6B8F0,219975,812D88900,0.01,US Dollar,0.01,US Dollar,ACH,0,0.01
2022/09/01 00:21,35219,813060440,18081,813060490,0.01,US Dollar,0.01,US Dollar,ACH,0,0.01
2022/09/01 00:19,333287,81365BFA0,236897,81365BC90,0.01,US Dollar,0.01,US Dollar,ACH,0,0.01
2022/09/01 00:08,312432,81398A470,31286,81398CFF0,0.01,US Dollar,0.01,US Dollar,ACH,0,0.01
2022/09/01 00:24,31999,8139A1BF0,133620,8139A1BA0,0.01,US Dollar,0.01,US Dollar,ACH,0,0.01
2022/09/01 00:04,32123,8141B99B0,22364,8141B9910,0.08,US Dollar,0.08,US Dollar,ACH,0,0.08
2022/09/01 00:02,343314,81434E0D0,124126,81434ED40,0.01,US Dollar,0.01,US Dollar,ACH,0,0.01
2022/09/01 00:01,353573,8147708B0,5206,81477BD40,0.01,US Dollar,0.01,US Dollar,ACH,0,0.01
2022/09/01 00:29,351687,814AB34B0,2545,814AB3A40,0.08,US Dollar,0.08,US Dollar,ACH,0,0.08
2022/09/01 00:00,320556,814B7B590,28168,814B78E50,0.01,US Dollar,0.01,US Dollar,ACH,0,0.01
2022/09/01 00:28,344100,81508DC30,238824,81508D260,0.03,US Dollar,0.03,US Dollar,ACH,0,0.03
2022/09/01 00:29,319494,81557C3F0,238352,815554D20,0.01,US Dollar,0.01,US Dollar,ACH,0,0.01
2022/09/01 00:11,358649,81565EB20,58361,81565EA80,0.03,US Dollar,0.03,US Dollar,ACH,0,0.03
2022/09/01 00:06,316217,8159C4E10,118699,8159C4DC0,0.01,US Dollar,0.01,US Dollar,ACH,0,0.01
2022/09/01 00:00,318993,815E26100,3597,815E2CC10,0.01,US Dollar,0.01,US Dollar,ACH,0,0.01
2022/09/01 00:14,313181,815EF8D30,19561,815EF8CE0,0.19,US Dollar,0.19,US Dollar,ACH,0,0.19
2022/09/01 00:28,328350,8160F2760,16866,8160F2FC0,0.01,US Dollar,0.01,US Dollar,ACH,0,0.01
2022/09/01 00:11,321562,8161CCB10,49280,8161E7010,0.01,US Dollar,0.01,US Dollar,ACH,0,0.01
2022/09/01 00:18,317183,8161E3A80,35798,8161E7320,0.01,US Dollar,0.01,US Dollar,ACH,0,0.01
2022/09/01 00:18,335847,816411110,118536,816429720,0.01,US Dollar,0.01,US Dollar,ACH,0,0.01
2022/09/01 00:25,310439,8164F7B80,18840,8164F1840,0.01,US Dollar,0.01,US Dollar,ACH,0,0.01
2022/09/01 00:06,340128,81689A7D0,113002,816945400,0.02,US Dollar,0.02,US Dollar,ACH,0,0.02
2022/09/01 00:07,361892,81693B580,33296,81693BF70,0.01,US Dollar,0.01,US Dollar,ACH,0,0.01
2022/09/01 00:06,361908,816952190,31286,816950D00,0.01,US Dollar,0.01,US Dollar,ACH,0,0.01
2022/09/01 00:16,315317,816AABED0,22129,816C1AA20,0.08,US Dollar,0.08,US Dollar,ACH,0,0.08
2022/09/01 00:27,342419,816E7EA40,18324,816E7E780,0.01,US Dollar,0.01,US Dollar,ACH,0,0.01
2022/09/01 00:21,33103,816ED4230,222559,816ED2320,0.01,US Dollar,0.01,US Dollar,ACH,0,0.01
2022/09/01 00:12,38474,816FC5420,219788,816FC9180,0.01,US Dollar,0.01,US Dollar,ACH,0,0.01
2022/09/01 00:08,338493,816F15380,338493,816F15380,0.01,US Dollar,0.01,Canadian Dollar,ACH,0,0.0076103500761035
2022/09/01 00:07,327520,81724EA90,3389,81724E450,0.02,US Dollar,0.02,US Dollar,ACH,0,0.02
2022/09/01 00:05,338020,8178A96A0,159853,8178A9B50,0.01,US Dollar,0.01,US Dollar,ACH,0,0.01
2022/09/01 00:22,349816,817EF5CA0,3597,817EF5B10,0.03,US Dollar,0.03,US Dollar,ACH,0,0.03
2022/09/01 00:10,336624,81822C190,143641,81822B430,0.01,US Dollar,0.01,US Dollar,ACH,0,0.01
2022/09/01 00:14,348062,8182B9B70,1422,8182C1B80,0.01,US Dollar,0.01,US Dollar,ACH,0,0.01
2022/09/01 00:28,331576,8188CD6E0,2860,8188CCF40,0.02,US Dollar,0.02,US Dollar,ACH,0,0.02
2022/09/01 00:28,322520,81895C550,1812,81895C500,0.01,US Dollar,0.01,US Dollar,ACH,0,0.01
2022/09/01 00:07,367556,80CCD9C40,18656,818B995C0,0.01,US Dollar,0.01,US Dollar,ACH,0,0.01
2022/09/01 00:09,334893,818BDF260,8106,818BDED60,0.01,US Dollar,0.01,US Dollar,ACH,0,0.01
2022/09/01 00:29,367769,818D03F90,13354,818D04A90,0.01,US Dollar,0.01,US Dollar,ACH,0,0.01
2022/09/01 00:15,36304,818F1BF20,210700,818F1BE80,0.04,US Dollar,0.04,US Dollar,ACH,0,0.04
2022/09/01 00:07,343315,81908BE10,146287,819082700,0.02,US Dollar,0.02,US Dollar,ACH,0,0.02
2022/09/01 00:01,31012,8194A1410,166516,8194A6060,0.32,US Dollar,0.32,US Dollar,ACH,0,0.32
2022/09/01 00:18,348786,81958C2E0,216796,81958BE10,0.01,US Dollar,0.01,US Dollar,ACH,0,0.01
2022/09/01 00:02,31776,80CE6F3B0,231651,80CE6F450,0.01,US Dollar,0.01,US Dollar,ACH,0,0.01
2022/09/01 00:05,339495,8197E5490,339495,8197E5490,0.03,US Dollar,0.04,Canadian Dollar,ACH,0,0.030441400304414
2022/09/01 00:03,336191,819AB36F0,16262,819B0D350,0.01,US Dollar,0.01,US Dollar,ACH,0,0.01
2022/09/01 00:23,362749,819B419F0,124049,819B68FB0,0.01,US Dollar,0.01,US Dollar,ACH,0,0.01
2022/09/01 00:01,34217,819D132C0,247270,819D14BB0,0.01,US Dollar,0.01,US Dollar,ACH,0,0.01
2022/09/01 00:11,329858,819DB9FC0,140981,819DB5F50,0.01,US Dollar,0.01,US Dollar,ACH,0,0.01
2022/09/01 00:20,315794,81A581460,166679,81A581820,0.01,US Dollar,0.01,US Dollar,ACH,0,0.01
2022/09/01 00:19,361892,81A5D7510,15355,81A5D74C0,0.01,US Dollar,0.01,US Dollar,ACH,0,0.01
2022/09/01 00:26,329287,81A9A5EC0,22435,81A9A5E70,0.01,US Dollar,0.01,US Dollar,ACH,0,0.01
2022/09/01 00:11,351666,81AE54C90,63363,81AE54D80,0.06,US Dollar,0.06,US Dollar,ACH,0,0.06
2022/09/01 00:27,373521,81AEDB730,246655,81AEDAE40,0.01,US Dollar,0.01,US Dollar,ACH,0,0.01
2022/09/01 00:19,373648,81AF765A0,31363,81AF76550,0.01,US Dollar,0.01,US Dollar,ACH,0,0.01
2022/09/01 00:27,3862,81B0BE1A0,36830,81B0B8460,0.01,US Dollar,0.01,US Dollar,ACH,0,0.01
2022/09/01 00:22,344022,81B13ED50,262622,81B135D80,0.01,US Dollar,0.01,US Dollar,ACH,0,0.01
2022/09/01 00:21,372585,81B27E8D0,26894,81B26D740,0.02,US Dollar,0.02,US Dollar,ACH,0,0.02
2022/09/01 00:10,323969,81B607A20,323969,81B607A20,0.01,US Dollar,0.41,Rupee,ACH,0,0.005154444765724199
2022/09/01 00:20,346816,81B619320,70588,81B618AB0,0.01,US Dollar,0.01,US Dollar,ACH,0,0.01
2022/09/01 00:18,334723,81B642FD0,334723,81B642FD0,0.01,US Dollar,0.01,UK Pound,ACH,0,0.011591246290801186
2022/09/01 00:20,311540,81B9DE610,20,81B9DE520,0.01,US Dollar,0.01,US Dollar,ACH,0,0.01
2022/09/01 00:28,374190,81C0F1320,124126,81C0EEE50,0.01,US Dollar,0.01,US Dollar,ACH,0,0.01
2022/09/01 00:21,3195,80030BFF0,498,80030BF50,0.14,Euro,0.14,Euro,ACH,0,0.13997200559888023
2022/09/01 00:12,3328,80038BCD0,11,8003A0F80,0.12,Euro,0.12,Euro,ACH,0,0.11997600479904019
2022/09/01 00:27,3666,800435A90,425,800435A40,0.01,Euro,0.01,Euro,ACH,0,0.009998000399920017
2022/09/01 00:07,3679,800449720,14,800449680,0.01,Euro,0.01,Euro,ACH,0,0.009998000399920017
2022/09/01 00:08,3607,800467CA0,14,80045ED60,0.01,Euro,0.01,Euro,ACH,0,0.009998000399920017
2022/09/01 00:08,3709,800450080,1768,8004479E0,0.02,Euro,0.02,Euro,ACH,0,0.019996000799840034
2022/09/01 00:14,20,80082FA20,600,800988D00,0.79,Euro,0.79,Euro,ACH,0,0.7898420315936813
2022/09/01 00:09,20,80082FA20,600,800988D00,0.24,Euro,0.24,Euro,Wire,0,0.23995200959808038
2022/09/01 00:17,0,800A1B3D0,2514,800D58AE0,0.09,Euro,0.09,Euro,ACH,0,0.08998200359928014
2022/09/01 00:21,423,80027F420,20,800EF8310,0.12,Euro,0.12,Euro,ACH,0,0.11997600479904019
2022/09/01 00:18,31746,80108F5C0,1720,80108FBB0,0.01,Euro,0.01,Euro,ACH,0,0.009998000399920017
2022/09/01 00:11,33280,8012E0E80,3,8012E02F0,0.01,Euro,0.01,Euro,ACH,0,0.009998000399920017
2022/09/01 00:04,33836,80166DAD0,1768,80162E890,0.01,Euro,0.01,Euro,ACH,0,0.009998000399920017
2022/09/01 00:29,33837,8017E2480,12202,8017E2520,0.02,Euro,0.02,Euro,ACH,0,0.019996000799840034
2022/09/01 00:14,32955,801868880,2514,801871A10,0.01,Euro,0.01,Euro,ACH,0,0.009998000399920017
2022/09/01 00:01,34188,801AA4FC0,1126,801AA46D0,0.02,Euro,0.02,Euro,ACH,0,0.019996000799840034
2022/09/01 00:02,32660,801B30910,11314,801B38A20,0.23,Euro,0.23,Euro,ACH,0,0.2299540091981604
2022/09/01 00:16,33480,801C84700,3,801C83C50,0.01,Euro,0.01,Euro,ACH,0,0.009998000399920017
2022/09/01 00:02,12055,800DBB280,12202,801CEAB60,0.02,Euro,0.02,Euro,Wire,0,0.019996000799840034
2022/09/01 00:18,34540,801D0A950,14213,801D0AA40,0.02,Euro,0.02,Euro,ACH,0,0.019996000799840034
2022/09/01 00:01,33045,801CFA7A0,12274,801D004E0,0.02,Euro,0.02,Euro,ACH,0,0.019996000799840034
2022/09/01 00:04,34188,801D2B190,1768,801D29520,0.01,Euro,0.01,Euro,ACH,0,0.009998000399920017
2022/09/01 00:29,35110,801D71A80,1126,801D71A30,0.02,Euro,0.02,Euro,ACH,0,0.019996000799840034
2022/09/01 00:01,33262,801EC3440,21876,801EBF680,0.01,Euro,0.01,Euro,ACH,0,0.009998000399920017
2022/09/01 00:11,32028,801F13850,11314,801F11A40,0.02,Euro,0.02,Euro,ACH,0,0.019996000799840034
2022/09/01 00:24,35442,801F674B0,1768,801F047C0,0.02,Euro,0.02,Euro,ACH,0,0.019996000799840034
2022/09/01 00:29,35448,801F73FC0,15400,801F74410,0.01,Euro,0.01,Euro,ACH,0,0.009998000399920017
2022/09/01 00:18,12386,801ADEA90,5383,801FE7570,0.85,Euro,0.85,Euro,Wire,0,0.8498300339932013
2022/09/01 00:28,20,801BEC450,425,801FFD4A0,0.13,Euro,0.13,Euro,ACH,0,0.1299740051989602
2022/09/01 00:14,31286,802016890,4308,802015400,0.02,Euro,0.02,Euro,ACH,0,0.019996000799840034
2022/09/01 00:09,34088,80202D850,15461,80202D940,0.01,Euro,0.01,Euro,ACH,0,0.009998000399920017
2022/09/01 00:25,36397,8024DD390,25634,8024DB260,0.01,Euro,0.01,Euro,ACH,0,0.009998000399920017
2022/09/01 00:29,36463,802536E60,1720,802537530,0.01,Euro,0.01,Euro,ACH,0,0.009998000399920017
2022/09/01 00:17,34060,80285FC60,14640,802867590,0.01,Euro,0.01,Euro,ACH,0,0.009998000399920017
2022/09/01 00:24,35545,8029DC390,11437,8029DB850,0.06,Euro,0.06,Euro,ACH,0,0.059988002399520096
2022/09/01 00:26,32955,802CE1AC0,11314,802CE1B60,0.01,Euro,0.01,Euro,ACH,0,0.009998000399920017
2022/09/01 00:27,34115,802F01930,14652,802F01CA0,0.01,Euro,0.01,Euro,ACH,0,0.009998000399920017
2022/09/01 00:19,35414,803081170,7839,8030815D0,0.01,Euro,0.01,Euro,ACH,0,0.009998000399920017
2022/09/01 00:22,35043,8032E2BB0,25788,803319A90,0.03,Euro,0.03,Euro,ACH,0,0.029994001199760048
2022/09/01 00:00,39394,8035EE280,18121,8035EE140,0.14,Euro,0.14,Euro,ACH,0,0.13997200559888023
2022/09/01 00:01,39452,80364CA70,1720,80364C0A0,0.02,Euro,0.02,Euro,ACH,0,0.019996000799840034
2022/09/01 00:27,34728,803698D10,12055,8036989A0,0.03,Euro,0.03,Euro,ACH,0,0.029994001199760048
2022/09/01 00:26,38548,80368B440,25307,803692AB0,0.01,Euro,0.01,Euro,ACH,0,0.009998000399920017
2022/09/01 00:06,310920,803F36620,25400,803F365D0,0.01,Euro,0.01,Euro,ACH,0,0.009998000399920017
2022/09/01 00:02,31470,80483C4E0,15461,80484C9B0,0.01,Euro,0.01,Euro,ACH,0,0.009998000399920017
2022/09/01 00:14,315381,80588FA20,3671,80588FBF0,0.01,Euro,0.01,Euro,ACH,0,0.009998000399920017
2022/09/01 00:15,3642,8058A4690,11,8058A02B0,0.01,Euro,0.01,Euro,ACH,0,0.009998000399920017
2022/09/01 00:27,311006,805A8D250,11437,805A8D200,0.03,Euro,0.03,Euro,ACH,0,0.029994001199760048
2022/09/01 00:16,36826,805B8B0E0,18076,805B8AE10,0.01,Euro,0.01,Euro,ACH,0,0.009998000399920017
2022/09/01 00:11,34748,805E73A60,17319,805E73A10,0.03,Euro,0.03,Euro,ACH,0,0.029994001199760048
2022/09/01 00:03,34484,80602C510,211362,8060318E0,0.02,Euro,0.02,Euro,ACH,0,0.019996000799840034
2022/09/01 00:06,3546,806579360,15516,806594A40,0.01,Euro,0.01,Euro,ACH,0,0.009998000399920017
2022/09/01 00:04,313061,806D2B390,313061,806D2B390,0.01,Euro,0.08,Yuan,ACH,0,0.011594202898550725
2022/09/01 00:14,34638,806DDFF20,18121,806DDC440,0.01,Euro,0.01,Euro,ACH,0,0.009998000399920017
2022/09/01 00:23,38510,8078A52E0,120478,8078A54C0,0.02,Euro,0.02,Euro,ACH,0,0.019996000799840034
2022/09/01 00:17,318311,8079A58C0,24070,8079A8560,0.02,Euro,0.02,Euro,ACH,0,0.019996000799840034
2022/09/01 00:03,321355,807BE25B0,19300,807BE5740,0.01,Euro,0.01,Euro,ACH,0,0.009998000399920017
2022/09/01 00:27,33836,807EA3D00,15109,807EA7920,0.06,Euro,0.06,Euro,ACH,0,0.059988002399520096
2022/09/01 00:10,3,800FCFD60,1390,808391B90,0.24,Euro,0.24,Euro,ACH,0,0.23995200959808038
2022/09/01 00:13,36398,8084B4700,20737,8084B4610,0.01,Euro,0.01,Euro,ACH,0,0.009998000399920017
2022/09/01 00:18,311006,808515CB0,214423,808516A80,0.01,Euro,0.01,Euro,ACH,0,0.009998000399920017
2022/09/01 00:25,35386,80893C5E0,215112,80893B930,0.01,Euro,0.01,Euro,ACH,0,0.009998000399920017
2022/09/01 00:29,324951,809137DA0,25307,80911DB90,0.03,Euro,0.03,Euro,ACH,0,0.029994001199760048
2022/09/01 00:12,32858,80937C560,214554,80937C330,0.01,Euro,0.01,Euro,ACH,0,0.009998000399920017
2022/09/01 00:21,35475,8041EC750,8884,80945F370,0.01,Euro,0.01,Euro,ACH,0,0.009998000399920017
2022/09/01 00:14,316351,8098851E0,17353,809885190,0.01,Euro,0.01,Euro,ACH,0,0.009998000399920017
2022/09/01 00:06,35955,80AF482C0,127004,80AF4B7B0,0.19,Euro,0.19,Euro,ACH,0,0.1899620075984803
2022/09/01 00:10,323419,80AF683A0,129759,80AF68350,0.02,Euro,0.02,Euro,ACH,0,0.019996000799840034
2022/09/01 00:28,317235,80B1C5AF0,19622,80B1B3BF0,0.04,Euro,0.04,Euro,ACH,0,0.03999200159968007
2022/09/01 00:13,321196,80B2A2ED0,118871,80B2A2F20,0.04,Euro,0.04,Euro,ACH,0,0.03999200159968007
2022/09/01 00:27,37436,80B57B710,220624,80B57B280,0.01,Euro,0.01,Euro,ACH,0,0.009998000399920017
2022/09/01 00:23,318819,80B581910,123496,80B57D570,0.01,Euro,0.01,Euro,ACH,0,0.009998000399920017
2022/09/01 00:18,32786,80B712530,27868,80B710A20,0.01,Euro,0.01,Euro,ACH,0,0.009998000399920017
2022/09/01 00:07,36512,80B87ACC0,25885,80B83F9C0,0.01,Euro,0.01,Euro,ACH,0,0.009998000399920017
2022/09/01 00:25,331836,80B95DA90,223762,80B903EE0,0.04,Euro,0.04,Euro,ACH,0,0.03999200159968007
2022/09/01 00:00,326182,80D0FF3F0,15763,80D0FFDC0,0.01,Euro,0.01,Euro,ACH,0,0.009998000399920017
2022/09/01 00:27,34679,80D17EC30,29908,80D1802B0,0.01,Euro,0.01,Euro,ACH,0,0.009998000399920017
2022/09/01 00:02,311302,80D470EA0,230233,80D470B50,0.04,Euro,0.04,Euro,ACH,0,0.03999200159968007
2022/09/01 00:19,311218,80D69EC40,22264,80D6B36C0,0.02,Euro,0.02,Euro,ACH,0,0.019996000799840034
2022/09/01 00:08,325492,80DCE3FB0,237160,80DCE3940,0.01,Euro,0.01,Euro,ACH,0,0.009998000399920017
2022/09/01 00:22,314965,80DE24CC0,14213,80DE249F0,0.12,Euro,0.12,Euro,ACH,0,0.11997600479904019
2022/09/01 00:22,311292,80DFEEB90,214554,80DFEEB40,0.01,Euro,0.01,Euro,ACH,0,0.009998000399920017
2022/09/01 00:02,37485,80E333FB0,11437,80E332FB0,0.03,Euro,0.03,Euro,ACH,0,0.029994001199760048
2022/09/01 00:28,32469,80E96AD50,33599,80E9526D0,0.03,Euro,0.03,Euro,ACH,0,0.029994001199760048
2022/09/01 00:07,330470,80E978EF0,235977,80E957C80,0.01,Euro,0.01,Euro,ACH,0,0.009998000399920017
2022/09/01 00:12,12,8086785F0,12,8086785F0,0.84,Euro,104.28,Yen,ACH,0,0.7483852447251328
2022/09/01 00:10,341073,80EE292C0,134852,80EE261D0,0.01,Euro,0.01,Euro,ACH,0,0.009998000399920017
2022/09/01 00:05,320075,80FFA2B70,116186,80FFA4B00,0.1,Euro,0.1,Euro,ACH,0,0.09998000399920016
2022/09/01 00:05,325313,810114A10,24643,810118E60,0.05,Euro,0.05,Euro,ACH,0,0.04999000199960008
2022/09/01 00:20,312250,8102A0670,33067,81029CE00,0.01,Euro,0.01,Euro,ACH,0,0.009998000399920017
2022/09/01 00:25,36323,8103D3860,17694,8103CE4C0,0.01,Euro,0.01,Euro,ACH,0,0.009998000399920017
2022/09/01 00:03,34534,8103D7E20,25400,810380DB0,0.03,Euro,0.03,Euro,ACH,0,0.029994001199760048
2022/09/01 00:18,336637,8109DA7E0,44720,8109D6E60,0.19,Euro,0.19,Euro,ACH,0,0.1899620075984803
2022/09/01 00:20,331226,811550B20,5383,811550C60,0.1,Euro,0.1,Euro,ACH,0,0.09998000399920016
2022/09/01 00:08,332530,81168ABA0,332530,81168ABA0,0.03,Euro,2.9,Ruble,ACH,0,0.048039491775307704
2022/09/01 00:08,332530,81168ABA0,138920,81168D3A0,0.03,Euro,0.03,Euro,ACH,0,0.029994001199760048
2022/09/01 00:13,334779,8116A7120,334779,8116A7120,0.02,Euro,0.02,UK Pound,ACH,0,0.023182492581602373
2022/09/01 00:13,334779,8116A7120,131371,8116AE350,0.02,Euro,0.02,Euro,ACH,0,0.019996000799840034
2022/09/01 00:10,32469,81199BF00,3671,81199B980,0.01,Euro,0.01,Euro,ACH,0,0.009998000399920017
2022/09/01 00:11,348589,811A158E0,15763,811A14DA0,0.02,Euro,0.02,Euro,ACH,0,0.019996000799840034
2022/09/01 00:27,348622,811A54680,1390,811A55090,0.03,Euro,0.03,Euro,ACH,0,0.029994001199760048
2022/09/01 00:02,348706,811AC7950,129044,811AA7FC0,0.02,Euro,0.02,Euro,ACH,0,0.019996000799840034
2022/09/01 00:25,349072,811D56AD0,222654,811D56A80,0.01,Euro,0.01,Euro,ACH,0,0.009998000399920017
2022/09/01 00:21,3709,8121445E0,15763,8121431E0,0.01,Euro,0.01,Euro,ACH,0,0.009998000399920017
2022/09/01 00:13,349741,81212B110,12274,81212A3D0,0.01,Euro,0.01,Euro,ACH,0,0.009998000399920017
2022/09/01 00:05,33734,8121F34F0,37567,8121F39A0,0.01,Euro,0.01,Euro,ACH,0,0.009998000399920017
2022/09/01 00:16,353505,813756430,137562,8137566F0,0.01,Euro,0.01,Euro,ACH,0,0.009998000399920017
2022/09/01 00:02,326271,8137684B0,112357,813768500,0.01,Euro,0.01,Euro,ACH,0,0.009998000399920017
2022/09/01 00:03,329870,814114460,143302,8141123E0,0.02,Euro,0.02,Euro,ACH,0,0.019996000799840034
2022/09/01 00:08,311693,814451270,217242,81446FBD0,0.01,Euro,0.01,Euro,ACH,0,0.009998000399920017
2022/09/01 00:06,331547,81458F630,244000,81458F680,0.07,Euro,0.07,Euro,ACH,0,0.06998600279944012
2022/09/01 00:28,355870,8145F8700,5724,8145C0060,0.01,Euro,0.01,Euro,ACH,0,0.009998000399920017
2022/09/01 00:20,345341,8147F9180,12503,8147F9130,0.01,Euro,0.01,Euro,ACH,0,0.009998000399920017
2022/09/01 00:17,336721,8150C8560,336721,8150C8560,0.08,Euro,0.12,Canadian Dollar,ACH,0,0.091324200913242
2022/09/01 00:17,336721,8150C8560,5312,8150C8380,0.08,Euro,0.08,Euro,ACH,0,0.07998400319936014
2022/09/01 00:00,32453,80F143E80,1768,8154EA240,0.03,Euro,0.03,Euro,ACH,0,0.029994001199760048
2022/09/01 00:22,335555,815AB2410,216208,815AB0570,0.01,Euro,0.01,Euro,ACH,0,0.009998000399920017
2022/09/01 00:13,319140,815BF8680,245509,815BFA0E0,0.01,Euro,0.01,Euro,ACH,0,0.009998000399920017
2022/09/01 00:22,337801,81647EA80,129044,81647EA30,0.01,Euro,0.01,Euro,ACH,0,0.009998000399920017
2022/09/01 00:28,35442,8164ADC30,150317,8164AD750,0.01,Euro,0.01,Euro,ACH,0,0.009998000399920017
2022/09/01 00:21,334520,8168E7130,252810,8168DD750,0.01,Euro,0.01,Euro,ACH,0,0.009998000399920017
2022/09/01 00:07,358380,8168B8D20,358380,8168B8D20,0.01,Euro,0.37,Mexican Peso,ACH,0,0.018326811630095596
2022/09/01 00:07,358380,8168B8D20,245411,8168B1810,0.01,Euro,0.01,Euro,ACH,0,0.009998000399920017
2022/09/01 00:28,37102,816D40B80,20737,816D40590,0.01,Euro,0.01,Euro,ACH,0,0.009998000399920017
2022/09/01 00:21,321823,816EA1A20,219353,816EA4910,0.01,Euro,0.01,Euro,ACH,0,0.009998000399920017
2022/09/01 00:09,353419,81739CDC0,223135,81739CE60,0.02,Euro,0.02,Euro,ACH,0,0.019996000799840034
2022/09/01 00:12,38040,8181473B0,237428,8181465C0,0.01,Euro,0.01,Euro,ACH,0,0.009998000399920017
2022/09/01 00:28,362174,8186C6B30,247343,8186C5A50,0.01,Euro,0.01,Euro,ACH,0,0.009998000399920017
2022/09/01 00:07,325785,818793540,225430,818793180,0.01,Euro,0.01,Euro,ACH,0,0.009998000399920017
2022/09/01 00:14,355536,8188F82F0,155635,8188F7D70,0.01,Euro,0.01,Euro,ACH,0,0.009998000399920017
2022/09/01 00:12,329266,818EA8840,120478,818EA87A0,0.01,Euro,0.01,Euro,ACH,0,0.009998000399920017
2022/09/01 00:17,341000,819093320,120229,819092590,0.01,Euro,0.01,Euro,ACH,0,0.009998000399920017
2022/09/01 00:14,325785,819579790,219353,819579570,0.01,Euro,0.01,Euro,ACH,0,0.009998000399920017
2022/09/01 00:14,316688,819BD1FC0,13590,819BD2150,0.01,Euro,0.01,Euro,ACH,0,0.009998000399920017
2022/09/01 00:25,321215,81A957E50,59585,81A956C50,0.01,Euro,0.01,Euro,ACH,0,0.009998000399920017
2022/09/01 00:07,36559,81AAB08D0,43642,81AAB0830,0.01,Euro,0.01,Euro,ACH,0,0.009998000399920017
2022/09/01 00:14,351875,81AE79E40,144840,81AE733C0,0.01,Euro,0.01,Euro,ACH,0,0.009998000399920017
2022/09/01 00:25,375342,81B92F7A0,162011,81B92F700,0.01,Euro,0.01,Euro,ACH,0,0.009998000399920017
2022/09/01 00:26,320663,81BDDAE00,256032,81BDA3B90,0.01,Euro,0.01,Euro,ACH,0,0.009998000399920017
2022/09/01 00:25,35505,802229BF0,27,80222A5A0,0.02,Yuan,0.02,Yuan,ACH,0,0.002898550724637681
2022/09/01 00:00,11,8028CF6B0,11,8028CF6B0,0.69,Euro,5.44,Yuan,ACH,0,0.7884057971014493
2022/09/01 00:13,35912,8028FF7B0,15,8028DD180,1.32,Yuan,1.32,Yuan,ACH,0,0.19130434782608696
2022/09/01 00:25,35939,802998BF0,11,80299A3A0,0.01,Yuan,0.01,Yuan,ACH,0,0.0014492753623188406
2022/09/01 00:03,37179,802C1C9F0,26922,802C29240,0.02,Yuan,0.02,Yuan,ACH,0,0.002898550724637681
2022/09/01 00:06,37042,802CD1B60,17768,802CD1B10,0.01,Yuan,0.01,Yuan,ACH,0,0.0014492753623188406
2022/09/01 00:06,37189,802CCA840,15168,802CD12E0,0.01,Yuan,0.01,Yuan,ACH,0,0.0014492753623188406
2022/09/01 00:19,37135,80316B2A0,17213,80317CEF0,0.02,Yuan,0.02,Yuan,ACH,0,0.002898550724637681
2022/09/01 00:06,37650,80317F640,12,80317F6E0,0.01,Yuan,0.01,Yuan,ACH,0,0.0014492753623188406
2022/09/01 00:01,37659,8033EECD0,15885,8033ED180,0.05,Yuan,0.05,Yuan,ACH,0,0.007246376811594203
2022/09/01 00:28,37130,8034344A0,17213,803430310,0.23,Yuan,0.23,Yuan,ACH,0,0.03333333333333333
2022/09/01 00:14,35070,803455640,15168,803455C50,0.01,Yuan,0.01,Yuan,ACH,0,0.0014492753623188406
2022/09/01 00:29,39040,8034275A0,7080,80344B270,0.06,Yuan,0.06,Yuan,ACH,0,0.008695652173913042
2022/09/01 00:22,35896,803462AD0,7082,803425B60,0.01,Yuan,0.01,Yuan,ACH,0,0.0014492753623188406
2022/09/01 00:13,37185,80355D340,17768,80355D2F0,0.01,Yuan,0.01,Yuan,ACH,0,0.0014492753623188406
2022/09/01 00:17,39266,80355C220,15168,8035694F0,0.03,Yuan,0.03,Yuan,ACH,0,0.004347826086956521
2022/09/01 00:18,39149,803581340,17768,80355F720,0.08,Yuan,0.08,Yuan,ACH,0,0.011594202898550725
2022/09/01 00:29,37583,8036CBE00,26,8036CC1E0,0.01,Yuan,0.01,Yuan,ACH,0,0.0014492753623188406
2022/09/01 00:10,39172,8036EEE40,5893,8036F0280,0.02,Yuan,0.02,Yuan,ACH,0,0.002898550724637681
2022/09/01 00:01,39163,80375E180,15885,80375E130,0.02,Yuan,0.02,Yuan,ACH,0,0.002898550724637681
2022/09/01 00:05,37769,803829110,17768,80382A580,0.03,Yuan,0.03,Yuan,ACH,0,0.004347826086956521
2022/09/01 00:23,39059,8037D94D0,9530,803914A00,0.01,Yuan,0.01,Yuan,ACH,0,0.0014492753623188406
2022/09/01 00:03,39875,8038B0430,5893,8037DC580,0.12,Yuan,0.12,Yuan,ACH,0,0.017391304347826084
2022/09/01 00:11,37145,803A74470,26,803A75D60,0.01,Yuan,0.01,Yuan,ACH,0,0.0014492753623188406
2022/09/01 00:22,39059,803AA1D50,17768,803AA18C0,0.02,Yuan,0.02,Yuan,ACH,0,0.002898550724637681
2022/09/01 00:18,37077,803ABEBA0,9534,803ABEB50,0.03,Yuan,0.03,Yuan,ACH,0,0.004347826086956521
2022/09/01 00:28,39577,803AC1740,26922,803AC11A0,0.02,Yuan,0.02,Yuan,ACH,0,0.002898550724637681
2022/09/01 00:17,310413,803BF5FB0,27425,803BF9780,0.01,Yuan,0.01,Yuan,ACH,0,0.0014492753623188406
2022/09/01 00:29,310463,803CA2F40,110265,803CA0A60,0.08,Yuan,0.08,Yuan,ACH,0,0.011594202898550725
2022/09/01 00:01,310593,803D0D2A0,26922,803D0D250,0.01,Yuan,0.01,Yuan,ACH,0,0.0014492753623188406
2022/09/01 00:14,310563,803D4D970,9534,803D625A0,2.69,Yuan,2.69,Yuan,ACH,0,0.3898550724637681
2022/09/01 00:17,37145,803DA27D0,26922,803DA2560,0.01,Yuan,0.01,Yuan,ACH,0,0.0014492753623188406
2022/09/01 00:06,310638,803E3F690,210277,803E3F6E0,0.24,Yuan,0.24,Yuan,ACH,0,0.03478260869565217
2022/09/01 00:14,39265,803E42A80,29779,803E3CB70,0.08,Yuan,0.08,Yuan,ACH,0,0.011594202898550725
2022/09/01 00:20,37576,803E45370,110198,803E3CD00,0.01,Yuan,0.01,Yuan,ACH,0,0.0014492753623188406
2022/09/01 00:19,310119,803E45500,110682,803E469D0,0.01,Yuan,0.01,Yuan,ACH,0,0.0014492753623188406
2022/09/01 00:10,39048,804000DA0,15885,804000780,0.01,Yuan,0.01,Yuan,ACH,0,0.0014492753623188406
2022/09/01 00:10,311059,8040374B0,110164,804036F20,0.05,Yuan,0.05,Yuan,ACH,0,0.007246376811594203
2022/09/01 00:20,39577,804077630,26922,804077590,0.02,Yuan,0.02,Yuan,ACH,0,0.002898550724637681
2022/09/01 00:08,311336,803D072C0,10073,803D07270,0.03,Yuan,0.03,Yuan,ACH,0,0.004347826086956521
2022/09/01 00:00,39531,804356B70,17768,804357770,0.06,Yuan,0.06,Yuan,ACH,0,0.008695652173913042
2022/09/01 00:07,310188,804430F40,210812,80442E9F0,0.01,Yuan,0.01,Yuan,ACH,0,0.0014492753623188406
2022/09/01 00:03,35896,804442710,10920,804442B20,0.01,Yuan,0.01,Yuan,ACH,0,0.0014492753623188406
2022/09/01 00:09,37189,80447DD80,110400,80447CEB0,0.07,Yuan,0.07,Yuan,ACH,0,0.010144927536231885
2022/09/01 00:17,311142,80449FC50,9530,80449FC00,0.01,Yuan,0.01,Yuan,ACH,0,0.0014492753623188406
2022/09/01 00:06,39165,80449D770,210277,80449D720,0.02,Yuan,0.02,Yuan,ACH,0,0.002898550724637681
2022/09/01 00:07,310463,8044CE620,26,804489730,0.06,Yuan,0.06,Yuan,ACH,0,0.008695652173913042
2022/09/01 00:28,310152,8044E9240,10311,8044E9A10,0.01,Yuan,0.01,Yuan,ACH,0,0.0014492753623188406
2022/09/01 00:15,311856,804679090,210824,804667AF0,0.01,Yuan,0.01,Yuan,ACH,0,0.0014492753623188406
2022/09/01 00:08,39266,8046BEDB0,29900,8046E2FE0,0.01,Yuan,0.01,Yuan,ACH,0,0.0014492753623188406
2022/09/01 00:08,35912,804700A10,10154,80472A660,0.01,Yuan,0.01,Yuan,ACH,0,0.0014492753623188406
2022/09/01 00:11,39985,804744E50,210484,80474D950,0.01,Yuan,0.01,Yuan,ACH,0,0.0014492753623188406
2022/09/01 00:09,312256,8046E8EA0,110198,804624630,0.02,Yuan,0.02,Yuan,ACH,0,0.002898550724637681
2022/09/01 00:13,39993,80472DD20,10154,80461F520,0.01,Yuan,0.01,Yuan,ACH,0,0.0014492753623188406
2022/09/01 00:02,310313,80472E730,110400,80462B0F0,0.01,Yuan,0.01,Yuan,ACH,0,0.0014492753623188406
2022/09/01 00:07,311737,8048267A0,12,8048270A0,0.04,Yuan,0.04,Yuan,ACH,0,0.005797101449275362
2022/09/01 00:09,39197,804833BA0,15,80485CEA0,0.01,Yuan,0.01,Yuan,ACH,0,0.0014492753623188406
2022/09/01 00:05,39149,8048F8C90,211564,804904A50,0.06,Yuan,0.06,Yuan,ACH,0,0.008695652173913042
2022/09/01 00:25,312602,804916EC0,26,8049166A0,0.02,Yuan,0.02,Yuan,ACH,0,0.002898550724637681
2022/09/01 00:10,312646,80494EA30,211860,80494E550,0.01,Yuan,0.01,Yuan,ACH,0,0.0014492753623188406
2022/09/01 00:19,39197,8049628B0,8997,8049625A0,0.06,Yuan,0.06,Yuan,ACH,0,0.008695652173913042
2022/09/01 00:02,310812,8049713F0,210858,8049713A0,0.11,Yuan,0.11,Yuan,ACH,0,0.015942028985507246
2022/09/01 00:23,310578,8049918E0,17213,804991840,0.03,Yuan,0.03,Yuan,ACH,0,0.004347826086956521
2022/09/01 00:06,39308,8049D81C0,7082,8049D8080,0.03,Yuan,0.03,Yuan,ACH,0,0.004347826086956521
2022/09/01 00:23,35505,804A07340,9096,804A072F0,0.01,Yuan,0.01,Yuan,ACH,0,0.0014492753623188406
2022/09/01 00:09,312234,804A41FD0,15168,804A32C00,0.07,Yuan,0.07,Yuan,ACH,0,0.010144927536231885
2022/09/01 00:21,311856,804AA8EC0,110299,804AA8E70,0.02,Yuan,0.02,Yuan,ACH,0,0.002898550724637681
2022/09/01 00:26,310464,804B9DF10,26922,804B9DEC0,0.02,Yuan,0.02,Yuan,ACH,0,0.002898550724637681
2022/09/01 00:15,312660,804BB0A20,19931,804BAEF40,0.02,Yuan,0.02,Yuan,ACH,0,0.002898550724637681
2022/09/01 00:25,310593,804AB6730,212405,804ABA680,0.01,Yuan,0.01,Yuan,ACH,0,0.0014492753623188406
2022/09/01 00:29,312847,804C1D680,5893,804C21730,0.01,Yuan,0.01,Yuan,ACH,0,0.0014492753623188406
2022/09/01 00:08,312809,804DD1BA0,210858,804DEE110,0.04,Yuan,0.04,Yuan,ACH,0,0.005797101449275362
2022/09/01 00:29,311118,804E0DD80,17213,804E21CF0,0.01,Yuan,0.01,Yuan,ACH,0,0.0014492753623188406
2022/09/01 00:20,39875,804EB2290,110164,804EAF540,0.01,Yuan,0.01,Yuan,ACH,0,0.0014492753623188406
2022/09/01 00:28,313644,804ECFEB0,10461,804ED0420,0.01,Yuan,0.01,Yuan,ACH,0,0.0014492753623188406
2022/09/01 00:10,12066,804DA5670,15168,804F226A0,0.83,Yuan,0.83,Yuan,ACH,0,0.12028985507246376
2022/09/01 00:00,312660,804F5F1C0,110080,804F5F830,0.01,Yuan,0.01,Yuan,ACH,0,0.0014492753623188406
2022/09/01 00:03,39265,804F632C0,12307,804F631D0,0.03,Yuan,0.03,Yuan,ACH,0,0.004347826086956521
2022/09/01 00:21,39701,804F87860,112857,804F88190,0.01,Yuan,0.01,Yuan,ACH,0,0.0014492753623188406
2022/09/01 00:12,37145,804F960A0,210277,804F683C0,0.01,Yuan,0.01,Yuan,ACH,0,0.0014492753623188406
2022/09/01 00:15,311902,804FF4DF0,212642,805009FF0,0.01,Yuan,0.01,Yuan,ACH,0,0.0014492753623188406
2022/09/01 00:10,313946,805091B50,26922,805091480,0.01,Yuan,0.01,Yuan,ACH,0,0.0014492753623188406
2022/09/01 00:11,39873,805155AE0,692,805155A90,0.01,Yuan,0.01,Yuan,ACH,0,0.0014492753623188406
2022/09/01 00:00,310563,80515F3E0,110593,80515F170,0.06,Yuan,0.06,Yuan,ACH,0,0.008695652173913042
2022/09/01 00:20,39242,805165E50,212405,804D88A50,0.08,Yuan,0.08,Yuan,ACH,0,0.011594202898550725
2022/09/01 00:05,310103,805167210,211860,805173E00,0.01,Yuan,0.01,Yuan,ACH,0,0.0014492753623188406
2022/09/01 00:11,313964,8051AC170,10073,8051A8630,0.34,Yuan,0.34,Yuan,ACH,0,0.04927536231884058
2022/09/01 00:19,314230,80520DB30,13255,80520D9A0,0.01,Yuan,0.01,Yuan,ACH,0,0.0014492753623188406
2022/09/01 00:16,311108,80526A680,29900,80525FB40,0.01,Yuan,0.01,Yuan,ACH,0,0.0014492753623188406
2022/09/01 00:24,37179,8051196C0,27356,80511B350,0.08,Yuan,0.08,Yuan,ACH,0,0.011594202898550725
2022/09/01 00:28,314306,805274450,11016,805274220,0.03,Yuan,0.03,Yuan,ACH,0,0.004347826086956521
2022/09/01 00:13,310463,8052924A0,9976,805292360,0.06,Yuan,0.06,Yuan,ACH,0,0.008695652173913042
2022/09/01 00:11,313534,8052E6A80,212642,8052E6990,0.04,Yuan,0.04,Yuan,ACH,0,0.005797101449275362
2022/09/01 00:06,313624,80537FD50,13218,805380250,1.34,Yuan,1.34,Yuan,ACH,0,0.19420289855072465
2022/09/01 00:06,311737,80537ACB0,27425,80537AE90,0.71,Yuan,0.71,Yuan,ACH,0,0.10289855072463767
2022/09/01 00:08,314550,8053DB360,12143,8053D6B80,0.01,Yuan,0.01,Yuan,ACH,0,0.0014492753623188406
2022/09/01 00:16,37179,8053DD050,11587,8053E1590,0.01,Yuan,0.01,Yuan,ACH,0,0.0014492753623188406
2022/09/01 00:28,311065,80541B700,110593,80541CFC0,0.03,Yuan,0.03,Yuan,ACH,0,0.004347826086956521
2022/09/01 00:25,314212,805486980,114188,805487ED0,0.02,Yuan,0.02,Yuan,ACH,0,0.002898550724637681
2022/09/01 00:28,311390,8054B87F0,110682,8054B86B0,0.06,Yuan,0.06,Yuan,ACH,0,0.008695652173913042
2022/09/01 00:11,37671,805362A50,9856,805418B30,0.04,Yuan,0.04,Yuan,ACH,0,0.005797101449275362
2022/09/01 00:15,39265,8054FBE50,110299,8054F8EE0,0.76,Yuan,0.76,Yuan,ACH,0,0.11014492753623188
2022/09/01 00:13,313522,80684CE80,13856,806836170,0.01,Yuan,0.01,Yuan,ACH,0,0.0014492753623188406
2022/09/01 00:11,310564,806D1FA30,29900,806D1FFE0,0.01,Yuan,0.01,Yuan,ACH,0,0.0014492753623188406
2022/09/01 00:24,32487,806EA4F40,110299,806EA56C0,0.01,Yuan,0.01,Yuan,ACH,0,0.0014492753623188406
2022/09/01 00:17,319869,80730D5B0,113667,80730D780,0.01,Yuan,0.01,Yuan,ACH,0,0.0014492753623188406
2022/09/01 00:08,320931,807D70E70,320931,807D70E70,0.01,Yuan,0.16,Yen,ACH,0,0.0011482704176833645
2022/09/01 00:20,317433,807EF4A60,317433,807EF4A60,0.04,Yuan,0.65,Yen,ACH,0,0.004664848571838668
2022/09/01 00:20,317433,807EF4A60,210824,807EF3DE0,0.04,Yuan,0.04,Yuan,ACH,0,0.005797101449275362
2022/09/01 00:01,315066,808FEB080,14351,808FEAF40,0.01,Yuan,0.01,Yuan,ACH,0,0.0014492753623188406
2022/09/01 00:14,39577,8097ACCB0,211204,8097A03D0,0.08,Yuan,0.08,Yuan,ACH,0,0.011594202898550725
2022/09/01 00:25,313946,80981EBB0,19521,80981EAC0,0.01,Yuan,0.01,Yuan,ACH,0,0.0014492753623188406
2022/09/01 00:16,326254,8098DC5F0,10920,8098D7260,0.02,Yuan,0.02,Yuan,ACH,0,0.002898550724637681
2022/09/01 00:13,310754,809B8B960,211564,809B8C240,0.01,Yuan,0.01,Yuan,ACH,0,0.0014492753623188406
2022/09/01 00:04,39577,809B98950,27,809B98D60,0.01,Yuan,0.01,Yuan,ACH,0,0.0014492753623188406
2022/09/01 00:08,323272,80AAC2CE0,114417,80AAC2D30,0.01,Yuan,0.01,Yuan,ACH,0,0.0014492753623188406
2022/09/01 00:14,34814,80B1C0110,29900,80B1C1FD0,0.03,Yuan,0.03,Yuan,ACH,0,0.004347826086956521
2022/09/01 00:17,313451,804881450,127461,804880470,0.4,Yuan,0.4,Yuan,ACH,0,0.057971014492753624
2022/09/01 00:27,39371,80489AC70,114417,80489AB30,0.02,Yuan,0.02,Yuan,ACH,0,0.002898550724637681
2022/09/01 00:29,310351,80BC8F040,113804,80BC8FBE0,0.06,Yuan,0.06,Yuan,ACH,0,0.008695652173913042
2022/09/01 00:09,312708,80C2ADF00,110682,80C2ADE10,0.16,Yuan,0.16,Yuan,ACH,0,0.02318840579710145
2022/09/01 00:08,328968,80D53AD70,110593,80D543400,0.03,Yuan,0.03,Yuan,ACH,0,0.004347826086956521
2022/09/01 00:07,37184,80D93DCA0,113804,80D93D9E0,0.02,Yuan,0.02,Yuan,ACH,0,0.002898550724637681
2022/09/01 00:21,313231,80E8080B0,29844,80E807A20,0.01,Yuan,0.01,Yuan,ACH,0,0.0014492753623188406
2022/09/01 00:15,39059,80ED3D920,9096,80ED3D120,0.06,Yuan,0.06,Yuan,ACH,0,0.008695652173913042
2022/09/01 00:27,39701,80FA388B0,212642,80FA389A0,0.02,Yuan,0.02,Yuan,ACH,0,0.002898550724637681
2022/09/01 00:13,39541,80FA5A7B0,210277,80FA8EC50,0.03,Yuan,0.03,Yuan,ACH,0,0.004347826086956521
2022/09/01 00:27,343161,80FAA3720,7080,80FA65270,0.15,Yuan,0.15,Yuan,ACH,0,0.021739130434782608
2022/09/01 00:10,310504,8115EDCB0,138046,8115ECE60,0.27,Yuan,0.27,Yuan,ACH,0,0.0391304347826087
2022/09/01 00:02,312656,81172AF40,237643,81172AEF0,0.05,Yuan,0.05,Yuan,ACH,0,0.007246376811594203
2022/09/01 00:02,37679,811751600,112827,811755F30,0.09,Yuan,0.09,Yuan,ACH,0,0.013043478260869565
2022/09/01 00:21,311856,81214F950,8997,81214F900,0.04,Yuan,0.04,Yuan,ACH,0,0.005797101449275362
2022/09/01 00:07,314181,81544C790,14351,815444ED0,0.01,Yuan,0.01,Yuan,ACH,0,0.0014492753623188406
2022/09/01 00:12,313534,815A978E0,19931,815A862D0,0.03,Yuan,0.03,Yuan,ACH,0,0.004347826086956521
2022/09/01 00:15,359542,815B66700,113394,815B65230,0.01,Yuan,0.01,Yuan,ACH,0,0.0014492753623188406
2022/09/01 00:03,39266,816552560,110134,8165524C0,0.19,Yuan,0.19,Yuan,ACH,0,0.02753623188405797
2022/09/01 00:15,313548,816551960,60104,8165517D0,0.03,Yuan,0.03,Yuan,ACH,0,0.004347826086956521
2022/09/01 00:26,313950,817BE6190,110682,817BE8440,0.17,Yuan,0.17,Yuan,ACH,0,0.02463768115942029
2022/09/01 00:13,310812,817BEF310,112857,817BEF270,0.01,Yuan,0.01,Yuan,ACH,0,0.0014492753623188406
2022/09/01 00:17,314229,817BFCFF0,112646,817BFCEB0,0.01,Yuan,0.01,Yuan,ACH,0,0.0014492753623188406
2022/09/01 00:23,312316,817C05210,14449,817C04B80,0.02,Yuan,0.02,Yuan,ACH,0,0.002898550724637681
2022/09/01 00:18,312777,81923B290,225788,819252380,0.02,Yuan,0.02,Yuan,ACH,0,0.002898550724637681
2022/09/01 00:25,39371,819253C50,13218,819245240,0.56,Yuan,0.56,Yuan,ACH,0,0.08115942028985508
2022/09/01 00:03,312480,81966AA90,228493,81966D200,0.01,Yuan,0.01,Yuan,ACH,0,0.0014492753623188406
2022/09/01 00:22,369393,819669450,147382,81966A200,0.01,Yuan,0.01,Yuan,ACH,0,0.0014492753623188406
2022/09/01 00:02,345434,819FD29D0,26,819FD3330,0.03,Yuan,0.03,Yuan,ACH,0,0.004347826086956521
2022/09/01 00:23,312544,819FD4F30,115329,819FDE030,0.01,Yuan,0.01,Yuan,ACH,0,0.0014492753623188406
2022/09/01 00:05,312777,819FEA0D0,114417,81A028500,0.1,Yuan,0.1,Yuan,ACH,0,0.014492753623188406
2022/09/01 00:21,314550,81A93B400,110682,81A938D00,0.25,Yuan,0.25,Yuan,ACH,0,0.036231884057971016
2022/09/01 00:09,38980,81ADE04A0,228716,81ADDEC40,0.01,Yuan,0.01,Yuan,ACH,0,0.0014492753623188406
2022/09/01 00:20,313470,81AFCEF00,162169,81AFD3CC0,0.05,Yuan,0.05,Yuan,ACH,0,0.007246376811594203
2022/09/01 00:14,310349,81B358E40,112827,81B358BD0,0.19,Yuan,0.19,Yuan,ACH,0,0.02753623188405797
2022/09/01 00:12,313674,81B8381D0,19521,81B85CCF0,0.01,Yuan,0.01,Yuan,ACH,0,0.0014492753623188406
2022/09/01 00:13,311043,804013960,4,804013DA0,0.8,Yen,0.8,Yen,ACH,0,0.005741352088416822
2022/09/01 00:20,39518,804570010,29592,804576090,0.05,Yen,0.05,Yen,ACH,0,0.0003588345055260514
2022/09/01 00:24,312039,8045AE890,13,80451C8C0,1.08,Yen,1.08,Yen,ACH,0,0.00775082531936271
2022/09/01 00:01,39918,8045B4310,19856,804595560,0.75,Yen,0.75,Yen,ACH,0,0.00538251758289077
2022/09/01 00:10,315640,8059E2C90,12,8059D74D0,2.71,Yen,2.71,Yen,ACH,0,0.019448830199511984
2022/09/01 00:21,312347,805A52360,4,805A51B20,0.03,Yen,0.03,Yen,ACH,0,0.0002153007033156308
2022/09/01 00:16,315908,805B66DD0,11832,805B66EC0,0.03,Yen,0.03,Yen,ACH,0,0.0002153007033156308
2022/09/01 00:11,315529,805BCB5D0,19856,805BCB4E0,0.02,Yen,0.02,Yen,ACH,0,0.00014353380221042057
2022/09/01 00:09,39518,805BE2F90,4,805BE2B90,0.06,Yen,0.06,Yen,ACH,0,0.0004306014066312616
2022/09/01 00:06,315893,805C02060,19836,805BFF960,0.03,Yen,0.03,Yen,ACH,0,0.0002153007033156308
2022/09/01 00:07,315893,805C1CE40,4,805C1CCB0,0.01,Yen,0.01,Yen,ACH,0,7.176690110521028e-05
2022/09/01 00:14,315725,805BFCA30,19856,805BC6490,0.11,Yen,0.11,Yen,ACH,0,0.000789435912157313
2022/09/01 00:05,311032,805B6B0A0,29640,805C5D790,0.22,Yen,0.22,Yen,ACH,0,0.001578871824314626
2022/09/01 00:29,315910,8059CF760,4,8059CE720,0.02,Yen,0.02,Yen,ACH,0,0.00014353380221042057
2022/09/01 00:01,316010,806426860,15726,806426A90,0.07,Yen,0.07,Yen,ACH,0,0.0005023683077364719
2022/09/01 00:01,317472,8064A0990,15745,8064A5A80,0.05,Yen,0.05,Yen,ACH,0,0.0003588345055260514
2022/09/01 00:19,317086,8064C3EC0,13,8064C2CE0,0.06,Yen,0.06,Yen,ACH,0,0.0004306014066312616
2022/09/01 00:29,315923,8064CA1A0,217073,8064CA100,0.04,Yen,0.04,Yen,ACH,0,0.00028706760442084113
2022/09/01 00:21,315736,8064D32F0,15726,8064D30C0,0.33,Yen,0.33,Yen,ACH,0,0.002368307736471939
2022/09/01 00:23,315972,80649FE90,215278,806471C80,0.12,Yen,0.12,Yen,ACH,0,0.0008612028132625232
2022/09/01 00:07,317693,806619A10,15745,806619920,0.09,Yen,0.09,Yen,ACH,0,0.0006459021099468925
2022/09/01 00:19,4,8059F0710,117284,806626560,6.54,Yen,6.54,Yen,Wire,0,0.04693555332280752
2022/09/01 00:22,317724,806629510,15745,80665B5D0,0.05,Yen,0.05,Yen,ACH,0,0.0003588345055260514
2022/09/01 00:17,315736,806696710,13,806697820,0.33,Yen,0.33,Yen,ACH,0,0.002368307736471939
2022/09/01 00:12,317298,806731D20,215620,80672DD10,0.44,Yen,0.44,Yen,ACH,0,0.003157743648629252
2022/09/01 00:24,39518,80675EA60,18,80675EBA0,0.03,Yen,0.03,Yen,ACH,0,0.0002153007033156308
2022/09/01 00:15,315640,80678DE40,115648,80678BD70,0.14,Yen,0.14,Yen,ACH,0,0.0010047366154729439
2022/09/01 00:09,315627,8067C13F0,11832,8067B8F60,0.04,Yen,0.04,Yen,ACH,0,0.00028706760442084113
2022/09/01 00:17,312347,8067F7710,29592,8067FBB90,0.05,Yen,0.05,Yen,ACH,0,0.0003588345055260514
2022/09/01 00:18,317971,8067FF920,17579,806800C70,0.04,Yen,0.04,Yen,ACH,0,0.00028706760442084113
2022/09/01 00:03,315892,806801950,15745,8067FDE20,0.66,Yen,0.66,Yen,ACH,0,0.004736615472943878
2022/09/01 00:23,310658,806814D10,215278,806814490,3.0,Yen,3.0,Yen,ACH,0,0.02153007033156308
2022/09/01 00:04,317804,8067E2350,215620,8067E36D0,0.1,Yen,0.1,Yen,ACH,0,0.0007176690110521028
2022/09/01 00:02,312075,806811F80,15740,8067DAAA0,0.04,Yen,0.04,Yen,ACH,0,0.00028706760442084113
2022/09/01 00:01,318028,8068304F0,217073,80682ECD0,0.16,Yen,0.16,Yen,ACH,0,0.0011482704176833645
2022/09/01 00:06,317729,80688B4B0,17380,80688B320,0.73,Yen,0.73,Yen,ACH,0,0.00523898378068035
2022/09/01 00:13,39918,8068AE9F0,117960,8068ADB30,0.14,Yen,0.14,Yen,ACH,0,0.0010047366154729439
2022/09/01 00:02,317110,8068A4AA0,116914,8068A4A50,0.54,Yen,0.54,Yen,ACH,0,0.003875412659681355
2022/09/01 00:22,315643,80693DD00,117960,80694B310,0.57,Yen,0.57,Yen,ACH,0,0.004090713362996985
2022/09/01 00:09,318214,806955B80,117743,806955AE0,0.19,Yen,0.19,Yen,ACH,0,0.0013635711209989952
2022/09/01 00:27,315892,806995000,216654,806992160,0.15,Yen,0.15,Yen,ACH,0,0.001076503516578154
2022/09/01 00:04,318021,806997A80,215557,80698D380,0.58,Yen,0.58,Yen,ACH,0,0.0041624802641021955
2022/09/01 00:24,317802,8069B70C0,18,8069B7800,0.13,Yen,0.13,Yen,ACH,0,0.0009329697143677337
2022/09/01 00:26,310658,80695DBC0,215478,8069CA470,0.65,Yen,0.65,Yen,ACH,0,0.004664848571838668
2022/09/01 00:08,318382,806A67020,118066,806A5C310,0.18,Yen,0.18,Yen,ACH,0,0.001291804219893785
2022/09/01 00:08,315736,806A72750,215557,806A71BB0,0.5,Yen,0.5,Yen,ACH,0,0.0035883450552605138
2022/09/01 00:14,311032,806A79AD0,118088,806A7A250,0.5,Yen,0.5,Yen,ACH,0,0.0035883450552605138
2022/09/01 00:20,318095,806B78860,117946,806B1CB70,0.51,Yen,0.51,Yen,ACH,0,0.003660111956365724
2022/09/01 00:18,315789,806F7E270,215478,806F7E1D0,0.03,Yen,0.03,Yen,ACH,0,0.0002153007033156308
2022/09/01 00:06,319273,806FC0460,119073,806FC03C0,0.05,Yen,0.05,Yen,ACH,0,0.0003588345055260514
2022/09/01 00:05,311043,806FC26B0,118213,806FBE400,6.1,Yen,6.1,Yen,ACH,0,0.04377780967417826
2022/09/01 00:14,317971,80719AD70,217662,80719AC80,0.01,Yen,0.01,Yen,ACH,0,7.176690110521028e-05
2022/09/01 00:26,318224,807197320,18256,8071968C0,0.04,Yen,0.04,Yen,ACH,0,0.00028706760442084113
2022/09/01 00:00,319198,80722EAC0,117912,80722E8E0,0.28,Yen,0.28,Yen,ACH,0,0.0020094732309458877
2022/09/01 00:06,317110,8071A1C40,17180,8072374E0,0.08,Yen,0.08,Yen,ACH,0,0.0005741352088416823
2022/09/01 00:23,318389,807985B20,17096,8079FCC00,0.06,Yen,0.06,Yen,ACH,0,0.0004306014066312616
2022/09/01 00:00,320998,8079F6A00,215278,8079FB530,0.03,Yen,0.03,Yen,ACH,0,0.0002153007033156308
2022/09/01 00:04,321079,807A6D9E0,220421,807A2AE60,0.57,Yen,0.57,Yen,ACH,0,0.004090713362996985
2022/09/01 00:12,12,805C51540,117912,807E687A0,0.68,Yen,0.68,Yen,ACH,0,0.004880149275154299
2022/09/01 00:00,317807,807ED21C0,117946,807ED1A90,0.31,Yen,0.31,Yen,ACH,0,0.0022247739342615186
2022/09/01 00:20,316008,807EDCBD0,11832,807EDC380,0.06,Yen,0.06,Yen,ACH,0,0.0004306014066312616
2022/09/01 00:24,315529,807EEB040,29572,807EF5E90,0.01,Yen,0.01,Yen,ACH,0,7.176690110521028e-05
2022/09/01 00:19,318089,807F14250,11832,807F13E50,0.06,Yen,0.06,Yen,ACH,0,0.0004306014066312616
2022/09/01 00:22,312070,807F2D2A0,18935,807F2C740,0.05,Yen,0.05,Yen,ACH,0,0.0003588345055260514
2022/09/01 00:08,321767,807F77A30,29640,807F7ABD0,0.11,Yen,0.11,Yen,ACH,0,0.000789435912157313
2022/09/01 00:22,321007,807F89B00,20511,807F881C0,0.6,Yen,0.6,Yen,ACH,0,0.004306014066312616
2022/09/01 00:19,317906,807F8F560,121254,807F85110,0.24,Yen,0.24,Yen,ACH,0,0.0017224056265250465
2022/09/01 00:03,317113,807FB1230,12,807FB11E0,1.27,Yen,1.27,Yen,ACH,0,0.009114396440361706
2022/09/01 00:16,13,8038C8B00,11832,807FC66B0,116.58,Yen,116.58,Yen,ACH,0,0.8366585330845414
2022/09/01 00:09,321981,807FE6370,118088,807FE4960,0.15,Yen,0.15,Yen,ACH,0,0.001076503516578154
2022/09/01 00:22,322061,80804FB40,221493,80804A600,0.04,Yen,0.04,Yen,ACH,0,0.00028706760442084113
2022/09/01 00:21,318010,8080A3670,216654,8080A0E40,0.02,Yen,0.02,Yen,ACH,0,0.00014353380221042057
2022/09/01 00:25,317110,8080808F0,118088,808080760,0.23,Yen,0.23,Yen,ACH,0,0.0016506387254198365
2022/09/01 00:11,322094,80807F750,216654,808118DC0,0.37,Yen,0.37,Yen,ACH,0,0.0026553753408927803
2022/09/01 00:16,320939,808130860,118088,80812F890,0.29,Yen,0.29,Yen,ACH,0,0.0020812401320510977
2022/09/01 00:02,320922,8081B3B00,215278,808181090,0.04,Yen,0.04,Yen,ACH,0,0.00028706760442084113
2022/09/01 00:21,322345,8081C3C80,21479,8081C3C30,0.02,Yen,0.02,Yen,ACH,0,0.00014353380221042057
2022/09/01 00:16,322380,8081F3860,118088,8081F5790,0.19,Yen,0.19,Yen,ACH,0,0.0013635711209989952
2022/09/01 00:28,322280,80829BBF0,221911,805C46850,0.04,Yen,0.04,Yen,ACH,0,0.00028706760442084113
2022/09/01 00:14,317363,8081BD1B0,221585,8081BCFD0,0.09,Yen,0.09,Yen,ACH,0,0.0006459021099468925
2022/09/01 00:00,322618,80836C2D0,19856,80836E470,0.03,Yen,0.03,Yen,ACH,0,0.0002153007033156308
2022/09/01 00:21,322173,808389480,117912,808378D60,0.05,Yen,0.05,Yen,ACH,0,0.0003588345055260514
2022/09/01 00:22,311032,8083AE460,117286,8083AED20,0.21,Yen,0.21,Yen,ACH,0,0.0015071049232094158
2022/09/01 00:23,317906,8083C6760,221911,8083C66C0,0.01,Yen,0.01,Yen,ACH,0,7.176690110521028e-05
2022/09/01 00:10,319221,8083E06C0,117743,8083E1220,0.03,Yen,0.03,Yen,ACH,0,0.0002153007033156308
2022/09/01 00:06,323182,80869F2F0,221840,80869AA30,0.54,Yen,0.54,Yen,ACH,0,0.003875412659681355
2022/09/01 00:19,321925,8086AC1B0,17380,8086AA600,0.04,Yen,0.04,Yen,ACH,0,0.00028706760442084113
2022/09/01 00:14,320922,8086B5340,215620,8086B5D30,0.09,Yen,0.09,Yen,ACH,0,0.0006459021099468925
2022/09/01 00:22,322345,8086C8FD0,15740,8086C8CC0,0.07,Yen,0.07,Yen,ACH,0,0.0005023683077364719
2022/09/01 00:09,317870,8086DB0D0,21652,8086DA1B0,0.03,Yen,0.03,Yen,ACH,0,0.0002153007033156308
2022/09/01 00:03,318225,8086E1350,23,8086E84A0,0.03,Yen,0.03,Yen,ACH,0,0.0002153007033156308
2022/09/01 00:15,322326,80871CB80,118213,806A3AA70,0.1,Yen,0.1,Yen,ACH,0,0.0007176690110521028
2022/09/01 00:09,321829,80874BE30,221585,808749130,0.67,Yen,0.67,Yen,ACH,0,0.0048083823740490885
2022/09/01 00:14,322224,8087C2820,15740,8087C27D0,0.02,Yen,0.02,Yen,ACH,0,0.00014353380221042057
2022/09/01 00:05,322760,8156ED930,13,8156ED8E0,0.11,Yen,0.11,Yen,ACH,0,0.000789435912157313
2022/09/01 00:06,358761,81570F0B0,21833,8157136F0,0.02,Yen,0.02,Yen,ACH,0,0.00014353380221042057
2022/09/01 00:14,322330,815743EB0,17180,815743C30,0.55,Yen,0.55,Yen,ACH,0,0.003947179560786565
2022/09/01 00:28,358784,81574B3A0,21334,8157376B0,0.02,Yen,0.02,Yen,ACH,0,0.00014353380221042057
2022/09/01 00:07,324889,815750760,324889,815750760,0.01,Yen,0.01,Rupee,ACH,0,0.00012571816501766338
2022/09/01 00:07,324889,815750760,29572,81574E3C0,0.01,Yen,0.01,Yen,ACH,0,7.176690110521028e-05
2022/09/01 00:08,358866,8162DA8C0,21886,8162DA6E0,0.01,Yen,0.01,Yen,ACH,0,7.176690110521028e-05
2022/09/01 00:25,324139,809A66BA0,226259,809D3E540,0.02,Rupee,0.02,Rupee,ACH,0,0.00025143633003532677
2022/09/01 00:09,326901,809CAF690,123824,809A64D40,0.2,Rupee,0.2,Rupee,ACH,0,0.002514363300353268
2022/09/01 00:25,329291,80AA84300,224699,80AA86070,0.08,Rupee,0.08,Rupee,ACH,0,0.001005745320141307
2022/09/01 00:13,329718,80ACE9B70,224699,80AC7C1A0,0.03,Rupee,0.03,Rupee,ACH,0,0.0003771544950529902
2022/09/01 00:17,319735,8072B8960,25,8072B9070,0.01,Rupee,0.01,Rupee,ACH,0,0.00012571816501766338
2022/09/01 00:08,319966,8089F11A0,119699,8089F0440,0.04,Rupee,0.04,Rupee,ACH,0,0.0005028726600706535
2022/09/01 00:27,323726,8089F7050,19413,808A00A00,0.2,Rupee,0.2,Rupee,ACH,0,0.002514363300353268
2022/09/01 00:17,323713,808A04BC0,119699,808A00AA0,0.16,Rupee,0.16,Rupee,ACH,0,0.002011490640282614
2022/09/01 00:21,323664,8089DB740,119732,808A0D950,0.28,Rupee,0.28,Rupee,ACH,0,0.0035201086204945755
2022/09/01 00:25,319974,8089DEB80,2,808A0EEB0,0.04,Rupee,0.04,Rupee,ACH,0,0.0005028726600706535
2022/09/01 00:06,319846,8089AF480,119699,808A3E4A0,0.03,Rupee,0.03,Rupee,ACH,0,0.0003771544950529902
2022/09/01 00:05,319802,808AC4FE0,123260,808A9EDF0,0.32,Rupee,0.32,Rupee,ACH,0,0.004022981280565228
2022/09/01 00:07,323754,808AE8F90,19413,808AE8E50,0.01,Rupee,0.01,Rupee,ACH,0,0.00012571816501766338
2022/09/01 00:04,323811,808B06CE0,19414,808B0AB40,1.03,Rupee,1.03,Rupee,ACH,0,0.012948970996819329
2022/09/01 00:04,323726,808B4C9E0,23486,808B4F1E0,0.28,Rupee,0.28,Rupee,ACH,0,0.0035201086204945755
2022/09/01 00:07,323889,808B51EC0,19413,808B51D30,0.39,Rupee,0.39,Rupee,ACH,0,0.0049030084356888725
2022/09/01 00:21,323895,808B7F630,123568,808B7C350,0.02,Rupee,0.02,Rupee,ACH,0,0.00025143633003532677
2022/09/01 00:24,323823,808C56D90,123260,808C551A0,1.31,Rupee,1.31,Rupee,ACH,0,0.016469079617313906
2022/09/01 00:29,324139,808C875F0,119699,808C85A00,0.01,Rupee,0.01,Rupee,ACH,0,0.00012571816501766338
2022/09/01 00:19,324162,808CA5350,23486,808CA5300,0.07,Rupee,0.07,Rupee,ACH,0,0.0008800271551236439
2022/09/01 00:11,323823,808CD4DA0,14,808CD2EA0,4.98,Rupee,4.98,Rupee,ACH,0,0.06260764617879637
2022/09/01 00:13,323822,808D175A0,23809,808D17500,0.02,Rupee,0.02,Rupee,ACH,0,0.00025143633003532677
2022/09/01 00:10,324408,808E10190,23544,808E10140,0.01,Rupee,0.01,Rupee,ACH,0,0.00012571816501766338
2022/09/01 00:22,324416,808E1B420,123260,808E19EF0,0.25,Rupee,0.25,Rupee,ACH,0,0.003142954125441585
2022/09/01 00:07,324450,808E3EAA0,223281,808E32960,0.08,Rupee,0.08,Rupee,ACH,0,0.001005745320141307
2022/09/01 00:23,324471,808E58440,14,808E58D70,0.01,Rupee,0.01,Rupee,ACH,0,0.00012571816501766338
2022/09/01 00:08,324201,808E789F0,23033,808E794A0,0.11,Rupee,0.11,Rupee,ACH,0,0.0013828998151942974
2022/09/01 00:01,324518,808E98DD0,119699,808E99910,0.02,Rupee,0.02,Rupee,ACH,0,0.00025143633003532677
2022/09/01 00:24,324538,808E9E600,23642,808E9E0E0,0.03,Rupee,0.03,Rupee,ACH,0,0.0003771544950529902
2022/09/01 00:10,324471,808E7D030,23494,808E61EB0,0.07,Rupee,0.07,Rupee,ACH,0,0.0008800271551236439
2022/09/01 00:27,324266,808EB2940,123568,808EB3150,0.08,Rupee,0.08,Rupee,ACH,0,0.001005745320141307
2022/09/01 00:10,323811,808EB4AE0,123800,808EB6F00,0.02,Rupee,0.02,Rupee,ACH,0,0.00025143633003532677
2022/09/01 00:21,324056,808ED0C70,23642,808ED0810,0.07,Rupee,0.07,Rupee,ACH,0,0.0008800271551236439
2022/09/01 00:13,72,808E5B530,123800,808EE5590,10.9,Rupee,10.9,Rupee,Wire,0,0.1370327998692531
2022/09/01 00:09,324567,808ED4D00,23486,808EB9500,0.55,Rupee,0.55,Rupee,ACH,0,0.006914499075971487
2022/09/01 00:29,323969,808EDB6C0,72,808EB9460,3.16,Rupee,3.16,Rupee,ACH,0,0.03972694014558163
2022/09/01 00:09,319966,808EE1C40,23033,808EE8ED0,0.01,Rupee,0.01,Rupee,ACH,0,0.00012571816501766338
2022/09/01 00:05,324079,808EF7C50,72,808EF8230,0.03,Rupee,0.03,Rupee,ACH,0,0.0003771544950529902
2022/09/01 00:02,324490,808F225A0,23544,808F21C40,0.7,Rupee,0.7,Rupee,ACH,0,0.008800271551236437
2022/09/01 00:25,324586,808F924E0,123260,808F927A0,0.02,Rupee,0.02,Rupee,ACH,0,0.00025143633003532677
2022/09/01 00:08,324586,808FC5E20,23494,808FC5820,0.03,Rupee,0.03,Rupee,ACH,0,0.0003771544950529902
2022/09/01 00:17,323945,808FD1350,23539,808FD12B0,0.14,Rupee,0.14,Rupee,ACH,0,0.0017600543102472878
2022/09/01 00:08,324266,808FFD760,25,808FFD670,0.01,Rupee,0.01,Rupee,ACH,0,0.00012571816501766338
2022/09/01 00:13,324044,809001080,124592,809001BD0,0.02,Rupee,0.02,Rupee,ACH,0,0.00025143633003532677
2022/09/01 00:15,323927,80900B6C0,224257,80900AB60,0.13,Rupee,0.13,Rupee,ACH,0,0.0016343361452296242
2022/09/01 00:10,323863,808FE4FF0,24202,808FE5090,0.03,Rupee,0.03,Rupee,ACH,0,0.0003771544950529902
2022/09/01 00:26,324642,809019540,123260,809019270,0.22,Rupee,0.22,Rupee,ACH,0,0.002765799630388595
2022/09/01 00:06,324987,809199470,5,809199510,0.24,Rupee,0.24,Rupee,ACH,0,0.0030172359604239214
2022/09/01 00:18,323895,80919D730,123260,80919D640,0.06,Rupee,0.06,Rupee,ACH,0,0.0007543089901059804
2022/09/01 00:20,324139,8091E1320,224371,8091E12D0,0.03,Rupee,0.03,Rupee,ACH,0,0.0003771544950529902
2022/09/01 00:25,325027,8091B5C60,123651,8091E74B0,0.51,Rupee,0.51,Rupee,ACH,0,0.006411626415900833
2022/09/01 00:02,323825,809183A40,14,8090DB100,0.01,Rupee,0.01,Rupee,ACH,0,0.00012571816501766338
2022/09/01 00:01,123260,808A9E1B0,24320,809291210,14.64,Rupee,14.64,Rupee,Wire,0,0.1840513935858592
2022/09/01 00:00,323984,8092A72B0,124359,8092D94F0,0.08,Rupee,0.08,Rupee,ACH,0,0.001005745320141307
2022/09/01 00:28,325024,8092DAE00,23033,8092BE580,0.1,Rupee,0.1,Rupee,ACH,0,0.001257181650176634
2022/09/01 00:29,325224,8092DDC40,23539,8092E4A10,0.02,Rupee,0.02,Rupee,ACH,0,0.00025143633003532677
2022/09/01 00:09,325231,8092E4B50,223281,8092E1590,0.02,Rupee,0.02,Rupee,ACH,0,0.00025143633003532677
2022/09/01 00:12,324981,8093AEDE0,24869,8093AEB70,0.35,Rupee,0.35,Rupee,ACH,0,0.004400135775618218
2022/09/01 00:14,325360,8093CA020,19413,8093CB2D0,0.05,Rupee,0.05,Rupee,ACH,0,0.000628590825088317
2022/09/01 00:03,324056,8093DBDA0,123957,8093DC100,0.02,Rupee,0.02,Rupee,ACH,0,0.00025143633003532677
2022/09/01 00:28,325408,80940BE80,24320,80940A3F0,0.23,Rupee,0.23,Rupee,ACH,0,0.0028915177954062584
2022/09/01 00:18,325423,80941B6E0,2,80941B640,0.41,Rupee,0.41,Rupee,ACH,0,0.005154444765724199
2022/09/01 00:10,319802,80941D8D0,119732,80941E6C0,0.69,Rupee,0.69,Rupee,ACH,0,0.008674553386218774
2022/09/01 00:17,324586,809519FD0,123568,809519F80,0.03,Rupee,0.03,Rupee,ACH,0,0.0003771544950529902
2022/09/01 00:17,324462,8094DB730,124503,8094FF180,0.01,Rupee,0.01,Rupee,ACH,0,0.00012571816501766338
2022/09/01 00:26,325131,8094DCE90,123800,8094FF040,0.05,Rupee,0.05,Rupee,ACH,0,0.000628590825088317
2022/09/01 00:08,319828,8095209E0,224943,80951A940,0.03,Rupee,0.03,Rupee,ACH,0,0.0003771544950529902
2022/09/01 00:20,323826,80952FBD0,24677,80952FA90,1.11,Rupee,1.11,Rupee,ACH,0,0.013954716316960637
2022/09/01 00:08,324647,809531780,124359,8095326D0,0.01,Rupee,0.01,Rupee,ACH,0,0.00012571816501766338
2022/09/01 00:15,319851,809665EC0,24320,8096656B0,0.05,Rupee,0.05,Rupee,ACH,0,0.000628590825088317
2022/09/01 00:23,324490,8094BAC50,5,808E578D0,0.17,Rupee,0.17,Rupee,ACH,0,0.0021372088053002777
2022/09/01 00:18,324860,809694AE0,23494,809689B50,0.11,Rupee,0.11,Rupee,ACH,0,0.0013828998151942974
2022/09/01 00:00,319828,809754200,224257,80974F890,0.06,Rupee,0.06,Rupee,ACH,0,0.0007543089901059804
2022/09/01 00:22,324462,8097850B0,23033,8097345F0,0.01,Rupee,0.01,Rupee,ACH,0,0.00012571816501766338
2022/09/01 00:09,324989,809798B80,123651,809799290,0.03,Rupee,0.03,Rupee,ACH,0,0.0003771544950529902
2022/09/01 00:09,323800,8097CF710,72,8097D08E0,0.17,Rupee,0.17,Rupee,ACH,0,0.0021372088053002777
2022/09/01 00:11,324507,8097EF120,123568,8097F1A50,0.16,Rupee,0.16,Rupee,ACH,0,0.002011490640282614
2022/09/01 00:07,325427,8097F0520,24816,8097F41C0,0.03,Rupee,0.03,Rupee,ACH,0,0.0003771544950529902
2022/09/01 00:10,325843,8097C50D0,125222,80981E760,0.08,Rupee,0.08,Rupee,ACH,0,0.001005745320141307
2022/09/01 00:26,323984,80983F9A0,124503,809839A40,0.12,Rupee,0.12,Rupee,ACH,0,0.0015086179802119607
2022/09/01 00:29,326116,8098300F0,225095,8098510D0,0.02,Rupee,0.02,Rupee,ACH,0,0.00025143633003532677
2022/09/01 00:05,324585,8098447A0,25,809837550,0.04,Rupee,0.04,Rupee,ACH,0,0.0005028726600706535
2022/09/01 00:03,323415,8098E0E70,224943,8098E0D30,0.13,Rupee,0.13,Rupee,ACH,0,0.0016343361452296242
2022/09/01 00:08,326331,80993E8A0,24816,80993E7B0,0.12,Rupee,0.12,Rupee,ACH,0,0.0015086179802119607
2022/09/01 00:02,325969,8099A6A10,24869,8099A66A0,0.08,Rupee,0.08,Rupee,ACH,0,0.001005745320141307
2022/09/01 00:25,325813,8099E3520,225095,8099E0EB0,0.01,Rupee,0.01,Rupee,ACH,0,0.00012571816501766338
2022/09/01 00:05,326476,8099FCE80,225784,8099FCAC0,0.61,Rupee,0.61,Rupee,ACH,0,0.0076688080660774665
2022/09/01 00:03,323808,809A035F0,225547,809A05D00,1.13,Rupee,1.13,Rupee,ACH,0,0.014206152646995962
2022/09/01 00:17,325637,809A05FD0,225547,809A05D00,0.16,Rupee,0.16,Rupee,ACH,0,0.002011490640282614
2022/09/01 00:20,325812,809A0E220,24869,809A0DE80,0.14,Rupee,0.14,Rupee,ACH,0,0.0017600543102472878
2022/09/01 00:12,325565,8099F8D30,224699,8099F8E70,0.04,Rupee,0.04,Rupee,ACH,0,0.0005028726600706535
2022/09/01 00:06,325204,809A4C020,224257,809A53290,0.09,Rupee,0.09,Rupee,ACH,0,0.0011314634851589706
2022/09/01 00:18,323889,809A53DC0,14,8099DFE30,0.7,Rupee,0.7,Rupee,ACH,0,0.008800271551236437
2022/09/01 00:13,326650,809B0C5B0,223281,809B13DA0,0.04,Rupee,0.04,Rupee,ACH,0,0.0005028726600706535
2022/09/01 00:27,324416,809B2B2B0,26272,809B1B050,0.01,Rupee,0.01,Rupee,ACH,0,0.00012571816501766338
2022/09/01 00:04,325112,809B4B980,124476,809B53160,0.27,Rupee,0.27,Rupee,ACH,0,0.003394390455476912
2022/09/01 00:13,326604,809B5DB80,225547,809B5D6D0,0.54,Rupee,0.54,Rupee,ACH,0,0.006788780910953824
2022/09/01 00:21,324461,809B5F060,26169,809B5F100,0.02,Rupee,0.02,Rupee,ACH,0,0.00025143633003532677
2022/09/01 00:13,319861,809B778A0,123568,809B7F310,0.02,Rupee,0.02,Rupee,ACH,0,0.00025143633003532677
2022/09/01 00:04,324104,809BAF4F0,125103,809BAC620,0.03,Rupee,0.03,Rupee,ACH,0,0.0003771544950529902
2022/09/01 00:26,324546,809BB8E80,123824,809BB8E30,0.23,Rupee,0.23,Rupee,ACH,0,0.0028915177954062584
2022/09/01 00:18,325565,809B68C20,225628,809BBB8B0,0.04,Rupee,0.04,Rupee,ACH,0,0.0005028726600706535
2022/09/01 00:24,326705,809B760D0,25892,809B6B3C0,0.02,Rupee,0.02,Rupee,ACH,0,0.00025143633003532677
2022/09/01 00:18,326734,809BA5CB0,225784,809BB6000,0.09,Rupee,0.09,Rupee,ACH,0,0.0011314634851589706
2022/09/01 00:26,326547,809B03690,19414,809B44460,0.46,Rupee,0.46,Rupee,ACH,0,0.005783035590812517
2022/09/01 00:01,325628,809BC3770,72,809AF6440,0.05,Rupee,0.05,Rupee,ACH,0,0.000628590825088317
2022/09/01 00:11,326422,809BC6260,224943,809AF6FA0,0.24,Rupee,0.24,Rupee,ACH,0,0.0030172359604239214
2022/09/01 00:08,324647,809BC9E70,226085,809B04660,0.2,Rupee,0.2,Rupee,ACH,0,0.002514363300353268
2022/09/01 00:10,326107,809BD4030,123260,809BDBEB0,0.1,Rupee,0.1,Rupee,ACH,0,0.001257181650176634
2022/09/01 00:19,326010,809C5B600,123824,809C5B560,0.08,Rupee,0.08,Rupee,ACH,0,0.001005745320141307
2022/09/01 00:13,325226,809CDD4B0,26,809CDD060,0.15,Rupee,0.15,Rupee,ACH,0,0.0018857724752649508
2022/09/01 00:08,326858,809CED6D0,123651,809CED090,0.04,Rupee,0.04,Rupee,ACH,0,0.0005028726600706535
2022/09/01 00:05,325360,809CF1340,24202,809CEF650,0.08,Rupee,0.08,Rupee,ACH,0,0.001005745320141307
2022/09/01 00:08,324856,809CFD4D0,124503,809CFCEF0,0.08,Rupee,0.08,Rupee,ACH,0,0.001005745320141307
2022/09/01 00:09,324107,809CFD610,224943,809CF8380,0.02,Rupee,0.02,Rupee,ACH,0,0.00025143633003532677
2022/09/01 00:26,323984,809D44F80,25520,809D449E0,0.17,Rupee,0.17,Rupee,ACH,0,0.0021372088053002777
2022/09/01 00:25,323965,809D502E0,24713,809D501A0,0.02,Rupee,0.02,Rupee,ACH,0,0.00025143633003532677
2022/09/01 00:05,324029,809E9E940,119699,809E9E2B0,0.02,Rupee,0.02,Rupee,ACH,0,0.00025143633003532677
2022/09/01 00:13,327229,809EA3E10,25892,809D3EAF0,0.17,Rupee,0.17,Rupee,ACH,0,0.0021372088053002777
2022/09/01 00:28,325065,809F1E8C0,72,809F25070,0.17,Rupee,0.17,Rupee,ACH,0,0.0021372088053002777
2022/09/01 00:29,327353,809F3F410,126455,809F3F5E0,0.07,Rupee,0.07,Rupee,ACH,0,0.0008800271551236439
2022/09/01 00:27,324104,809F4DD50,126843,809F4DCB0,0.01,Rupee,0.01,Rupee,ACH,0,0.00012571816501766338
2022/09/01 00:10,327374,809F59420,125103,809F597C0,0.01,Rupee,0.01,Rupee,ACH,0,0.00012571816501766338
2022/09/01 00:06,327350,809F3D300,25,809F46070,0.68,Rupee,0.68,Rupee,ACH,0,0.00854883522120111
2022/09/01 00:26,327555,80A093640,19414,80A095650,0.01,Rupee,0.01,Rupee,ACH,0,0.00012571816501766338
2022/09/01 00:15,325969,80A096D20,25892,80A07E600,0.01,Rupee,0.01,Rupee,ACH,0,0.00012571816501766338
2022/09/01 00:18,324124,809FDA6B0,26560,809FDF240,0.06,Rupee,0.06,Rupee,ACH,0,0.0007543089901059804
2022/09/01 00:25,326471,80A0AADD0,124359,80A0A9F40,0.03,Rupee,0.03,Rupee,ACH,0,0.0003771544950529902
2022/09/01 00:20,325632,80A0F4300,24320,80A0F4440,0.38,Rupee,0.38,Rupee,ACH,0,0.0047772902706712085
2022/09/01 00:15,323687,80A0F5C50,124592,80A0F3CA0,0.32,Rupee,0.32,Rupee,ACH,0,0.004022981280565228
2022/09/01 00:00,326422,80A0FD090,24713,80A0FDB80,39.73,Rupee,39.73,Rupee,ACH,0,0.4994782696151766
2022/09/01 00:24,323947,80A17BC40,123651,80A17BD80,0.33,Rupee,0.33,Rupee,ACH,0,0.004148699445582892
2022/09/01 00:10,326471,80A189350,226259,80A187FA0,0.01,Rupee,0.01,Rupee,ACH,0,0.00012571816501766338
2022/09/01 00:24,327724,80A18C680,223281,80A18D050,0.14,Rupee,0.14,Rupee,ACH,0,0.0017600543102472878
2022/09/01 00:22,319972,80A18ED60,225628,80A18E020,0.06,Rupee,0.06,Rupee,ACH,0,0.0007543089901059804
2022/09/01 00:23,325202,80A1B6980,125103,80A1AC420,0.43,Rupee,0.43,Rupee,ACH,0,0.005405881095759526
2022/09/01 00:07,324858,80A1B69D0,27037,80A1AC380,0.02,Rupee,0.02,Rupee,ACH,0,0.00025143633003532677
2022/09/01 00:05,327438,80A1ABDC0,126455,80A1AB820,0.03,Rupee,0.03,Rupee,ACH,0,0.0003771544950529902
2022/09/01 00:06,326947,80A1C6AC0,224257,80A1C6390,0.06,Rupee,0.06,Rupee,ACH,0,0.0007543089901059804
2022/09/01 00:12,326904,80A1DC070,224237,80A1DBB70,0.01,Rupee,0.01,Rupee,ACH,0,0.00012571816501766338
2022/09/01 00:26,327330,80A1A8320,125222,80A198470,0.12,Rupee,0.12,Rupee,ACH,0,0.0015086179802119607
2022/09/01 00:09,327611,80A0D8B00,225628,80A0CABE0,0.03,Rupee,0.03,Rupee,ACH,0,0.0003771544950529902
2022/09/01 00:22,327636,80A0FF7D0,25526,80A0D1DB0,0.03,Rupee,0.03,Rupee,ACH,0,0.0003771544950529902
2022/09/01 00:04,324079,80A25BFD0,226085,80A25CC60,0.02,Rupee,0.02,Rupee,ACH,0,0.00025143633003532677
2022/09/01 00:26,327558,80A27F7A0,225412,80A27F750,0.11,Rupee,0.11,Rupee,ACH,0,0.0013828998151942974
2022/09/01 00:18,324874,809FD7550,226259,809FD3FB0,0.05,Rupee,0.05,Rupee,ACH,0,0.000628590825088317
2022/09/01 00:10,324408,80A0C7AD0,26,8098642E0,0.02,Rupee,0.02,Rupee,ACH,0,0.00025143633003532677
2022/09/01 00:23,325375,80A1FBAD0,125882,80A0C71A0,0.02,Rupee,0.02,Rupee,ACH,0,0.00025143633003532677
2022/09/01 00:05,326650,80A20E930,124359,80A1F16F0,0.01,Rupee,0.01,Rupee,ACH,0,0.00012571816501766338
2022/09/01 00:27,327816,80A218D50,126843,80A09EE50,0.02,Rupee,0.02,Rupee,ACH,0,0.00025143633003532677
2022/09/01 00:00,324737,80A315180,226875,80A315C20,0.01,Rupee,0.01,Rupee,ACH,0,0.00012571816501766338
2022/09/01 00:05,323811,80A312FC0,227290,80A319F40,0.01,Rupee,0.01,Rupee,ACH,0,0.00012571816501766338
2022/09/01 00:14,324787,80A2D2A20,227113,80A2D3310,0.06,Rupee,0.06,Rupee,ACH,0,0.0007543089901059804
2022/09/01 00:01,328049,80A38E290,23642,80A38E240,0.03,Rupee,0.03,Rupee,ACH,0,0.0003771544950529902
2022/09/01 00:04,324192,80A5D6C40,27465,80A5E3220,0.13,Rupee,0.13,Rupee,ACH,0,0.0016343361452296242
2022/09/01 00:10,325987,80A5F4460,225784,80A637F90,0.01,Rupee,0.01,Rupee,ACH,0,0.00012571816501766338
2022/09/01 00:12,324594,80A5ED3E0,224237,80A5CA660,0.22,Rupee,0.22,Rupee,ACH,0,0.002765799630388595
2022/09/01 00:23,328716,80A72BDF0,126000,80A72BDA0,0.71,Rupee,0.71,Rupee,ACH,0,0.0089259897162541
2022/09/01 00:02,324518,80A735970,25,80A735920,0.01,Rupee,0.01,Rupee,ACH,0,0.00012571816501766338
2022/09/01 00:22,325837,80A734D90,127436,80A741030,0.02,Rupee,0.02,Rupee,ACH,0,0.00025143633003532677
2022/09/01 00:12,328096,80A6B1F40,227329,80A809080,1.23,Rupee,1.23,Rupee,ACH,0,0.015463334297172598
2022/09/01 00:14,325631,80A8EFEC0,23539,80A8901F0,0.05,Rupee,0.05,Rupee,ACH,0,0.000628590825088317
2022/09/01 00:09,327809,80AB31CF0,227329,80AB32130,0.01,Rupee,0.01,Rupee,ACH,0,0.00012571816501766338
2022/09/01 00:20,327590,80AB53730,226085,80AB535F0,0.05,Rupee,0.05,Rupee,ACH,0,0.000628590825088317
2022/09/01 00:29,325990,80AC08CD0,28455,80AC08C80,0.01,Rupee,0.01,Rupee,ACH,0,0.00012571816501766338
2022/09/01 00:17,323656,80AC3C570,227277,80AC3C110,0.73,Rupee,0.73,Rupee,ACH,0,0.009177426046289428
2022/09/01 00:27,329013,80AC417A0,224237,80AC41840,0.03,Rupee,0.03,Rupee,ACH,0,0.0003771544950529902
2022/09/01 00:06,324201,80AC2F470,227113,80AC2E790,0.08,Rupee,0.08,Rupee,ACH,0,0.001005745320141307
2022/09/01 00:24,324450,80AC3BCE0,124592,80AC23EE0,0.02,Rupee,0.02,Rupee,ACH,0,0.00025143633003532677
2022/09/01 00:11,328747,80AC20940,124304,80AC20FC0,0.01,Rupee,0.01,Rupee,ACH,0,0.00012571816501766338
2022/09/01 00:11,328028,80C045560,24202,80C042090,0.23,Rupee,0.23,Rupee,ACH,0,0.0028915177954062584
2022/09/01 00:08,333070,80C060840,228595,80C054A70,0.02,Rupee,0.02,Rupee,ACH,0,0.00025143633003532677
2022/09/01 00:08,339106,80E234DB0,226871,80E20EDA0,0.31,Rupee,0.31,Rupee,ACH,0,0.003897263115547565
2022/09/01 00:04,326348,80E23CBD0,127361,80E20DD00,0.05,Rupee,0.05,Rupee,ACH,0,0.000628590825088317
2022/09/01 00:18,326980,80E7F8180,27637,80E7F7EB0,0.03,Rupee,0.03,Rupee,ACH,0,0.0003771544950529902
2022/09/01 00:09,328689,80E7F8D80,229123,80E7F7E10,0.01,Rupee,0.01,Rupee,ACH,0,0.00012571816501766338
2022/09/01 00:20,325605,80E816EA0,226119,80E8171B0,0.19,Rupee,0.19,Rupee,ACH,0,0.0023886451353356043
2022/09/01 00:07,326217,80E81B800,126843,80E81B6C0,0.02,Rupee,0.02,Rupee,ACH,0,0.00025143633003532677
2022/09/01 00:20,324162,80E7F5190,127897,80E81CE50,0.01,Rupee,0.01,Rupee,ACH,0,0.00012571816501766338
2022/09/01 00:22,323807,80E81C4B0,29370,80E81EEB0,0.04,Rupee,0.04,Rupee,ACH,0,0.0005028726600706535
2022/09/01 00:07,340192,80E8933C0,227600,80E894660,0.38,Rupee,0.38,Rupee,ACH,0,0.0047772902706712085
2022/09/01 00:08,324192,80E89B100,26300,80E89B9C0,0.24,Rupee,0.24,Rupee,ACH,0,0.0030172359604239214
2022/09/01 00:11,340434,80EA4BC00,228569,80EA4CBE0,0.02,Rupee,0.02,Rupee,ACH,0,0.00025143633003532677
2022/09/01 00:00,324056,80EAE1050,124503,80EAE11E0,0.13,Rupee,0.13,Rupee,ACH,0,0.0016343361452296242
2022/09/01 00:02,326967,80EAE15E0,129467,80EAE4CC0,0.01,Rupee,0.01,Rupee,ACH,0,0.00012571816501766338
2022/09/01 00:00,326972,80EAF5ED0,127568,80EB10990,0.07,Rupee,0.07,Rupee,ACH,0,0.0008800271551236439
2022/09/01 00:16,325813,80EB349E0,224699,80EB348F0,0.01,Rupee,0.01,Rupee,ACH,0,0.00012571816501766338
2022/09/01 00:20,330194,80EB7E4C0,330194,80EB7E4C0,0.13,Rupee,0.14,Ruble,ACH,0,0.0023191478788079584
2022/09/01 00:09,331143,80EB72F80,331143,80EB72F80,0.14,Rupee,0.15,Ruble,ACH,0,0.002484801298722812
2022/09/01 00:25,323394,80EB75F80,127361,80EB849A0,0.22,Rupee,0.22,Rupee,ACH,0,0.002765799630388595
2022/09/01 00:24,324239,80EB7A7D0,127361,80EB849A0,0.04,Rupee,0.04,Rupee,ACH,0,0.0005028726600706535
2022/09/01 00:22,329575,80EB82380,224574,80EB85EB0,1.74,Rupee,1.74,Rupee,ACH,0,0.02187496071307343
2022/09/01 00:15,340497,80EC0EEE0,127412,80EC0BCE0,0.12,Rupee,0.12,Rupee,ACH,0,0.0015086179802119607
2022/09/01 00:21,324139,80EC3C410,224371,80EC407F0,0.01,Rupee,0.01,Rupee,ACH,0,0.00012571816501766338
2022/09/01 00:24,323807,80EC5BAB0,127170,80EC596F0,0.11,Rupee,0.11,Rupee,ACH,0,0.0013828998151942974
2022/09/01 00:09,323940,80EC8B770,127817,80EC8B540,0.03,Rupee,0.03,Rupee,ACH,0,0.0003771544950529902
2022/09/01 00:24,340694,80EBF3500,40009,80EBEC550,0.37,Rupee,0.37,Rupee,ACH,0,0.0046515721056535455
2022/09/01 00:20,323940,80ED428B0,123957,80ED45DE0,0.01,Rupee,0.01,Rupee,ACH,0,0.00012571816501766338
2022/09/01 00:14,340767,80ED44120,127817,80ED46050,0.16,Rupee,0.16,Rupee,ACH,0,0.002011490640282614
2022/09/01 00:18,323947,80ED80CA0,40261,80ED78D10,0.4,Rupee,0.4,Rupee,ACH,0,0.005028726600706536
2022/09/01 00:16,328723,815DF7140,27831,815DF70A0,0.04,Rupee,0.04,Rupee,ACH,0,0.0005028726600706535
2022/09/01 00:25,326053,8097D9760,18,8097D9710,0.08,Ruble,0.08,Ruble,ACH,0,0.0013252273593188332
2022/09/01 00:25,329746,80AF9F540,23,80AF9ECD0,0.01,Ruble,0.01,Ruble,ACH,0,0.00016565341991485414
2022/09/01 00:14,330194,80AFAFA70,23,80AFAFF00,0.39,Ruble,0.39,Ruble,ACH,0,0.006460483376679312
2022/09/01 00:01,330213,80AFCDC20,23,80AFCDBD0,0.02,Ruble,0.02,Ruble,ACH,0,0.0003313068398297083
2022/09/01 00:17,326053,80AFD1AC0,285,80AFD1A20,9.45,Ruble,9.45,Ruble,ACH,0,0.15654248181953717
2022/09/01 00:19,329736,80AFD4670,18,80AFD3F70,0.28,Ruble,0.28,Ruble,ACH,0,0.004638295757615917
2022/09/01 00:22,330192,80AFDA240,27,80AFCFFB0,0.02,Ruble,0.02,Ruble,ACH,0,0.0003313068398297083
2022/09/01 00:20,330283,80B001AA0,18,80B001A50,0.04,Ruble,0.04,Ruble,ACH,0,0.0006626136796594166
2022/09/01 00:21,330288,80B013900,285,80B013180,0.51,Ruble,0.51,Ruble,ACH,0,0.008448324415657562
2022/09/01 00:19,326053,80B01A3B0,16,80AFF9810,0.19,Ruble,0.19,Ruble,ACH,0,0.003147414978382229
2022/09/01 00:21,331052,80B4CBF70,285,80B4C7410,0.15,Ruble,0.15,Ruble,ACH,0,0.002484801298722812
2022/09/01 00:10,331182,80B52A770,27,80B52AE30,0.23,Ruble,0.23,Ruble,ACH,0,0.0038100286580416455
2022/09/01 00:08,329736,80B53C100,131036,80B53BE80,0.37,Ruble,0.37,Ruble,ACH,0,0.006129176536849603
2022/09/01 00:22,331194,80B53AF00,27,80B53A640,0.38,Ruble,0.38,Ruble,ACH,0,0.006294829956764458
2022/09/01 00:13,330213,80B4A5810,230595,80B549B80,1.05,Ruble,1.05,Ruble,ACH,0,0.017393609091059685
2022/09/01 00:06,331206,80B558940,30959,80B54B1C0,1.02,Ruble,1.02,Ruble,ACH,0,0.016896648831315125
2022/09/01 00:07,330398,80BAB1B30,230595,80B52FA00,2.78,Ruble,2.78,Ruble,ACH,0,0.04605165073632945
2022/09/01 00:25,329746,80BAB2670,230595,80BAB2580,1.39,Ruble,1.39,Ruble,ACH,0,0.023025825368164724
2022/09/01 00:26,331136,80BADCFD0,31879,80BAE0930,0.45,Ruble,0.45,Ruble,ACH,0,0.007454403896168437
2022/09/01 00:27,329736,80BCF7730,19,80BCD20C0,0.07,Ruble,0.07,Ruble,ACH,0,0.0011595739394039792
2022/09/01 00:12,330204,80BD3B4B0,32245,80BD3B770,1.83,Ruble,1.83,Ruble,ACH,0,0.03031457584441831
2022/09/01 00:11,330195,80BD39C30,18,80BD39B40,6.67,Ruble,6.67,Ruble,ACH,0,0.11049083108320772
2022/09/01 00:21,330385,80BDA04D0,30959,80BDA0480,0.02,Ruble,0.02,Ruble,ACH,0,0.0003313068398297083
2022/09/01 00:11,330205,80BDA34F0,131036,80BDA4180,0.15,Ruble,0.15,Ruble,ACH,0,0.002484801298722812
2022/09/01 00:20,330398,80BDA40E0,132300,80BDA4450,0.13,Ruble,0.13,Ruble,ACH,0,0.0021534944588931042
2022/09/01 00:16,332084,80BD86550,18,80BDB86C0,0.06,Ruble,0.06,Ruble,ACH,0,0.0009939205194891248
2022/09/01 00:13,331213,80BDB29D0,285,80BDB3180,0.11,Ruble,0.11,Ruble,ACH,0,0.0018221876190633957
2022/09/01 00:03,332569,80BDD3960,132407,80BDC9C40,0.17,Ruble,0.17,Ruble,ACH,0,0.002816108138552521
2022/09/01 00:23,331150,80BDF51F0,23,80BDF5100,0.06,Ruble,0.06,Ruble,ACH,0,0.0009939205194891248
2022/09/01 00:04,332569,80BE63070,19,80BE58680,0.07,Ruble,0.07,Ruble,ACH,0,0.0011595739394039792
2022/09/01 00:12,330194,80BE7E930,132448,80BE7E8E0,0.21,Ruble,0.21,Ruble,ACH,0,0.003478721818211937
2022/09/01 00:01,332536,80BEA4AD0,231975,80BE871C0,0.08,Ruble,0.08,Ruble,ACH,0,0.0013252273593188332
2022/09/01 00:28,326053,80BEDCE80,18,80BEE8830,0.19,Ruble,0.19,Ruble,ACH,0,0.003147414978382229
2022/09/01 00:24,332731,80BF0C1E0,16,80BF0C4B0,0.02,Ruble,0.02,Ruble,ACH,0,0.0003313068398297083
2022/09/01 00:06,332871,80BF483C0,232081,80BF47EA0,0.02,Ruble,0.02,Ruble,ACH,0,0.0003313068398297083
2022/09/01 00:17,332826,80C001850,19,80BFFB070,0.01,Ruble,0.01,Ruble,ACH,0,0.00016565341991485414
2022/09/01 00:02,332755,80BFF87C0,16,80BFF26A0,0.89,Ruble,0.89,Ruble,ACH,0,0.01474315437242202
2022/09/01 00:09,332755,80C005FE0,232452,80C005F40,1.24,Ruble,1.24,Ruble,ACH,0,0.020541024069441916
2022/09/01 00:00,330194,80C0079D0,132425,80C007480,0.41,Ruble,0.41,Ruble,ACH,0,0.00679179021650902
2022/09/01 00:05,331150,80C005B40,132300,80C0089A0,0.05,Ruble,0.05,Ruble,ACH,0,0.0008282670995742707
2022/09/01 00:10,333009,80C0118F0,18,80C0118A0,0.01,Ruble,0.01,Ruble,ACH,0,0.00016565341991485414
2022/09/01 00:05,331147,80C077A70,232452,80C076AC0,0.05,Ruble,0.05,Ruble,ACH,0,0.0008282670995742707
2022/09/01 00:12,332908,80C0BDBD0,132849,80C0BCC40,0.08,Ruble,0.08,Ruble,ACH,0,0.0013252273593188332
2022/09/01 00:00,333136,80C0DE950,232081,80C0DF640,0.08,Ruble,0.08,Ruble,ACH,0,0.0013252273593188332
2022/09/01 00:15,330398,80C1128C0,132300,80C118BC0,0.3,Ruble,0.3,Ruble,ACH,0,0.004969602597445624
2022/09/01 00:27,332976,80C1774F0,232125,80C177C40,0.02,Ruble,0.02,Ruble,ACH,0,0.0003313068398297083
2022/09/01 00:25,332740,80C17C1F0,132849,80C178340,0.01,Ruble,0.01,Ruble,ACH,0,0.00016565341991485414
2022/09/01 00:20,330193,80C1A4E50,232630,80C148020,0.43,Ruble,0.43,Ruble,ACH,0,0.007123097056338728
2022/09/01 00:24,340666,80EBC4160,132899,80EBC47B0,0.05,Ruble,0.05,Ruble,ACH,0,0.0008282670995742707
2022/09/01 00:14,333354,80C259030,25,80C252520,0.02,UK Pound,0.02,UK Pound,ACH,0,0.023182492581602373
2022/09/01 00:16,333576,80C369DD0,25,80C362F00,0.01,UK Pound,0.01,UK Pound,ACH,0,0.011591246290801186
2022/09/01 00:21,333439,80C4054B0,233064,80C405460,0.06,UK Pound,0.06,UK Pound,ACH,0,0.06954747774480712
2022/09/01 00:06,333601,80C435CD0,233186,80C435FA0,0.01,UK Pound,0.01,UK Pound,ACH,0,0.011591246290801186
2022/09/01 00:19,334805,80C9F3AC0,33370,80C9EDCA0,0.01,UK Pound,0.01,UK Pound,ACH,0,0.011591246290801186
2022/09/01 00:27,333439,80C9C0200,233186,80CA1F4C0,0.02,UK Pound,0.02,UK Pound,ACH,0,0.023182492581602373
2022/09/01 00:27,334730,80CB032E0,33846,80CB04A60,0.03,UK Pound,0.03,UK Pound,ACH,0,0.03477373887240356
2022/09/01 00:00,333601,80CB3ED80,25,80CAFB7F0,0.01,UK Pound,0.01,UK Pound,ACH,0,0.011591246290801186
2022/09/01 00:27,335189,8177F4BD0,233064,8177F1DC0,0.04,UK Pound,0.04,UK Pound,ACH,0,0.046364985163204746
2022/09/01 00:02,336175,80D3972C0,235647,80D396CA0,0.12,Canadian Dollar,0.12,Canadian Dollar,ACH,0,0.091324200913242
2022/09/01 00:24,336710,80D4E0690,135925,80D4E1C00,0.01,Canadian Dollar,0.01,Canadian Dollar,ACH,0,0.0076103500761035
2022/09/01 00:01,336384,80D3F0410,135925,80D3927D0,0.02,Canadian Dollar,0.02,Canadian Dollar,ACH,0,0.015220700152207
2022/09/01 00:01,335806,80D559D10,235889,80D55BD10,0.02,Canadian Dollar,0.02,Canadian Dollar,ACH,0,0.015220700152207
2022/09/01 00:20,336728,80D609EF0,135558,80D609B40,0.01,Canadian Dollar,0.01,Canadian Dollar,ACH,0,0.0076103500761035
2022/09/01 00:20,336687,80D60A860,235889,80D60B0D0,0.01,Canadian Dollar,0.01,Canadian Dollar,ACH,0,0.0076103500761035
2022/09/01 00:22,337175,80D76AE70,235943,80D76A6E0,0.01,Canadian Dollar,0.01,Canadian Dollar,ACH,0,0.0076103500761035
2022/09/01 00:16,336375,80D63DFB0,235676,80D7A1A40,0.01,Canadian Dollar,0.01,Canadian Dollar,ACH,0,0.0076103500761035
2022/09/01 00:12,337251,80DED94D0,10,80DED8690,0.03,Canadian Dollar,0.03,Canadian Dollar,ACH,0,0.0228310502283105
2022/09/01 00:16,336790,80DF04490,235889,80DF8C930,0.01,Canadian Dollar,0.01,Canadian Dollar,ACH,0,0.0076103500761035
2022/09/01 00:18,338547,80DF6DE10,135925,80DF050E0,0.01,Canadian Dollar,0.01,Canadian Dollar,ACH,0,0.0076103500761035
2022/09/01 00:09,336147,80E003FD0,235889,80E003F80,0.02,Canadian Dollar,0.02,Canadian Dollar,ACH,0,0.015220700152207
2022/09/01 00:04,339399,80E3F5550,137117,80E41ABF0,0.01,Canadian Dollar,0.01,Canadian Dollar,ACH,0,0.0076103500761035
2022/09/01 00:14,339764,80E736810,138809,80E728570,0.01,Canadian Dollar,0.01,Canadian Dollar,ACH,0,0.0076103500761035
2022/09/01 00:26,340040,80E799130,235943,80D5EC550,0.01,Canadian Dollar,0.01,Canadian Dollar,ACH,0,0.0076103500761035
2022/09/01 00:21,338558,80E7A88A0,135925,80E7A8420,0.01,Canadian Dollar,0.01,Canadian Dollar,ACH,0,0.0076103500761035
2022/09/01 00:20,335826,8123772E0,8,812376C70,0.02,Canadian Dollar,0.02,Canadian Dollar,ACH,0,0.015220700152207
2022/09/01 00:15,336384,817B4DA20,36975,817B4AB10,0.04,Canadian Dollar,0.04,Canadian Dollar,ACH,0,0.030441400304414
2022/09/01 00:06,341785,80F217E20,41019,80F2161F0,0.03,Australian Dollar,0.03,Australian Dollar,ACH,0,0.020486205954657197
2022/09/01 00:24,341523,80F25E530,141352,80F2637E0,0.02,Australian Dollar,0.02,Australian Dollar,ACH,0,0.013657470636438133
2022/09/01 00:16,341590,80F356040,241036,80F355E60,0.01,Australian Dollar,0.01,Australian Dollar,ACH,0,0.006828735318219066
2022/09/01 00:09,341360,80F393DB0,212,80F3942D0,0.01,Australian Dollar,0.01,Australian Dollar,ACH,0,0.006828735318219066
2022/09/01 00:01,342181,80F4811F0,110,80F479E60,0.02,Australian Dollar,0.02,Australian Dollar,ACH,0,0.013657470636438133
2022/09/01 00:17,41126,80F4CFE10,110,80F514910,0.94,Australian Dollar,0.94,Australian Dollar,ACH,0,0.6419011199125921
2022/09/01 00:01,341929,80F796A00,42004,80F6E5990,0.05,Australian Dollar,0.05,Australian Dollar,ACH,0,0.03414367659109533
2022/09/01 00:23,342244,80F998C20,110,80F99A470,0.13,Australian Dollar,0.13,Australian Dollar,ACH,0,0.08877355913684787
2022/09/01 00:10,342914,80F923CA0,241503,80F9BA910,0.05,Australian Dollar,0.05,Australian Dollar,ACH,0,0.03414367659109533
2022/09/01 00:21,343043,80F4AD7D0,142114,80F4AD640,0.01,Australian Dollar,0.01,Australian Dollar,ACH,0,0.006828735318219066
2022/09/01 00:06,341775,80FB5B0F0,141846,80FB5C6C0,0.01,Australian Dollar,0.01,Australian Dollar,ACH,0,0.006828735318219066
2022/09/01 00:25,341360,80FD123B0,141846,80FD12360,0.03,Australian Dollar,0.03,Australian Dollar,ACH,0,0.020486205954657197
2022/09/01 00:17,342374,80FE11DC0,41542,80FE10D30,0.01,Australian Dollar,0.01,Australian Dollar,ACH,0,0.006828735318219066
2022/09/01 00:22,342203,80FEE9DF0,212,80FEF2AE0,0.02,Australian Dollar,0.02,Australian Dollar,ACH,0,0.013657470636438133
2022/09/01 00:23,41428,80F368210,141465,810079F90,0.86,Australian Dollar,0.86,Australian Dollar,ACH,0,0.5872712373668397
2022/09/01 00:14,342835,8100D5AF0,43538,810092580,0.01,Australian Dollar,0.01,Australian Dollar,ACH,0,0.006828735318219066
2022/09/01 00:08,344143,8104B4CD0,141846,8104B4AF0,0.01,Australian Dollar,0.01,Australian Dollar,ACH,0,0.006828735318219066
2022/09/01 00:03,344916,81085DAA0,143968,81085F8D0,0.01,Australian Dollar,0.01,Australian Dollar,ACH,0,0.006828735318219066
2022/09/01 00:20,341360,810862D00,212,810862C60,0.03,Australian Dollar,0.03,Australian Dollar,ACH,0,0.020486205954657197
2022/09/01 00:00,345812,810A6F760,143919,810A809A0,0.01,Australian Dollar,0.01,Australian Dollar,ACH,0,0.006828735318219066
2022/09/01 00:21,345932,810B0FA00,241503,810B7A3F0,0.34,Australian Dollar,0.34,Australian Dollar,ACH,0,0.23217700081944825
2022/09/01 00:02,347519,8114066E0,113,8113F5370,0.02,Mexican Peso,0.02,Mexican Peso,ACH,0,0.000990638466491654
2022/09/01 00:10,346363,810D81EF0,14,810D81EA0,0.03,Mexican Peso,0.03,Mexican Peso,ACH,0,0.0014859576997374808
2022/09/01 00:12,346367,810D9FC80,14,810DA01D0,0.02,Mexican Peso,0.02,Mexican Peso,ACH,0,0.000990638466491654
2022/09/01 00:09,346393,810DE1370,215,810DE2760,0.01,Mexican Peso,0.01,Mexican Peso,ACH,0,0.000495319233245827
2022/09/01 00:25,346077,810DD5150,1135,810DD51A0,0.01,Mexican Peso,0.01,Mexican Peso,ACH,0,0.000495319233245827
2022/09/01 00:22,346090,810E0E8E0,41014,810DA8DC0,0.2,Mexican Peso,0.2,Mexican Peso,ACH,0,0.00990638466491654
2022/09/01 00:15,337017,810E43560,337017,810E43560,0.16,Mexican Peso,0.01,Canadian Dollar,ACH,0,0.0076103500761035
2022/09/01 00:18,346514,810E57850,13,810E52C50,0.03,Mexican Peso,0.03,Mexican Peso,ACH,0,0.0014859576997374808
2022/09/01 00:08,346090,810D985B0,113,810D98560,0.1,Mexican Peso,0.1,Mexican Peso,ACH,0,0.00495319233245827
2022/09/01 00:08,346488,810E4F410,215,810E4F370,0.2,Mexican Peso,0.2,Mexican Peso,ACH,0,0.00990638466491654
2022/09/01 00:16,346413,810EF1920,245768,810EF1E00,0.01,Mexican Peso,0.01,Mexican Peso,ACH,0,0.000495319233245827
2022/09/01 00:08,346631,810EF06F0,215,810EF3F80,0.06,Mexican Peso,0.06,Mexican Peso,ACH,0,0.0029719153994749617
2022/09/01 00:12,346488,810F163B0,1135,810F14F00,0.02,Mexican Peso,0.02,Mexican Peso,ACH,0,0.000990638466491654
2022/09/01 00:07,346600,810F34B90,113,810F32D60,0.03,Mexican Peso,0.03,Mexican Peso,ACH,0,0.0014859576997374808
2022/09/01 00:24,346600,810F93C60,245772,810F93BC0,0.03,Mexican Peso,0.03,Mexican Peso,ACH,0,0.0014859576997374808
2022/09/01 00:20,346367,810F98F30,45907,810F98E90,0.01,Mexican Peso,0.01,Mexican Peso,ACH,0,0.000495319233245827
2022/09/01 00:25,346639,810EEA1D0,19,810EE1B30,0.01,Mexican Peso,0.01,Mexican Peso,ACH,0,0.000495319233245827
2022/09/01 00:19,346661,810FA68A0,19,810FA6800,0.04,Mexican Peso,0.04,Mexican Peso,ACH,0,0.001981276932983308
2022/09/01 00:01,346426,810FC20C0,215,810FBE130,0.15,Mexican Peso,0.15,Mexican Peso,ACH,0,0.0074297884986874035
2022/09/01 00:25,346795,8110725A0,1135,8110724B0,0.01,Mexican Peso,0.01,Mexican Peso,ACH,0,0.000495319233245827
2022/09/01 00:14,346798,811039FC0,245681,81103A0B0,0.05,Mexican Peso,0.05,Mexican Peso,ACH,0,0.002476596166229135
2022/09/01 00:09,346363,811128CB0,46152,8111228B0,0.01,Mexican Peso,0.01,Mexican Peso,ACH,0,0.000495319233245827
2022/09/01 00:22,346363,8111213C0,113,811120870,0.01,Mexican Peso,0.01,Mexican Peso,ACH,0,0.000495319233245827
2022/09/01 00:07,346985,8111666C0,19,8110C2F50,0.01,Mexican Peso,0.01,Mexican Peso,ACH,0,0.000495319233245827
2022/09/01 00:09,347012,81116D540,41014,81116D4F0,0.02,Mexican Peso,0.02,Mexican Peso,ACH,0,0.000990638466491654
2022/09/01 00:01,346413,811194420,14,811192DF0,0.01,Mexican Peso,0.01,Mexican Peso,ACH,0,0.000495319233245827
2022/09/01 00:17,342650,8111A81A0,14,81118A390,0.06,Mexican Peso,0.06,Mexican Peso,ACH,0,0.0029719153994749617
2022/09/01 00:16,346898,810F19130,245729,810F19350,0.01,Mexican Peso,0.01,Mexican Peso,ACH,0,0.000495319233245827
2022/09/01 00:16,347071,810F19180,41014,811180A40,0.07,Mexican Peso,0.07,Mexican Peso,ACH,0,0.003467234632720789
2022/09/01 00:11,346540,8111B5F10,246269,8111B48F0,0.01,Mexican Peso,0.01,Mexican Peso,ACH,0,0.000495319233245827
2022/09/01 00:09,341463,8111E46E0,215,8111F3790,0.03,Mexican Peso,0.03,Mexican Peso,ACH,0,0.0014859576997374808
2022/09/01 00:25,346078,8111F3740,1135,8111D1880,0.01,Mexican Peso,0.01,Mexican Peso,ACH,0,0.000495319233245827
2022/09/01 00:24,346768,81125C550,19,81125C0A0,0.01,Mexican Peso,0.01,Mexican Peso,ACH,0,0.000495319233245827
2022/09/01 00:23,346393,8112B2D90,13,8112B2490,0.02,Mexican Peso,0.02,Mexican Peso,ACH,0,0.000990638466491654
2022/09/01 00:21,347317,811305480,146809,811308860,0.04,Mexican Peso,0.04,Mexican Peso,ACH,0,0.001981276932983308
2022/09/01 00:01,346912,811315510,13,81131BF20,0.02,Mexican Peso,0.02,Mexican Peso,ACH,0,0.000990638466491654
2022/09/01 00:27,347362,81133CB60,1135,81133CAC0,0.01,Mexican Peso,0.01,Mexican Peso,ACH,0,0.000495319233245827
2022/09/01 00:17,347367,8113409B0,245772,811340910,0.01,Mexican Peso,0.01,Mexican Peso,ACH,0,0.000495319233245827
2022/09/01 00:27,347392,811364F00,146768,811364210,0.02,Mexican Peso,0.02,Mexican Peso,ACH,0,0.000990638466491654
2022/09/01 00:02,346426,81138D210,46428,81138D1C0,0.02,Mexican Peso,0.02,Mexican Peso,ACH,0,0.000990638466491654
2022/09/01 00:24,347395,8120776B0,147006,812077610,0.02,Mexican Peso,0.02,Mexican Peso,ACH,0,0.000990638466491654
2022/09/01 00:10,347546,8154CDA80,246630,8154CF1D0,0.01,Mexican Peso,0.01,Mexican Peso,ACH,0,0.000495319233245827
2022/09/01 00:26,346758,8154E5110,113,8154E50C0,0.01,Mexican Peso,0.01,Mexican Peso,ACH,0,0.000495319233245827
2022/09/01 00:21,358380,8154C4020,146776,8154E30B0,0.51,Mexican Peso,0.51,Mexican Peso,ACH,0,0.025261280895537173
2022/09/01 00:11,351177,812999710,249523,8129996C0,0.01,Brazil Real,0.01,Brazil Real,ACH,0,0.0019303156066016792
2022/09/01 00:06,349163,811DBFA30,214,811DBF9E0,0.02,Brazil Real,0.02,Brazil Real,ACH,0,0.0038606312132033584
2022/09/01 00:16,332754,811FAD8B0,332754,811FAD8B0,0.01,Brazil Real,0.14,Ruble,ACH,0,0.0023191478788079584
2022/09/01 00:18,349182,812074590,116,81207D890,0.02,Brazil Real,0.02,Brazil Real,ACH,0,0.0038606312132033584
2022/09/01 00:26,349431,81201D430,248756,812029710,0.17,Brazil Real,0.17,Brazil Real,ACH,0,0.03281536531222855
2022/09/01 00:18,349738,812122DE0,248623,81211BCF0,0.01,Brazil Real,0.01,Brazil Real,ACH,0,0.0019303156066016792
2022/09/01 00:26,349338,81222BA40,248957,81222B130,0.01,Brazil Real,0.01,Brazil Real,ACH,0,0.0019303156066016792
2022/09/01 00:08,349182,812280480,210,8122804D0,0.03,Brazil Real,0.03,Brazil Real,ACH,0,0.005790946819805037
2022/09/01 00:21,349589,8122D0970,49014,8122D7AC0,0.05,Brazil Real,0.05,Brazil Real,ACH,0,0.009651578033008397
2022/09/01 00:26,349448,8122E3130,48858,8122E3400,0.01,Brazil Real,0.01,Brazil Real,ACH,0,0.0019303156066016792
2022/09/01 00:12,350069,8122F8F50,149205,8123065E0,0.03,Brazil Real,0.03,Brazil Real,ACH,0,0.005790946819805037
2022/09/01 00:12,350111,812325CA0,210,812326230,0.01,Brazil Real,0.01,Brazil Real,ACH,0,0.0019303156066016792
2022/09/01 00:10,349363,812339390,11,81233A6F0,0.03,Brazil Real,0.03,Brazil Real,ACH,0,0.005790946819805037
2022/09/01 00:17,349182,8123533C0,148894,812352DF0,0.01,Brazil Real,0.01,Brazil Real,ACH,0,0.0019303156066016792
2022/09/01 00:03,350165,8123878E0,149108,8123876B0,0.04,Brazil Real,0.04,Brazil Real,ACH,0,0.007721262426406717
2022/09/01 00:01,349338,812420CA0,49096,8124217D0,0.01,Brazil Real,0.01,Brazil Real,ACH,0,0.0019303156066016792
2022/09/01 00:20,350025,8124233A0,148894,812422690,0.01,Brazil Real,0.01,Brazil Real,ACH,0,0.0019303156066016792
2022/09/01 00:10,350323,81248FF50,249523,8124830F0,0.08,Brazil Real,0.08,Brazil Real,ACH,0,0.015442524852813434
2022/09/01 00:00,349448,8124E3500,210,8124E34B0,0.04,Brazil Real,0.04,Brazil Real,ACH,0,0.007721262426406717
2022/09/01 00:24,350332,8124A9BB0,149772,81245C1A0,0.05,Brazil Real,0.05,Brazil Real,ACH,0,0.009651578033008397
2022/09/01 00:01,350511,8125E4AB0,249523,8125E7970,0.11,Brazil Real,0.11,Brazil Real,ACH,0,0.02123347167261847
2022/09/01 00:19,350599,81267AD10,249585,81265A1D0,0.02,Brazil Real,0.02,Brazil Real,ACH,0,0.0038606312132033584
2022/09/01 00:20,350682,8126E4CE0,249585,8126E2270,0.01,Brazil Real,0.01,Brazil Real,ACH,0,0.0019303156066016792
2022/09/01 00:02,350623,81270A4A0,249566,81270A040,0.01,Brazil Real,0.01,Brazil Real,ACH,0,0.0019303156066016792
2022/09/01 00:22,350025,812861C50,49865,81285C790,0.09,Brazil Real,0.09,Brazil Real,ACH,0,0.017372840459415114
2022/09/01 00:18,351030,8128E7360,249523,8128E7270,0.01,Brazil Real,0.01,Brazil Real,ACH,0,0.0019303156066016792
2022/09/01 00:10,351252,8129F5190,149805,8129F48A0,0.04,Brazil Real,0.04,Brazil Real,ACH,0,0.007721262426406717
2022/09/01 00:17,36550,812A48210,36550,812A48210,0.04,Brazil Real,0.01,Euro,ACH,0,0.009998000399920017
2022/09/01 00:23,350025,812ACC720,149453,812AD7F40,0.03,Brazil Real,0.03,Brazil Real,ACH,0,0.005790946819805037
2022/09/01 00:18,349549,812B4EF70,149453,812B4AFA0,0.06,Brazil Real,0.06,Brazil Real,ACH,0,0.011581893639610074
2022/09/01 00:28,350236,812F7DCA0,249566,812F7A7D0,0.21,Brazil Real,0.21,Brazil Real,ACH,0,0.04053662773863526
2022/09/01 00:18,350151,812F6C3D0,149453,812F5F6E0,0.02,Brazil Real,0.02,Brazil Real,ACH,0,0.0038606312132033584
2022/09/01 00:09,349289,813018CA0,49750,813018C50,0.07,Brazil Real,0.07,Brazil Real,ACH,0,0.013512209246211757
2022/09/01 00:18,351521,81302A9B0,150841,813029090,0.03,Brazil Real,0.03,Brazil Real,ACH,0,0.005790946819805037
2022/09/01 00:00,349338,813040D60,149805,813040BD0,0.01,Brazil Real,0.01,Brazil Real,ACH,0,0.0019303156066016792
2022/09/01 00:08,350876,813058590,149805,8130584F0,0.02,Brazil Real,0.02,Brazil Real,ACH,0,0.0038606312132033584
2022/09/01 00:23,350511,8130AB270,149772,8130AB220,0.3,Brazil Real,0.3,Brazil Real,ACH,0,0.05790946819805037
2022/09/01 00:05,350655,8130F7F20,150730,8130F7E80,0.01,Brazil Real,0.01,Brazil Real,ACH,0,0.0019303156066016792
2022/09/01 00:10,352705,81327DAC0,50707,8132802F0,0.01,Brazil Real,0.01,Brazil Real,ACH,0,0.0019303156066016792
2022/09/01 00:06,350971,8132CED90,49750,8132D0940,0.02,Brazil Real,0.02,Brazil Real,ACH,0,0.0038606312132033584
2022/09/01 00:00,352883,813383680,149836,813383150,0.01,Brazil Real,0.01,Brazil Real,ACH,0,0.0019303156066016792
2022/09/01 00:25,350151,8133B8A10,49865,8133B8970,0.01,Brazil Real,0.01,Brazil Real,ACH,0,0.0019303156066016792
2022/09/01 00:06,349894,8133BAFF0,49750,8133B4E80,0.02,Brazil Real,0.02,Brazil Real,ACH,0,0.0038606312132033584
2022/09/01 00:04,351458,8133840C0,149836,813373B50,0.14,Brazil Real,0.14,Brazil Real,ACH,0,0.027024418492423513
2022/09/01 00:10,351113,813461AD0,52001,813461A80,0.02,Brazil Real,0.02,Brazil Real,ACH,0,0.0038606312132033584
2022/09/01 00:29,352175,81346E0D0,52311,81346BA10,0.01,Brazil Real,0.01,Brazil Real,ACH,0,0.0019303156066016792
2022/09/01 00:08,352707,8134D6CC0,149836,8134D6630,0.01,Brazil Real,0.01,Brazil Real,ACH,0,0.0019303156066016792
2022/09/01 00:17,353092,8134D6E50,150730,8134D6590,0.05,Brazil Real,0.05,Brazil Real,ACH,0,0.009651578033008397
2022/09/01 00:06,353281,8139F8330,17,8139F82E0,0.01,Swiss Franc,0.01,Swiss Franc,ACH,0,0.01020418575699752
2022/09/01 00:23,354236,813BA4300,253379,813BB29A0,0.01,Swiss Franc,0.01,Swiss Franc,ACH,0,0.01020418575699752
2022/09/01 00:11,353203,813BBD560,52898,813BBB0C0,0.33,Swiss Franc,0.33,Swiss Franc,ACH,0,0.3367381299809182
2022/09/01 00:05,353180,813CEB730,252477,813CEB6E0,0.01,Swiss Franc,0.01,Swiss Franc,ACH,0,0.01020418575699752
2022/09/01 00:20,354029,813CFAB10,253428,813CF48A0,0.01,Swiss Franc,0.01,Swiss Franc,ACH,0,0.01020418575699752
2022/09/01 00:24,354059,813DCDF40,18,813DCF8A0,0.01,Swiss Franc,0.01,Swiss Franc,ACH,0,0.01020418575699752
2022/09/01 00:08,354446,813DD2CE0,112,813DCE3F0,0.03,Swiss Franc,0.03,Swiss Franc,ACH,0,0.03061255727099256
2022/09/01 00:15,355174,8141AAAE0,53933,81419CAF0,0.01,Swiss Franc,0.01,Swiss Franc,ACH,0,0.01020418575699752
2022/09/01 00:15,354631,8142F0CF0,53736,8142F0C50,0.02,Swiss Franc,0.02,Swiss Franc,ACH,0,0.02040837151399504
2022/09/01 00:19,353309,814893A40,153802,814893490,0.01,Swiss Franc,0.01,Swiss Franc,ACH,0,0.01020418575699752
2022/09/01 00:08,152768,81360D7E0,53905,814EBB580,0.5,Swiss Franc,0.5,Swiss Franc,ACH,0,0.510209287849876
2022/09/01 00:05,345600,814EE1450,345600,814EE1450,0.02,Swiss Franc,0.03,Australian Dollar,ACH,0,0.020486205954657197
2022/09/01 00:21,154255,813E3E080,52860,81502C590,0.89,Swiss Franc,0.89,Swiss Franc,ACH,0,0.9081725323727793
2022/09/01 00:16,154255,813E3E080,52860,81502C590,0.55,Swiss Franc,0.55,Swiss Franc,Wire,0,0.5612302166348636
2022/09/01 00:06,358165,81538F800,157948,81538E6A0,0.04,Shekel,0.04,Shekel,ACH,0,0.011927836588638736
2022/09/01 00:28,358294,81548EFC0,14,81548FF90,0.01,Shekel,0.01,Shekel,ACH,0,0.002981959147159684
2022/09/01 00:17,358095,815492980,157900,81548FEF0,0.01,Shekel,0.01,Shekel,ACH,0,0.002981959147159684
2022/09/01 00:22,358182,81586DF60,58138,8158663E0,0.14,Shekel,0.14,Shekel,ACH,0,0.04174742806023558
2022/09/01 00:23,358294,81585DED0,113,81585C1E0,0.01,Shekel,0.01,Shekel,ACH,0,0.002981959147159684
2022/09/01 00:19,359217,8159BBE90,258606,8159B5190,0.2,Shekel,0.2,Shekel,ACH,0,0.05963918294319368
2022/09/01 00:25,359168,8159BDE20,115,8159BB4E0,0.01,Shekel,0.01,Shekel,ACH,0,0.002981959147159684
2022/09/01 00:16,359171,8159F70A0,257858,8159F3750,0.01,Shekel,0.01,Shekel,ACH,0,0.002981959147159684
2022/09/01 00:10,358256,8159E4F10,158021,8159DED60,0.01,Shekel,0.01,Shekel,ACH,0,0.002981959147159684
2022/09/01 00:28,358182,815C339D0,258799,815C33B10,0.15,Shekel,0.15,Shekel,ACH,0,0.044729387207395256
2022/09/01 00:12,358354,815C70ED0,259116,815C722C0,0.02,Shekel,0.02,Shekel,ACH,0,0.005963918294319368
2022/09/01 00:20,359217,815D4B640,259116,815D4C7E0,0.01,Shekel,0.01,Shekel,ACH,0,0.002981959147159684
2022/09/01 00:09,359231,815EBD150,1199,815EBD060,0.01,Shekel,0.01,Shekel,ACH,0,0.002981959147159684
2022/09/01 00:04,359154,815EBC500,257741,815EAF3E0,0.09,Shekel,0.09,Shekel,ACH,0,0.026837632324437154
2022/09/01 00:07,358124,815EFC4D0,158053,815F0F660,0.03,Shekel,0.03,Shekel,ACH,0,0.008945877441479051
2022/09/01 00:26,358294,815F61160,1199,815F60590,0.01,Shekel,0.01,Shekel,ACH,0,0.002981959147159684
2022/09/01 00:16,360240,815F67830,257741,815F69290,0.03,Shekel,0.03,Shekel,ACH,0,0.008945877441479051
2022/09/01 00:24,360508,81610CE10,115,81610D9D0,0.03,Shekel,0.03,Shekel,ACH,0,0.008945877441479051
2022/09/01 00:05,360300,81612B250,160372,8161465C0,0.23,Shekel,0.23,Shekel,ACH,0,0.06858506038467274
2022/09/01 00:08,359835,81616BA10,158021,81616BA60,0.02,Shekel,0.02,Shekel,ACH,0,0.005963918294319368
2022/09/01 00:10,359260,816251CD0,160259,81624D270,0.01,Shekel,0.01,Shekel,ACH,0,0.002981959147159684
2022/09/01 00:02,360826,8162ABE20,57466,816237510,0.01,Shekel,0.01,Shekel,ACH,0,0.002981959147159684
2022/09/01 00:11,360827,8162ABFF0,259555,816237AB0,0.01,Shekel,0.01,Shekel,ACH,0,0.002981959147159684
2022/09/01 00:29,346658,8162E6AF0,346658,8162E6AF0,0.01,Shekel,0.04,Mexican Peso,ACH,0,0.001981276932983308
2022/09/01 00:17,360968,81639E670,160643,81639E3F0,0.09,Shekel,0.09,Shekel,ACH,0,0.026837632324437154
2022/09/01 00:24,360991,8163BB900,160428,8163BDD10,0.01,Shekel,0.01,Shekel,ACH,0,0.002981959147159684
2022/09/01 00:15,360508,8160E5520,58848,8160E98B0,0.09,Shekel,0.09,Shekel,ACH,0,0.026837632324437154
2022/09/01 00:29,358523,816759580,160604,8167594E0,0.01,Shekel,0.01,Shekel,ACH,0,0.002981959147159684
2022/09/01 00:20,360113,816780460,157948,81677AF00,0.01,Shekel,0.01,Shekel,ACH,0,0.002981959147159684
2022/09/01 00:04,360871,816766B40,61422,816765940,0.11,Shekel,0.11,Shekel,ACH,0,0.032801550618756524
2022/09/01 00:07,361653,8167C4F30,59033,8167C56D0,0.04,Shekel,0.04,Shekel,ACH,0,0.011927836588638736
2022/09/01 00:14,358403,8167F9440,160137,81680C0D0,0.01,Shekel,0.01,Shekel,ACH,0,0.002981959147159684
2022/09/01 00:04,360975,816A83300,14,816A82B00,0.02,Shekel,0.02,Shekel,ACH,0,0.005963918294319368
2022/09/01 00:29,359033,816A87260,59704,816A802A0,0.01,Shekel,0.01,Shekel,ACH,0,0.002981959147159684
2022/09/01 00:07,364103,81769B760,64059,817699430,0.01,Saudi Riyal,0.01,Saudi Riyal,ACH,0,0.0026666666666666666
2022/09/01 00:09,216,8000E14F0,217,817151620,0.58,Saudi Riyal,0.58,Saudi Riyal,ACH,0,0.15466666666666665
2022/09/01 00:18,216,8171F4EE0,217,817208ED0,0.86,Saudi Riyal,0.86,Saudi Riyal,ACH,0,0.22933333333333333
2022/09/01 00:03,363488,8172FAD70,163233,8172FAE60,0.31,Saudi Riyal,0.31,Saudi Riyal,ACH,0,0.08266666666666667
2022/09/01 00:08,363305,81730B2F0,217,817302890,0.02,Saudi Riyal,0.02,Saudi Riyal,ACH,0,0.005333333333333333
2022/09/01 00:08,363450,81732BB80,18,81732BA90,0.01,Saudi Riyal,0.01,Saudi Riyal,ACH,0,0.0026666666666666666
2022/09/01 00:25,363337,817373040,263025,817372FF0,0.01,Saudi Riyal,0.01,Saudi Riyal,ACH,0,0.0026666666666666666
2022/09/01 00:24,363637,81757FA00,63834,81757F460,0.01,Saudi Riyal,0.01,Saudi Riyal,ACH,0,0.0026666666666666666
2022/09/01 00:25,115,81739A8F0,216,8175984B0,2.85,Saudi Riyal,2.85,Saudi Riyal,ACH,0,0.76
2022/09/01 00:03,115,81739A8F0,216,8175984B0,0.48,Saudi Riyal,0.48,Saudi Riyal,Wire,0,0.128
2022/09/01 00:28,363869,81759C1C0,115,81759C170,0.01,Saudi Riyal,0.01,Saudi Riyal,ACH,0,0.0026666666666666666
2022/09/01 00:27,363750,8175EF4C0,18,8175EC2C0,0.35,Saudi Riyal,0.35,Saudi Riyal,ACH,0,0.09333333333333332
2022/09/01 00:11,363341,817637F80,263431,817637900,0.01,Saudi Riyal,0.01,Saudi Riyal,ACH,0,0.0026666666666666666
2022/09/01 00:01,333305,81767AE40,333305,81767AE40,0.14,Saudi Riyal,2.94,Ruble,ACH,0,0.04870210545496712
2022/09/01 00:01,333305,81767AE40,163897,81767AC70,0.14,Saudi Riyal,0.14,Saudi Riyal,ACH,0,0.037333333333333336
2022/09/01 00:16,364101,8178293D0,18,8178292E0,0.01,Saudi Riyal,0.01,Saudi Riyal,ACH,0,0.0026666666666666666
2022/09/01 00:23,364413,817855900,63834,817855B20,0.01,Saudi Riyal,0.01,Saudi Riyal,ACH,0,0.0026666666666666666
2022/09/01 00:11,363488,81783D4A0,263025,817856F90,0.01,Saudi Riyal,0.01,Saudi Riyal,ACH,0,0.0026666666666666666
2022/09/01 00:21,364096,8178463B0,63834,8178589C0,0.01,Saudi Riyal,0.01,Saudi Riyal,ACH,0,0.0026666666666666666
2022/09/01 00:13,363513,81789E9D0,263186,81789E890,0.01,Saudi Riyal,0.01,Saudi Riyal,ACH,0,0.0026666666666666666
2022/09/01 00:09,364119,8178EF230,63834,8178EF1E0,0.01,Saudi Riyal,0.01,Saudi Riyal,ACH,0,0.0026666666666666666
2022/09/01 00:21,363305,817A245C0,115,817A26DF0,0.01,Saudi Riyal,0.01,Saudi Riyal,ACH,0,0.0026666666666666666
2022/09/01 00:23,364628,817A32B70,163897,817A32940,0.01,Saudi Riyal,0.01,Saudi Riyal,ACH,0,0.0026666666666666666
2022/09/01 00:20,364103,817A8E670,63940,817A8E5D0,0.01,Saudi Riyal,0.01,Saudi Riyal,ACH,0,0.0026666666666666666
2022/09/01 00:26,364316,8177D32B0,63779,8176E1C80,0.02,Saudi Riyal,0.02,Saudi Riyal,ACH,0,0.005333333333333333
2022/09/01 00:26,364771,817ABFFB0,64057,8176E1C30,0.01,Saudi Riyal,0.01,Saudi Riyal,ACH,0,0.0026666666666666666
2022/09/01 00:27,364614,817B014C0,164686,817AF3A30,0.02,Saudi Riyal,0.02,Saudi Riyal,ACH,0,0.005333333333333333
2022/09/01 00:16,363757,817B03790,64059,817AF62D0,0.02,Saudi Riyal,0.02,Saudi Riyal,ACH,0,0.005333333333333333
2022/09/01 00:15,331194,817B3BDE0,331194,817B3BDE0,0.01,Saudi Riyal,0.27,Ruble,ACH,0,0.004472642337701062
2022/09/01 00:28,364847,817B3C380,115,817B3BD90,0.04,Saudi Riyal,0.04,Saudi Riyal,ACH,0,0.010666666666666666
2022/09/01 00:05,364593,817ADCE10,163897,817B94D10,0.01,Saudi Riyal,0.01,Saudi Riyal,ACH,0,0.0026666666666666666
2022/09/01 00:05,364789,817D221E0,18,817D2C350,0.02,Saudi Riyal,0.02,Saudi Riyal,ACH,0,0.005333333333333333
2022/09/01 00:16,364069,817D33450,217,817D31C60,0.01,Saudi Riyal,0.01,Saudi Riyal,ACH,0,0.0026666666666666666
2022/09/01 00:12,365298,817E1BCF0,263431,817E1CF30,0.1,Saudi Riyal,0.1,Saudi Riyal,ACH,0,0.02666666666666667
2022/09/01 00:08,364882,817E20C40,216,817E23030,0.04,Saudi Riyal,0.04,Saudi Riyal,ACH,0,0.010666666666666666
2022/09/01 00:18,364076,817EDD320,264772,817EDD3C0,0.01,Saudi Riyal,0.01,Saudi Riyal,ACH,0,0.0026666666666666666
2022/09/01 00:05,363310,817EFE1A0,64057,817EF9C20,0.01,Saudi Riyal,0.01,Saudi Riyal,ACH,0,0.0026666666666666666
2022/09/01 00:27,363897,817F2E9A0,263574,817F32580,0.02,Saudi Riyal,0.02,Saudi Riyal,ACH,0,0.005333333333333333
2022/09/01 00:29,364124,817F41190,64059,817F0B870,0.01,Saudi Riyal,0.01,Saudi Riyal,ACH,0,0.0026666666666666666
2022/09/01 00:06,364503,817F7BB90,264152,817F7CB50,0.02,Saudi Riyal,0.02,Saudi Riyal,ACH,0,0.005333333333333333
2022/09/01 00:06,365567,817F9E4E0,65528,817F9E010,0.01,Saudi Riyal,0.01,Saudi Riyal,ACH,0,0.0026666666666666666
2022/09/01 00:21,365589,817FB7FE0,264152,817FB81B0,0.01,Saudi Riyal,0.01,Saudi Riyal,ACH,0,0.0026666666666666666
2022/09/01 00:21,363513,817FDC430,263186,817FD95E0,0.03,Saudi Riyal,0.03,Saudi Riyal,ACH,0,0.008
2022/09/01 00:04,365559,8180BB8F0,65300,81807D4A0,0.02,Saudi Riyal,0.02,Saudi Riyal,ACH,0,0.005333333333333333
2022/09/01 00:17,365161,8180EF050,164730,8180EEB40,0.05,Saudi Riyal,0.05,Saudi Riyal,ACH,0,0.013333333333333334
2022/09/01 00:05,364101,8180F37D0,164730,8180F1880,0.01,Saudi Riyal,0.01,Saudi Riyal,ACH,0,0.0026666666666666666
2022/09/01 00:01,363757,8181A4D80,265175,8181A4C90,0.03,Saudi Riyal,0.03,Saudi Riyal,ACH,0,0.008
2022/09/01 00:05,363851,8181C4C10,115,8181C5620,0.06,Saudi Riyal,0.06,Saudi Riyal,ACH,0,0.016
2022/09/01 00:12,364103,8184869C0,63940,818486920,1.04,Saudi Riyal,1.04,Saudi Riyal,ACH,0,0.2773333333333333
2022/09/01 00:02,364345,818564090,63940,818566880,0.01,Saudi Riyal,0.01,Saudi Riyal,ACH,0,0.0026666666666666666
2022/09/01 00:18,366412,8184D57D0,65300,8181DA3E0,0.01,Saudi Riyal,0.01,Saudi Riyal,ACH,0,0.0026666666666666666
2022/09/01 00:12,332502,8186E9E40,332502,8186E9E40,0.04,Saudi Riyal,0.88,Ruble,ACH,0,0.014577500952507165
2022/09/01 00:09,365633,8186E9090,165440,81763CBE0,0.02,Saudi Riyal,0.02,Saudi Riyal,ACH,0,0.005333333333333333
2022/09/01 00:23,366913,8187E3F00,64657,81881FD60,0.01,Saudi Riyal,0.01,Saudi Riyal,ACH,0,0.0026666666666666666
2022/09/01 00:29,364503,81881AE40,263431,8187E3520,0.02,Saudi Riyal,0.02,Saudi Riyal,ACH,0,0.005333333333333333
2022/09/01 00:18,365771,818926C90,263574,818926C40,0.01,Saudi Riyal,0.01,Saudi Riyal,ACH,0,0.0026666666666666666
2022/09/01 00:05,363794,8189CF080,165768,8189CED70,0.01,Saudi Riyal,0.01,Saudi Riyal,ACH,0,0.0026666666666666666
2022/09/01 00:15,367165,818D43150,66944,818D42870,0.01,Saudi Riyal,0.01,Saudi Riyal,ACH,0,0.0026666666666666666
2022/09/01 00:01,367860,818D84BA0,66930,818D86120,0.1,Saudi Riyal,0.1,Saudi Riyal,ACH,0,0.02666666666666667
2022/09/01 00:08,365814,818D8C9F0,115,818D8C720,0.01,Saudi Riyal,0.01,Saudi Riyal,ACH,0,0.0026666666666666666
2022/09/01 00:18,367300,818E70DA0,63779,818E711F0,0.79,Saudi Riyal,0.79,Saudi Riyal,ACH,0,0.21066666666666667
2022/09/01 00:18,347301,81905A7D0,347301,81905A7D0,0.01,Saudi Riyal,0.05,Mexican Peso,ACH,0,0.002476596166229135
2022/09/01 00:28,367853,819306450,263025,8193062C0,0.01,Saudi Riyal,0.01,Saudi Riyal,ACH,0,0.0026666666666666666
2022/09/01 00:12,364728,8193CCB80,268370,8193CCB30,0.01,Saudi Riyal,0.01,Saudi Riyal,ACH,0,0.0026666666666666666
2022/09/01 00:19,366412,8193D5140,65300,8193D9180,0.03,Saudi Riyal,0.03,Saudi Riyal,ACH,0,0.008
2022/09/01 00:10,364712,8193BFD10,268173,8193BAF80,0.01,Saudi Riyal,0.01,Saudi Riyal,ACH,0,0.0026666666666666666
2022/09/01 00:27,364712,8193C0A40,168420,8193BE320,0.02,Saudi Riyal,0.02,Saudi Riyal,ACH,0,0.005333333333333333
2022/09/01 00:10,363479,819403270,68552,8194009A0,0.02,Saudi Riyal,0.02,Saudi Riyal,ACH,0,0.005333333333333333
2022/09/01 00:12,365655,819403BB0,165852,819401F80,0.03,Saudi Riyal,0.03,Saudi Riyal,ACH,0,0.008
2022/09/01 00:18,367995,8194353F0,168575,819421A50,0.01,Saudi Riyal,0.01,Saudi Riyal,ACH,0,0.0026666666666666666
2022/09/01 00:26,363832,819487610,264772,819487B00,0.02,Saudi Riyal,0.02,Saudi Riyal,ACH,0,0.005333333333333333
2022/09/01 00:28,365298,8194BB2A0,266734,8194BB250,0.03,Saudi Riyal,0.03,Saudi Riyal,ACH,0,0.008
2022/09/01 00:10,21414,800C2E661,21414,800C2E660,3.5e-05,Bitcoin,0.42,US Dollar,Wire,0,0.42
2022/09/01 00:21,217226,814F41F51,217226,814F41F50,4.3e-05,Bitcoin,0.51,US Dollar,ACH,0,0.51
2022/09/01 00:11,24,80C3ED011,24,80C3ED010,3e-06,Bitcoin,0.03,UK Pound,ACH,0,0.03477373887240356
2022/09/01 00:07,24,80C3ED011,24,80C3ED010,1e-06,Bitcoin,0.01,UK Pound,ACH,0,0.011591246290801186
2022/09/01 00:28,1889,81554D0D1,1889,81554D0D0,7e-05,Bitcoin,0.83,US Dollar,ACH,0,0.83
2022/09/01 00:06,5571,80B9685B1,5571,80B9685B0,1.5e-05,Bitcoin,0.18,US Dollar,ACH,0,0.18
2022/09/01 00:13,5571,80B9685B1,5571,80B9685B0,6e-06,Bitcoin,0.08,US Dollar,ACH,0,0.08
2022/09/01 00:18,365889,81A382211,365889,81A382210,1e-06,Bitcoin,0.06,Saudi Riyal,ACH,0,0.016
2022/09/01 00:05,126688,81726C5E1,126688,81726C5E0,1.3e-05,Bitcoin,0.16,US Dollar,ACH,0,0.16
2022/09/01 00:13,126688,81726C5E1,126688,81726C5E0,1e-05,Bitcoin,0.12,US Dollar,ACH,0,0.12
2022/09/01 00:19,336514,81A67C181,336514,81A67C180,3e-06,Bitcoin,0.04,Canadian Dollar,ACH,0,0.030441400304414
2022/09/01 00:26,169489,81A50A6E0,169489,81A50A6E1,3.57,Euro,0.000352,Bitcoin,Wire,0,1.7783975223689064e-08
2022/09/01 00:06,8814,807B3D0F1,8814,807B3D0F0,5e-06,Bitcoin,0.06,US Dollar,ACH,0,0.06
2022/09/01 00:14,226290,812C80CB1,226290,812C80CB0,1e-06,Bitcoin,0.01,US Dollar,Wire,0,0.01
2022/09/01 00:18,226290,812C80CB1,226290,812C80CB0,1e-06,Bitcoin,0.02,US Dollar,ACH,0,0.02
2022/09/01 00:10,72474,81AC46EB0,72474,81AC46EB1,39.79,US Dollar,0.003349,Bitcoin,Wire,0,1.6920037790947351e-07
2022/09/01 00:09,26,803B62FF1,26,803B62FF0,3e-06,Bitcoin,0.27,Yuan,ACH,0,0.0391304347826087
2022/09/01 00:06,26,803B62FF1,26,803B62FF0,1.7e-05,Bitcoin,1.33,Yuan,Wire,0,0.1927536231884058
2022/09/01 00:02,171723,81AF35010,171723,81AF35011,0.06,Euro,6e-06,Bitcoin,ACH,0,3.031359413128818e-10
2022/09/01 00:12,22661,80F095941,22661,80F095940,6.7e-05,Bitcoin,0.8,US Dollar,ACH,0,0.8
2022/09/01 00:08,234992,814427DC1,234992,814427DC0,1.8e-05,Bitcoin,0.22,US Dollar,ACH,0,0.22
2022/09/01 00:16,234992,814427DC1,234992,814427DC0,3.6e-05,Bitcoin,0.43,US Dollar,ACH,0,0.43
2022/09/01 00:21,237110,812A3DD71,237110,812A3DD70,6.9e-05,Bitcoin,0.82,US Dollar,ACH,0,0.82
2022/09/01 00:04,237110,812A3DD71,237110,812A3DD70,2.6e-05,Bitcoin,0.31,US Dollar,Wire,0,0.31
2022/09/01 00:00,237110,812A3DD71,237110,812A3DD70,1.4e-05,Bitcoin,0.17,US Dollar,ACH,0,0.17
2022/09/01 00:27,146058,812E73CE1,146058,812E73CE0,9.1e-05,Bitcoin,0.93,Euro,ACH,0,0.9298140371925615
2022/09/01 00:10,11756,8085CD881,11756,8085CD880,6e-06,Bitcoin,0.44,Yuan,ACH,0,0.06376811594202898
2022/09/01 00:13,217798,816EFFD81,217798,816EFFD80,2.6e-05,Bitcoin,0.3,US Dollar,ACH,0,0.3
2022/09/01 00:19,217798,816EFFD81,217798,816EFFD80,6.2e-05,Bitcoin,0.74,US Dollar,ACH,0,0.74
2022/09/01 00:25,217798,816EFFD81,217798,816EFFD80,2.1e-05,Bitcoin,0.25,US Dollar,Wire,0,0.25
2022/09/01 00:24,75221,81B9D7C70,75221,81B9D7C71,3343.15,Yen,0.002669,Bitcoin,ACH,0,1.3484497122734691e-07
2022/09/01 00:26,2860,80F2FF141,2860,80F2FF140,7.1e-05,Bitcoin,0.84,US Dollar,ACH,0,0.84
2022/09/01 00:27,147509,81212BD61,147509,81212BD60,5e-06,Bitcoin,0.06,US Dollar,ACH,0,0.06
2022/09/01 00:15,147509,81212BD61,147509,81212BD60,1e-06,Bitcoin,0.01,US Dollar,ACH,0,0.01
2022/09/01 00:07,335728,81BBE4C61,335728,81BBE4C60,5e-06,Bitcoin,0.05,UK Pound,ACH,0,0.057956231454005934
2022/09/01 00:16,112711,8050D5B91,112711,8050D5B90,6.6e-05,Bitcoin,5.25,Yuan,ACH,0,0.7608695652173912
2022/09/01 00:13,112711,8050D5B91,112711,8050D5B90,8e-06,Bitcoin,0.66,Yuan,Wire,0,0.09565217391304348
2022/09/01 00:03,112711,8050D5B91,112711,8050D5B90,1.1e-05,Bitcoin,0.86,Yuan,Wire,0,0.12463768115942028
2022/09/01 00:16,1812,80331DC11,1812,80331DC10,6.8e-05,Bitcoin,0.81,US Dollar,ACH,0,0.81
2022/09/01 00:27,274940,81BC8D780,274940,81BC8D781,27.51,Canadian Dollar,0.001755,Bitcoin,ACH,0,8.866726283401792e-08
2022/09/01 00:17,226290,8125795B1,226290,8125795B0,1.9e-05,Bitcoin,0.22,US Dollar,ACH,0,0.22
2022/09/01 00:12,226290,8125795B1,226290,8125795B0,3.1e-05,Bitcoin,0.37,US Dollar,ACH,0,0.37
2022/09/01 00:10,133539,8125ADF71,133539,8125ADF70,3.3e-05,Bitcoin,0.39,US Dollar,ACH,0,0.39
2022/09/01 00:19,336387,81BE9BD21,336387,81BE9BD20,2e-06,Bitcoin,0.02,Canadian Dollar,ACH,0,0.015220700152207
2022/09/01 00:26,15640,80741FCD1,15640,80741FCD0,6.5e-05,Bitcoin,0.77,US Dollar,Wire,0,0.77
2022/09/01 00:19,15640,80741FCD1,15640,80741FCD0,2.9e-05,Bitcoin,0.34,US Dollar,ACH,0,0.34
2022/09/01 00:25,29448,80501EE21,29448,80501EE20,3.3e-05,Bitcoin,0.39,US Dollar,ACH,0,0.39
2022/09/01 00:18,174291,81C003D40,174291,81C003D41,5080.04,Mexican Peso,0.020221,Bitcoin,ACH,0,1.021618644881297e-06
2022/09/01 00:12,2514,8198DA0C1,2514,8198DA0C0,8.5e-05,Bitcoin,0.87,Euro,ACH,0,0.8698260347930414
2022/09/01 00:31,224,8002ECF00,349,802B79260,0.26,US Dollar,0.26,US Dollar,ACH,0,0.26
2022/09/01 00:45,12592,800F9EC90,11483,8047C7180,0.8,US Dollar,0.8,US Dollar,ACH,0,0.8
2022/09/01 00:47,12,800611380,24216,804D105B0,0.1,US Dollar,0.1,US Dollar,Wire,0,0.1
2022/09/01 00:41,1422,8003DB6A0,4187,8050CFA60,0.61,US Dollar,0.61,US Dollar,Wire,0,0.61
2022/09/01 00:48,1,80005CA70,2368,805182900,0.32,US Dollar,0.32,US Dollar,ACH,0,0.32
2022/09/01 00:44,2196,804D408C0,1889,8057D52B0,0.06,US Dollar,0.06,US Dollar,ACH,0,0.06
2022/09/01 00:48,2196,804D408C0,1889,8057D52B0,0.03,US Dollar,0.03,US Dollar,Wire,0,0.03
2022/09/01 00:46,1217,801D1D5D0,119927,8076644B0,0.85,US Dollar,0.85,US Dollar,Wire,0,0.85
2022/09/01 00:46,24523,8074B7C60,11701,809FF6040,0.21,US Dollar,0.21,US Dollar,ACH,0,0.21
2022/09/01 00:46,34872,80BA31150,19561,80BA2F700,0.01,US Dollar,0.01,US Dollar,ACH,0,0.01
2022/09/01 00:46,11,806EAAF20,11,806EAAF20,0.64,US Dollar,0.54,Euro,ACH,0,0.539892021595681
2022/09/01 00:46,11,806EAAF20,14133,80C7A64D0,0.64,US Dollar,0.64,US Dollar,ACH,0,0.64
2022/09/01 00:35,11,806EAAF20,11,806EAAF20,0.12,US Dollar,0.11,Euro,ACH,0,0.10997800439912019
2022/09/01 00:35,11,806EAAF20,14133,80C7A64D0,0.12,US Dollar,0.12,US Dollar,Wire,0,0.12
2022/09/01 00:53,27425,803172FF0,27425,803172FF0,0.04,US Dollar,0.3,Yuan,ACH,0,0.043478260869565216
2022/09/01 00:53,27425,803172FF0,29158,80CDD01E0,0.04,US Dollar,0.04,US Dollar,Wire,0,0.04
2022/09/01 00:32,1,80CE7FCD0,6314,80D0DD970,0.63,US Dollar,0.63,US Dollar,ACH,0,0.63
2022/09/01 00:37,322953,814739A40,217226,814737FE0,0.01,US Dollar,0.01,US Dollar,ACH,0,0.01
2022/09/01 00:52,211374,814050D50,138580,814D5F0C0,0.11,US Dollar,0.11,US Dollar,ACH,0,0.11
2022/09/01 00:46,1120,801D6B170,245564,816327EF0,0.6,US Dollar,0.6,US Dollar,ACH,0,0.6
2022/09/01 00:54,354133,8182583E0,215721,818258200,0.01,US Dollar,0.01,US Dollar,ACH,0,0.01
2022/09/01 00:43,21876,8029FBE60,14195,803781820,0.6,Euro,0.6,Euro,Wire,0,0.5998800239952009
2022/09/01 00:32,3454,806DF7ED0,6829,806DF5D00,0.01,Euro,0.01,Euro,ACH,0,0.009998000399920017
2022/09/01 00:35,600,8003C5140,10881,8088F9B20,0.21,Euro,0.21,Euro,ACH,0,0.20995800839832032
2022/09/01 00:40,600,8003C5140,10881,8088F9B20,0.31,Euro,0.31,Euro,Wire,0,0.3099380123975205
2022/09/01 00:57,23726,80DDFBF90,14851,81669DE60,0.1,Euro,0.1,Euro,Wire,0,0.09998000399920016
2022/09/01 00:53,5383,8024062D0,248188,81A59E060,0.48,Euro,0.48,Euro,Wire,0,0.47990401919616077
2022/09/01 00:49,1768,80933F230,264855,81B1274C0,0.44,Euro,0.44,Euro,Wire,0,0.43991201759648074
2022/09/01 00:31,37189,802BDC140,17213,802BDBF60,0.01,Yuan,0.01,Yuan,ACH,0,0.0014492753623188406
2022/09/01 00:48,27425,8036F7A80,110164,804E890A0,5.66,Yuan,5.66,Yuan,ACH,0,0.8202898550724638
2022/09/01 00:36,313674,804EFABC0,15885,804EFF560,0.03,Yuan,0.03,Yuan,ACH,0,0.004347826086956521
2022/09/01 00:43,310139,8055749A0,110400,8055748B0,0.01,Yuan,0.01,Yuan,ACH,0,0.0014492753623188406
2022/09/01 00:39,26922,8039C1F70,692,8126C4070,2.73,Yuan,2.73,Yuan,ACH,0,0.39565217391304347
2022/09/01 00:47,313576,8135B4A60,119340,8135B4AB0,0.02,Yuan,0.02,Yuan,ACH,0,0.002898550724637681
2022/09/01 00:37,375206,81B82DC50,110593,81B873890,0.02,Yuan,0.02,Yuan,ACH,0,0.002898550724637681
2022/09/01 00:39,310658,805C0C8A0,215278,805C0B350,0.46,Yen,0.46,Yen,ACH,0,0.003301277450839673
2022/09/01 00:44,322330,8081B8EA0,21886,80836CCD0,0.67,Yen,0.67,Yen,ACH,0,0.0048083823740490885
2022/09/01 00:35,217662,80813F1D0,17380,81581A030,83.53,Yen,83.53,Yen,ACH,0,0.5994689249318215
2022/09/01 00:54,324874,8091C5AD0,23544,8091C6090,0.03,Rupee,0.03,Rupee,ACH,0,0.0003771544950529902
2022/09/01 00:53,323866,8092A8130,224699,8092BB3C0,0.3,Rupee,0.3,Rupee,ACH,0,0.0037715449505299017
2022/09/01 00:48,24816,80C0619D0,25,80EB7E470,7.21,Rupee,7.21,Rupee,Wire,0,0.09064279697773531
2022/09/01 00:39,116,811DE7280,249331,812B4F890,2.16,Brazil Real,2.16,Brazil Real,ACH,0,0.41694817102596277
2022/09/01 00:35,252477,813605930,252477,813847780,0.34,Swiss Franc,0.34,Swiss Franc,ACH,0,0.34694231573791573
2022/09/01 00:58,253428,813CDE850,154255,81431ECE0,0.04,Swiss Franc,0.04,Swiss Franc,ACH,0,0.04081674302799008
2022/09/01 00:33,356056,814FEC020,55081,815013FD0,0.01,Swiss Franc,0.01,Swiss Franc,ACH,0,0.01020418575699752
2022/09/01 00:35,115,8150ACC00,14,815228290,0.9,Shekel,0.9,Shekel,ACH,0,0.26837632324437155
2022/09/01 00:35,359032,815C15C50,1199,815C6D6E0,0.01,Shekel,0.01,Shekel,ACH,0,0.002981959147159684
2022/09/01 00:51,315508,817327C50,315508,817327C50,0.01,Saudi Riyal,0.01,Yuan,ACH,0,0.0014492753623188406
2022/09/01 00:51,315508,817327C50,18,817324180,0.01,Saudi Riyal,0.01,Saudi Riyal,ACH,0,0.0026666666666666666
2022/09/01 00:54,363829,817A92420,216,817A92330,0.01,Saudi Riyal,0.01,Saudi Riyal,ACH,0,0.0026666666666666666
2022/09/01 00:48,364119,817AFAC90,64059,817AFABF0,0.1,Saudi Riyal,0.1,Saudi Riyal,ACH,0,0.02666666666666667
2022/09/01 00:34,366454,818E06EF0,63834,818E08A50,0.1,Saudi Riyal,0.1,Saudi Riyal,ACH,0,0.02666666666666667
2022/09/01 00:40,365728,818E43270,115,818E38DF0,0.03,Saudi Riyal,0.03,Saudi Riyal,ACH,0,0.008
2022/09/01 00:41,368875,8193618D0,266406,818FD22E0,0.01,Saudi Riyal,0.01,Saudi Riyal,ACH,0,0.0026666666666666666
2022/09/01 00:36,22661,80D016C81,22661,80D016C80,5e-06,Bitcoin,0.06,US Dollar,ACH,0,0.06
2022/09/01 00:56,22661,80D016C81,22661,80D016C80,5e-06,Bitcoin,0.06,US Dollar,ACH,0,0.06
2022/09/01 00:40,13243,813A46121,13243,813A46120,4e-06,Bitcoin,0.04,US Dollar,ACH,0,0.04
2022/09/01 00:54,26453,80685D621,26453,80685D620,6.7e-05,Bitcoin,0.8,US Dollar,ACH,0,0.8
2022/09/01 00:33,25526,804445D31,25526,804445D30,7.1e-05,Bitcoin,0.84,US Dollar,Wire,0,0.84
2022/09/01 00:31,15783,808860DF1,15783,808860DF0,2e-06,Bitcoin,0.02,US Dollar,ACH,0,0.02
2022/09/01 00:46,15783,808860DF1,15783,808860DF0,1.3e-05,Bitcoin,0.15,US Dollar,Wire,0,0.15
2022/09/01 01:05,12,80005C2E0,224,8001FBC30,0.97,US Dollar,0.97,US Dollar,ACH,0,0.97
2022/09/01 01:22,2860,80056F030,21260,8009EB8B0,0.72,US Dollar,0.72,US Dollar,ACH,0,0.72
2022/09/01 01:07,11701,80131CA00,13821,801B3A290,0.75,US Dollar,0.75,US Dollar,Wire,0,0.75
2022/09/01 01:03,11770,800CCCD30,6314,8030DDC40,0.12,US Dollar,0.12,US Dollar,ACH,0,0.12
2022/09/01 01:13,313648,806D9D700,6045,806D9D5C0,0.04,US Dollar,0.04,US Dollar,ACH,0,0.04
2022/09/01 01:16,324042,8090279F0,219054,809027950,0.01,US Dollar,0.01,US Dollar,ACH,0,0.01
2022/09/01 01:01,122967,80960B320,25443,80D01E090,0.18,US Dollar,0.18,US Dollar,ACH,0,0.18
2022/09/01 01:24,34098,80E918B30,19589,80E9AF6E0,0.01,US Dollar,0.01,US Dollar,ACH,0,0.01
2022/09/01 01:04,24633,8079B6050,11305,8100EF290,0.44,US Dollar,0.44,US Dollar,Wire,0,0.44
2022/09/01 01:14,131099,80E8E4500,235053,811927A10,0.46,US Dollar,0.46,US Dollar,Wire,0,0.46
2022/09/01 01:01,116473,807A830E0,232746,811C09E80,0.61,US Dollar,0.61,US Dollar,ACH,0,0.61
2022/09/01 01:10,39690,8137DD100,13474,8137D5DA0,0.01,US Dollar,0.01,US Dollar,ACH,0,0.01
2022/09/01 01:09,11,800111050,28865,81382BFA0,0.07,US Dollar,0.07,US Dollar,Wire,0,0.07
2022/09/01 01:11,37571,815374F80,219782,8153763C0,0.01,US Dollar,0.01,US Dollar,ACH,0,0.01
2022/09/01 01:21,38223,8161DB720,5855,8161EA610,0.09,US Dollar,0.09,US Dollar,ACH,0,0.09
2022/09/01 01:06,355244,816E568C0,21547,816E56320,0.01,US Dollar,0.01,US Dollar,ACH,0,0.01
2022/09/01 01:13,324342,816E774A0,133620,816E8C960,0.06,US Dollar,0.06,US Dollar,ACH,0,0.06
2022/09/01 01:24,3389,80DF667B0,23760,8199B2360,0.24,US Dollar,0.24,US Dollar,ACH,0,0.24
2022/09/01 01:25,120364,81084A370,264122,81A15DF70,0.38,US Dollar,0.38,US Dollar,ACH,0,0.38
2022/09/01 01:13,323023,81B2B6660,161609,81B2B2DF0,0.01,US Dollar,0.01,US Dollar,ACH,0,0.01
2022/09/01 01:16,215571,817D65030,257646,81BD62CF0,0.95,US Dollar,0.95,US Dollar,ACH,0,0.95
2022/09/01 01:15,425,800577310,11314,8007AB810,0.07,Euro,0.07,Euro,ACH,0,0.06998600279944012
2022/09/01 01:20,3671,801AEE670,14003,801E1BE40,0.27,Euro,0.27,Euro,ACH,0,0.2699460107978405
2022/09/01 01:09,329915,80EE27AD0,229425,80EE28EB0,0.01,Euro,0.01,Euro,ACH,0,0.009998000399920017
2022/09/01 01:10,19629,807B43C80,25384,8118C8D20,0.57,Euro,0.57,Euro,ACH,0,0.5698860227954409
2022/09/01 01:28,19629,807B43C80,25384,8118C8D20,0.31,Euro,0.31,Euro,Wire,0,0.3099380123975205
2022/09/01 01:11,3655,813F6BD40,151378,813F6A340,0.15,Euro,0.15,Euro,ACH,0,0.14997000599880023
2022/09/01 01:27,331918,816C155E0,254821,816C153B0,0.01,Euro,0.01,Euro,ACH,0,0.009998000399920017
2022/09/01 01:21,32469,81B8A1820,20798,81B8A1CD0,0.01,Euro,0.01,Euro,ACH,0,0.009998000399920017
2022/09/01 01:19,313638,8050092A0,13255,805005C60,0.02,Yuan,0.02,Yuan,ACH,0,0.002898550724637681
2022/09/01 01:28,314173,814E3AC10,29900,814E412F0,0.01,Yuan,0.01,Yuan,ACH,0,0.0014492753623188406
2022/09/01 01:00,315720,805B69EB0,215557,805C48620,1.99,Yen,1.99,Yen,ACH,0,0.014281613319936845
2022/09/01 01:15,312008,80695E690,116914,80695E640,0.07,Yen,0.07,Yen,ACH,0,0.0005023683077364719
2022/09/01 01:18,320996,8079F3850,217087,8079F3760,0.06,Yen,0.06,Yen,ACH,0,0.0004306014066312616
2022/09/01 01:27,323268,806A41570,215620,806A44D40,0.13,Yen,0.13,Yen,ACH,0,0.0009329697143677337
2022/09/01 01:24,310658,80A7500B0,17096,80A7503D0,1.17,Yen,1.17,Yen,ACH,0,0.008396727429309601
2022/09/01 01:26,324987,809175970,123568,809174DF0,0.22,Rupee,0.22,Rupee,ACH,0,0.002765799630388595
2022/09/01 01:22,325131,809825A80,224257,80981A850,0.08,Rupee,0.08,Rupee,ACH,0,0.001005745320141307
2022/09/01 01:28,323747,809B00AD0,225784,809B000F0,0.14,Rupee,0.14,Rupee,ACH,0,0.0017600543102472878
2022/09/01 01:26,328007,80A350FD0,226085,809F416D0,0.02,Rupee,0.02,Rupee,ACH,0,0.00025143633003532677
2022/09/01 01:13,329084,80A941EC0,28455,80A943D30,0.46,Rupee,0.46,Rupee,ACH,0,0.005783035590812517
2022/09/01 01:09,324536,80E88A070,27037,80E87F1C0,0.14,Rupee,0.14,Rupee,ACH,0,0.0017600543102472878
2022/09/01 01:16,330281,80B0061F0,23,80B006740,0.03,Ruble,0.03,Ruble,ACH,0,0.0004969602597445624
2022/09/01 01:04,241469,80F4EA6F0,41542,80F61DF80,0.49,Australian Dollar,0.49,Australian Dollar,Wire,0,0.33460803059273425
2022/09/01 01:10,246242,8112D1C70,46152,81130D600,0.44,Mexican Peso,0.44,Mexican Peso,ACH,0,0.021794046262816384
2022/09/01 01:09,246242,8112D1C70,46152,81130D600,0.21,Mexican Peso,0.21,Mexican Peso,Wire,0,0.010401703898162366
2022/09/01 01:11,347168,811E54AC0,347168,811E54AC0,0.02,Brazil Real,0.06,Mexican Peso,ACH,0,0.0029719153994749617
2022/09/01 01:16,10,811E40FF0,150028,81275E550,2.43,Brazil Real,2.43,Brazil Real,ACH,0,0.46906669240420806
2022/09/01 01:26,358472,815548EF0,257741,8155490C0,0.01,Shekel,0.01,Shekel,ACH,0,0.002981959147159684
2022/09/01 01:16,358472,8165DD790,257433,8165DDBC0,0.02,Shekel,0.02,Shekel,ACH,0,0.005963918294319368
2022/09/01 01:15,259272,8162A2740,157900,816737830,2.12,Shekel,2.12,Shekel,ACH,0,0.6321753391978531
2022/09/01 01:27,359913,8167D7D70,60175,816750150,0.02,Shekel,0.02,Shekel,ACH,0,0.005963918294319368
2022/09/01 01:29,364101,817699E80,216,81769A000,0.04,Saudi Riyal,0.04,Saudi Riyal,ACH,0,0.010666666666666666
2022/09/01 01:06,363757,81789A080,163897,817896B20,0.02,Saudi Riyal,0.02,Saudi Riyal,ACH,0,0.005333333333333333
2022/09/01 01:09,363450,817AC4690,63779,8176E1C80,0.04,Saudi Riyal,0.04,Saudi Riyal,ACH,0,0.010666666666666666
2022/09/01 01:13,115329,80FA3CB91,115329,80FA3CB90,1e-06,Bitcoin,0.05,Yuan,ACH,0,0.007246376811594203
2022/09/01 01:08,115329,80FA3CB91,115329,80FA3CB90,1e-06,Bitcoin,0.07,Yuan,Wire,0,0.010144927536231885
2022/09/01 01:19,16456,806AFD201,16456,806AFD200,2.5e-05,Bitcoin,0.3,US Dollar,ACH,0,0.3
2022/09/01 01:19,16456,806AFD201,16456,806AFD200,2.3e-05,Bitcoin,0.28,US Dollar,ACH,0,0.28
2022/09/01 01:27,236488,814B886B1,236488,814B886B0,3.3e-05,Bitcoin,0.39,US Dollar,ACH,0,0.39
2022/09/01 01:11,140797,817079AD1,140797,817079AD0,4e-06,Bitcoin,0.04,US Dollar,ACH,0,0.04
2022/09/01 01:15,140797,817079AD1,140797,817079AD0,2e-06,Bitcoin,0.02,US Dollar,ACH,0,0.02
2022/09/01 01:29,119927,80A024431,119927,80A024430,5e-06,Bitcoin,0.06,US Dollar,ACH,0,0.06
2022/09/01 01:23,119927,80A024431,119927,80A024430,2e-06,Bitcoin,0.02,US Dollar,ACH,0,0.02
2022/09/01 01:30,11,802DC46B0,11,802DC46B0,0.42,US Dollar,0.36,Euro,ACH,0,0.3599280143971206
2022/09/01 01:30,11,802DC46B0,1639,8031897F0,0.42,US Dollar,0.42,US Dollar,Wire,0,0.42
2022/09/01 01:56,2196,8015283D0,115216,805A63B50,0.03,US Dollar,0.03,US Dollar,ACH,0,0.03
2022/09/01 01:42,21260,80081F040,3533,805F002C0,0.85,US Dollar,0.85,US Dollar,Wire,0,0.85
2022/09/01 01:34,22031,805CF0780,14133,8073FC3F0,0.46,US Dollar,0.46,US Dollar,Wire,0,0.46
2022/09/01 01:33,8814,807BABCA0,24523,807CA4680,0.64,US Dollar,0.64,US Dollar,Wire,0,0.64
2022/09/01 01:54,11047,8022278D0,221024,80A0304B0,0.14,US Dollar,0.14,US Dollar,ACH,0,0.14
2022/09/01 01:47,13210,803F554B0,24216,80AA04100,0.76,US Dollar,0.76,US Dollar,Wire,0,0.76
2022/09/01 01:33,4790,808BE3440,18247,80B035770,0.35,US Dollar,0.35,US Dollar,Wire,0,0.35
2022/09/01 01:42,214107,80B7FFC00,25443,80C508B50,0.21,US Dollar,0.21,US Dollar,ACH,0,0.21
2022/09/01 01:47,221024,80B5CECF0,216093,80D025F80,0.62,US Dollar,0.62,US Dollar,ACH,0,0.62
2022/09/01 01:54,221024,80B5CECF0,216093,80D025F80,0.05,US Dollar,0.05,US Dollar,Wire,0,0.05
2022/09/01 01:48,316702,8116FDA20,27155,8116FDB60,0.01,US Dollar,0.01,US Dollar,ACH,0,0.01
2022/09/01 01:51,234717,811E14BB0,21647,8123DD050,0.77,US Dollar,0.77,US Dollar,ACH,0,0.77
2022/09/01 01:42,344297,81366B920,18270,8136734C0,0.01,US Dollar,0.01,US Dollar,ACH,0,0.01
2022/09/01 01:47,9856,80494B800,9856,80494B800,0.41,US Dollar,2.73,Yuan,ACH,0,0.39565217391304347
2022/09/01 01:54,20,80010AC20,137029,81AAFB1D0,0.92,US Dollar,0.92,US Dollar,Wire,0,0.92
2022/09/01 01:57,32441,801C11F70,13590,801C118F0,0.02,Euro,0.02,Euro,ACH,0,0.019996000799840034
2022/09/01 01:52,34534,801D576D0,21444,801D544E0,0.01,Euro,0.01,Euro,ACH,0,0.009998000399920017
2022/09/01 01:30,310941,803F53A10,14172,803F539C0,0.06,Euro,0.06,Euro,ACH,0,0.059988002399520096
2022/09/01 01:41,33837,805893C70,211012,805887210,0.02,Euro,0.02,Euro,ACH,0,0.019996000799840034
2022/09/01 01:31,11314,802C3F280,6829,807857310,0.72,Euro,0.72,Euro,Wire,0,0.7198560287942412
2022/09/01 01:49,110164,804B73D40,110164,804B73D40,0.11,Euro,0.9,Yuan,ACH,0,0.13043478260869565
2022/09/01 01:49,110164,804B73D40,214554,80B90DC40,0.11,Euro,0.11,Euro,Wire,0,0.10997800439912019
2022/09/01 01:54,24643,807719FD0,8087,812DA9D70,0.35,Euro,0.35,Euro,ACH,0,0.34993001399720053
2022/09/01 01:34,394,8002CDA20,125589,8144A4010,0.91,Euro,0.91,Euro,Wire,0,0.9098180363927215
2022/09/01 01:44,25856,8087D8E50,233908,8171C6B00,0.08,Euro,0.08,Euro,Wire,0,0.07998400319936014
2022/09/01 01:54,39166,803D14A10,210091,803D15240,0.03,Yuan,0.03,Yuan,ACH,0,0.004347826086956521
2022/09/01 01:42,29867,803DA17D0,212405,804F356E0,6.63,Yuan,6.63,Yuan,ACH,0,0.9608695652173912
2022/09/01 01:44,29867,803DA17D0,212405,804F356E0,4.1,Yuan,4.1,Yuan,Wire,0,0.5942028985507245
2022/09/01 01:32,314212,81A021E10,121480,81A022090,0.04,Yuan,0.04,Yuan,ACH,0,0.005797101449275362
2022/09/01 01:58,39896,803FA79A0,13,803FA7770,27.22,Yen,27.22,Yen,ACH,0,0.19534950480838237
2022/09/01 01:49,39910,804023AE0,13,804023A90,0.03,Yen,0.03,Yen,ACH,0,0.0002153007033156308
2022/09/01 01:52,310659,80458E3F0,23,804589290,0.02,Yen,0.02,Yen,ACH,0,0.00014353380221042057
2022/09/01 01:31,315657,805BE4E60,29572,805BE4950,0.24,Yen,0.24,Yen,ACH,0,0.0017224056265250465
2022/09/01 01:31,23,80007BAD0,17180,8065FE4F0,52.68,Yen,52.68,Yen,ACH,0,0.37806803502224773
2022/09/01 01:35,23,80007BAD0,17180,8065FE4F0,48.98,Yen,48.98,Yen,Wire,0,0.3515142816133199
2022/09/01 01:30,117284,8068007B0,13,806982170,4.81,Yen,4.81,Yen,ACH,0,0.03451987943160614
2022/09/01 01:45,358702,8156B9A70,121254,8156B9180,0.74,Yen,0.74,Yen,ACH,0,0.005310750681785561
2022/09/01 01:47,324490,809016750,223950,809016700,0.14,Rupee,0.14,Rupee,ACH,0,0.0017600543102472878
2022/09/01 01:46,323662,809416DB0,119699,809416C70,0.03,Rupee,0.03,Rupee,ACH,0,0.0003771544950529902
2022/09/01 01:59,324792,80A742C70,24713,80A763980,0.09,Rupee,0.09,Rupee,ACH,0,0.0011314634851589706
2022/09/01 01:57,224943,809413F90,123568,80AAEBB30,48.93,Rupee,48.93,Rupee,ACH,0,0.615138981431427
2022/09/01 01:45,16,80AFA9660,32245,80BD17F50,34.31,Ruble,34.31,Ruble,Wire,0,0.5683568837278646
2022/09/01 01:59,333137,80C0DEB20,31879,80C0DFF00,0.06,Ruble,0.06,Ruble,ACH,0,0.0009939205194891248
2022/09/01 01:59,118840,80CAAA4F0,118840,80CAAA4F0,0.65,Canadian Dollar,0.49,US Dollar,ACH,0,0.49
2022/09/01 01:49,118840,80CAAA4F0,118840,80CAAA4F0,0.41,Canadian Dollar,0.31,US Dollar,ACH,0,0.31
2022/09/01 01:49,118840,80CAAA4F0,138809,80E52F900,0.41,Canadian Dollar,0.41,Canadian Dollar,ACH,0,0.3120243531202435
2022/09/01 01:31,41126,80F39ABE0,41019,80F4E8E00,0.11,Australian Dollar,0.11,Australian Dollar,Wire,0,0.07511608850040973
2022/09/01 01:52,334665,811130580,45907,8111076F0,0.06,Mexican Peso,0.06,Mexican Peso,ACH,0,0.0029719153994749617
2022/09/01 01:37,351223,81343F440,150407,813440FA0,0.01,Brazil Real,0.01,Brazil Real,ACH,0,0.0019303156066016792
2022/09/01 01:35,257433,8152AFD40,157948,8153681D0,0.77,Shekel,0.77,Shekel,Wire,0,0.22961085433129566
2022/09/01 01:42,357620,815F1BE10,357620,815F1BE10,0.02,Shekel,0.01,Swiss Franc,ACH,0,0.01020418575699752
2022/09/01 01:42,357620,815F1BE10,213,815F39DF0,0.02,Shekel,0.02,Shekel,ACH,0,0.005963918294319368
2022/09/01 01:41,363617,818F9E080,167112,818F9E170,0.03,Saudi Riyal,0.03,Saudi Riyal,ACH,0,0.008
2022/09/01 01:59,349,8005E58B1,349,8005E58B0,4e-06,Bitcoin,0.05,US Dollar,ACH,0,0.05
2022/09/01 01:56,349,8005E58B1,349,8005E58B0,9e-06,Bitcoin,0.11,US Dollar,ACH,0,0.11
2022/09/01 01:41,237253,819763991,237253,819763990,1e-06,Bitcoin,0.02,US Dollar,Wire,0,0.02
2022/09/01 01:30,13243,805993661,13243,805993660,1e-06,Bitcoin,0.01,US Dollar,ACH,0,0.01
2022/09/01 01:37,124682,80DDBA331,124682,80DDBA330,5e-06,Bitcoin,0.06,US Dollar,ACH,0,0.06
2022/09/01 01:32,124682,80DDBA331,124682,80DDBA330,5e-06,Bitcoin,0.06,US Dollar,Wire,0,0.06
2022/09/01 01:31,8801,8068D6C31,8801,8068D6C30,7.3e-05,Bitcoin,0.87,US Dollar,Wire,0,0.87
2022/09/01 01:45,262622,819D3EB91,262622,819D3EB90,2.6e-05,Bitcoin,0.31,US Dollar,ACH,0,0.31
2022/09/01 01:41,262622,819D3EB91,262622,819D3EB90,3e-06,Bitcoin,0.03,US Dollar,ACH,0,0.03
2022/09/01 02:19,3202,800863460,1110,800871BA0,0.02,US Dollar,0.02,US Dollar,ACH,0,0.02
2022/09/01 02:06,11222,800817720,531,800C2BC30,0.07,US Dollar,0.07,US Dollar,ACH,0,0.07
2022/09/01 02:27,11222,800817720,531,800C2BC30,0.03,US Dollar,0.03,US Dollar,Wire,0,0.03
2022/09/01 02:23,31570,800E063F0,11770,800E06170,0.01,US Dollar,0.01,US Dollar,ACH,0,0.01
2022/09/01 02:23,33165,8020CA090,1638,8020CA1D0,0.03,US Dollar,0.03,US Dollar,ACH,0,0.03
2022/09/01 02:22,13,803D412D0,13,803D412D0,0.62,US Dollar,65.6,Yen,ACH,0,0.4707908712501794
2022/09/01 02:12,23319,804604310,11305,805E97430,0.58,US Dollar,0.58,US Dollar,Wire,0,0.58
2022/09/01 02:21,323018,8085D65D0,13395,8085D6920,0.01,US Dollar,0.01,US Dollar,ACH,0,0.01
2022/09/01 02:17,128097,80B84C980,349,80C7EFBC0,0.27,US Dollar,0.27,US Dollar,ACH,0,0.27
2022/09/01 02:05,11770,800BBF8B0,18493,80DC12120,0.15,US Dollar,0.15,US Dollar,ACH,0,0.15
2022/09/01 02:25,320840,80E15DF90,320840,80E15DF90,0.01,US Dollar,0.6,Yen,ACH,0,0.004306014066312616
2022/09/01 02:15,13243,805251560,226151,80E956090,0.9,US Dollar,0.9,US Dollar,Wire,0,0.9
2022/09/01 02:16,210472,804EFB650,1394,810F6F780,0.82,US Dollar,0.82,US Dollar,ACH,0,0.82
2022/09/01 02:10,1638,805D9D500,37524,813B64890,0.06,US Dollar,0.06,US Dollar,Wire,0,0.06
2022/09/01 02:07,310888,8151A4B50,137074,81518FD30,0.02,US Dollar,0.02,US Dollar,ACH,0,0.02
2022/09/01 02:15,21260,813987720,138580,816612E80,0.6,US Dollar,0.6,US Dollar,ACH,0,0.6
2022/09/01 02:18,224,8059E0A40,238352,816A56960,0.29,US Dollar,0.29,US Dollar,Wire,0,0.29
2022/09/01 02:02,11047,8007D4850,56790,816473AD0,0.22,US Dollar,0.22,US Dollar,Wire,0,0.22
2022/09/01 02:26,366185,81835A900,159702,81834D400,0.01,US Dollar,0.01,US Dollar,ACH,0,0.01
2022/09/01 02:22,18256,806F84830,18256,806F84830,0.49,US Dollar,52.08,Yen,ACH,0,0.3737620209559351
2022/09/01 02:22,18256,806F84830,9715,8197783D0,0.49,US Dollar,0.49,US Dollar,ACH,0,0.49
2022/09/01 02:23,33013,80C332430,3718,819CF97C0,0.6,US Dollar,0.6,US Dollar,ACH,0,0.6
2022/09/01 02:07,22595,804D60210,70588,81B120140,0.64,US Dollar,0.64,US Dollar,ACH,0,0.64
2022/09/01 02:05,22595,804D60210,70588,81B120140,0.34,US Dollar,0.34,US Dollar,Wire,0,0.34
2022/09/01 02:17,3585,801440360,12274,80143FE50,0.02,Euro,0.02,Euro,ACH,0,0.019996000799840034
2022/09/01 02:19,1835,800A4C690,18624,805548560,0.46,Euro,0.46,Euro,ACH,0,0.4599080183963208
2022/09/01 02:13,425,8003383F0,25634,809597600,0.23,Euro,0.23,Euro,ACH,0,0.2299540091981604
2022/09/01 02:11,425,8003383F0,25634,809597600,0.3,Euro,0.3,Euro,Wire,0,0.29994001199760045
2022/09/01 02:18,16298,806C52460,27387,80A3CF3A0,0.84,Euro,0.84,Euro,Wire,0,0.8398320335932813
2022/09/01 02:09,115212,80B945690,138920,80FE89540,0.18,Euro,0.18,Euro,ACH,0,0.1799640071985603
2022/09/01 02:26,211362,806CEBC80,5724,81177DD90,0.7,Euro,0.7,Euro,Wire,0,0.6998600279944011
2022/09/01 02:28,355822,8145A9560,237271,8145A88C0,0.03,Euro,0.03,Euro,ACH,0,0.029994001199760048
2022/09/01 02:12,7522,808A34770,120229,815785430,0.62,Euro,0.62,Euro,Wire,0,0.619876024795041
2022/09/01 02:10,219353,80BC6E800,152737,8164BC4C0,0.9,Euro,0.9,Euro,ACH,0,0.8998200359928015
2022/09/01 02:17,15461,80654B420,17694,8178FCF00,0.84,Euro,0.84,Euro,Wire,0,0.8398320335932813
2022/09/01 02:05,20,800261140,18121,81A592D80,0.8,Euro,0.8,Euro,ACH,0,0.7998400319936013
2022/09/01 02:20,19970,80489F050,10154,804A2D7E0,0.68,Yuan,0.68,Yuan,Wire,0,0.09855072463768116
2022/09/01 02:23,110134,804458BC0,112659,804B7F230,1.85,Yuan,1.85,Yuan,ACH,0,0.26811594202898553
2022/09/01 02:02,313442,804DA6150,19521,804DA7B90,0.06,Yuan,0.06,Yuan,ACH,0,0.008695652173913042
2022/09/01 02:28,39984,804DC3F50,112857,804DCABA0,0.01,Yuan,0.01,Yuan,ACH,0,0.0014492753623188406
2022/09/01 02:13,5893,80358A2E0,210824,804DF0AB0,4.3,Yuan,4.3,Yuan,ACH,0,0.6231884057971014
2022/09/01 02:11,337536,8128B2710,19970,8128B6740,0.02,Yuan,0.02,Yuan,ACH,0,0.002898550724637681
2022/09/01 02:07,39894,80457F700,4,80452EC90,0.98,Yen,0.98,Yen,ACH,0,0.007033156308310607
2022/09/01 02:01,317435,8064D13D0,216654,8064D1200,0.17,Yen,0.17,Yen,ACH,0,0.0012200373187885747
2022/09/01 02:10,19856,806220C90,29572,806624F80,52.71,Yen,52.71,Yen,Wire,0,0.3782833357255634
2022/09/01 02:19,315611,806639610,13,806638EC0,0.07,Yen,0.07,Yen,ACH,0,0.0005023683077364719
2022/09/01 02:10,312070,806808050,217073,806808EE0,1.07,Yen,1.07,Yen,ACH,0,0.0076790584182575
2022/09/01 02:10,322216,808136140,117286,808142490,0.03,Yen,0.03,Yen,ACH,0,0.0002153007033156308
2022/09/01 02:28,323921,808B57E50,2,808B57D10,0.01,Rupee,0.01,Rupee,ACH,0,0.00012571816501766338
2022/09/01 02:18,323754,808F91F00,123824,808F9A970,0.01,Rupee,0.01,Rupee,ACH,0,0.00012571816501766338
2022/09/01 02:04,319972,80926C880,19413,80926C790,0.27,Rupee,0.27,Rupee,ACH,0,0.003394390455476912
2022/09/01 02:17,326659,809BC5C70,226119,809B06A50,0.06,Rupee,0.06,Rupee,ACH,0,0.0007543089901059804
2022/09/01 02:25,324983,809F485C0,72,809F43480,0.13,Rupee,0.13,Rupee,ACH,0,0.0016343361452296242
2022/09/01 02:29,325628,80A1DE7F0,26272,80A1DE7A0,0.01,Rupee,0.01,Rupee,ACH,0,0.00012571816501766338
2022/09/01 02:16,323754,80AC72630,23486,80AC726D0,0.04,Rupee,0.04,Rupee,ACH,0,0.0005028726600706535
2022/09/01 02:28,329736,80ACFAB00,285,80ACFAAB0,0.03,Ruble,0.03,Ruble,ACH,0,0.0004969602597445624
2022/09/01 02:23,332490,80BDEE2C0,231975,80BE63E10,0.15,Ruble,0.15,Ruble,ACH,0,0.002484801298722812
2022/09/01 02:01,332862,80C148590,18,80C146C30,0.16,Ruble,0.16,Ruble,ACH,0,0.0026504547186376663
2022/09/01 02:01,133159,80C2D6350,133936,80C6E1930,0.07,UK Pound,0.07,UK Pound,ACH,0,0.08113872403560832
2022/09/01 02:10,133159,80C2D6350,133936,80C6E1930,0.06,UK Pound,0.06,UK Pound,Wire,0,0.06954747774480712
2022/09/01 02:20,34293,80C9582F0,33370,80CA7F4C0,0.75,UK Pound,0.75,UK Pound,ACH,0,0.869343471810089
2022/09/01 02:10,16,80D1F7860,16,80D272CC0,0.61,Canadian Dollar,0.61,Canadian Dollar,ACH,0,0.4642313546423135
2022/09/01 02:00,342172,80F8C1800,142231,80F8BFB40,0.01,Australian Dollar,0.01,Australian Dollar,ACH,0,0.006828735318219066
2022/09/01 02:10,343684,80FDAD110,241256,80FDADE10,0.01,Australian Dollar,0.01,Australian Dollar,ACH,0,0.006828735318219066
2022/09/01 02:27,331102,810E72670,331102,810E72670,0.01,Mexican Peso,0.02,Ruble,ACH,0,0.0003313068398297083
2022/09/01 02:21,350612,812F55360,49700,812FA0B60,0.02,Brazil Real,0.02,Brazil Real,ACH,0,0.0038606312132033584
2022/09/01 02:06,219,81351DE80,152768,8135E9870,0.84,Swiss Franc,0.84,Swiss Franc,ACH,0,0.8571516035877916
2022/09/01 02:28,257433,815355FD0,59700,816290590,1.56,Shekel,1.56,Shekel,ACH,0,0.46518562695691074
2022/09/01 02:17,360455,816C59260,59115,816C293C0,0.01,Shekel,0.01,Shekel,ACH,0,0.002981959147159684
2022/09/01 02:13,216,8173319E0,63587,8174F0400,3.06,Saudi Riyal,3.06,Saudi Riyal,ACH,0,0.8160000000000001
2022/09/01 02:21,363513,818951FC0,266406,818951E30,0.02,Saudi Riyal,0.02,Saudi Riyal,ACH,0,0.005333333333333333
2022/09/01 02:06,28932,80C9F26B1,28932,80C9F26B0,8e-06,Bitcoin,0.09,US Dollar,Wire,0,0.09
2022/09/01 02:19,28932,80C9F26B1,28932,80C9F26B0,9e-06,Bitcoin,0.1,US Dollar,Wire,0,0.1
2022/09/01 02:08,24,80C6D12E1,24,80C6D12E0,1e-06,Bitcoin,0.01,UK Pound,Wire,0,0.011591246290801186
2022/09/01 02:27,24,80C6D12E1,24,80C6D12E0,1e-06,Bitcoin,0.01,UK Pound,ACH,0,0.011591246290801186
2022/09/01 02:01,11047,800724CF1,11047,800724CF0,1e-06,Bitcoin,0.01,US Dollar,ACH,0,0.01
2022/09/01 02:11,23571,807CB1BB1,23571,807CB1BB0,3e-06,Bitcoin,0.03,US Dollar,ACH,0,0.03
2022/09/01 02:13,19622,811C81971,19622,811C81970,6e-06,Bitcoin,0.06,Euro,ACH,0,0.059988002399520096
2022/09/01 02:18,13821,806E7FED1,13821,806E7FED0,4e-06,Bitcoin,0.04,US Dollar,ACH,0,0.04
2022/09/01 02:06,16679,8136C1341,16679,8136C1340,8e-06,Bitcoin,0.09,US Dollar,Wire,0,0.09
2022/09/01 02:06,16679,8136C1341,16679,8136C1340,1.2e-05,Bitcoin,0.14,US Dollar,ACH,0,0.14
2022/09/01 02:43,20,8001E8940,349,8002F7290,0.43,US Dollar,0.43,US Dollar,ACH,0,0.43
2022/09/01 02:40,34051,8017A3410,2175,8017A3280,0.02,US Dollar,0.02,US Dollar,ACH,0,0.02
2022/09/01 02:33,35875,80190B6E0,13395,80190B640,0.01,US Dollar,0.01,US Dollar,ACH,0,0.01
2022/09/01 02:57,38474,8032C5030,12,8032C4FE0,0.01,US Dollar,0.01,US Dollar,ACH,0,0.01
2022/09/01 02:54,21566,802B1C5E0,18656,80388DEE0,0.09,US Dollar,0.09,US Dollar,Wire,0,0.09
2022/09/01 02:51,3879,804B086E0,25242,804B083C0,0.12,US Dollar,0.12,US Dollar,ACH,0,0.12
2022/09/01 02:41,32331,805EDC2D0,211374,805EDBD80,0.01,US Dollar,0.01,US Dollar,ACH,0,0.01
2022/09/01 02:48,5206,805D5D560,20,8079C1BD0,0.3,US Dollar,0.3,US Dollar,Wire,0,0.3
2022/09/01 02:31,319600,807E367C0,21939,807E36720,0.04,US Dollar,0.04,US Dollar,ACH,0,0.04
2022/09/01 02:36,32211,808264880,219788,808260700,0.01,US Dollar,0.01,US Dollar,ACH,0,0.01
2022/09/01 02:43,18890,804940560,128019,80B9F2A80,0.16,US Dollar,0.16,US Dollar,ACH,0,0.16
2022/09/01 02:50,21939,806B09500,219782,80EF47E20,0.36,US Dollar,0.36,US Dollar,ACH,0,0.36
2022/09/01 02:38,328658,80F6A29F0,233465,80F6A29A0,0.01,US Dollar,0.01,US Dollar,ACH,0,0.01
2022/09/01 02:36,22481,804D3BD70,17256,811904040,0.18,US Dollar,0.18,US Dollar,Wire,0,0.18
2022/09/01 02:32,22224,80898BAD0,8801,8127C97F0,0.99,US Dollar,0.99,US Dollar,Wire,0,0.99
2022/09/01 02:38,325766,812C9CB50,130821,812C6CD20,0.01,US Dollar,0.01,US Dollar,ACH,0,0.01
2022/09/01 02:37,21260,805D1E930,131099,81432A140,0.15,US Dollar,0.15,US Dollar,Wire,0,0.15
2022/09/01 02:34,28865,80FECCDC0,140626,815257380,0.4,US Dollar,0.4,US Dollar,ACH,0,0.4
2022/09/01 02:48,28865,80FECCDC0,140626,815257380,0.37,US Dollar,0.37,US Dollar,Wire,0,0.37
2022/09/01 02:58,5082,8103DA870,5082,8103DA870,0.8,US Dollar,0.68,Euro,ACH,0,0.6798640271945612
2022/09/01 02:58,5082,8103DA870,143570,817055380,0.8,US Dollar,0.8,US Dollar,Wire,0,0.8
2022/09/01 02:46,56824,817DE6AC0,56824,81C174CF0,0.38,US Dollar,0.38,US Dollar,ACH,0,0.38
2022/09/01 02:59,116186,8063C4860,118293,806C7DA60,0.11,Euro,0.11,Euro,ACH,0,0.10997800439912019
2022/09/01 02:33,116186,8063C4860,118293,806C7DA60,0.03,Euro,0.03,Euro,Wire,0,0.029994001199760048
2022/09/01 02:44,15516,80B92A650,135807,8110EA1F0,0.89,Euro,0.89,Euro,ACH,0,0.8898220355928814
2022/09/01 02:37,238911,8107CC320,134241,81B7A66A0,0.08,Euro,0.08,Euro,ACH,0,0.07998400319936014
2022/09/01 02:44,37042,803713160,7082,803706090,0.01,Yuan,0.01,Yuan,ACH,0,0.0014492753623188406
2022/09/01 02:31,314490,8128B84A0,240554,8128B8680,0.01,Yuan,0.01,Yuan,ACH,0,0.0014492753623188406
2022/09/01 02:37,310658,803D78B90,12,803D777F0,0.7,Yen,0.7,Yen,ACH,0,0.005023683077364719
2022/09/01 02:31,312020,806F5BD30,215478,806F5BCE0,0.18,Yen,0.18,Yen,ACH,0,0.001291804219893785
2022/09/01 02:42,319798,80925E870,5,809264FC0,0.5,Rupee,0.5,Rupee,ACH,0,0.00628590825088317
2022/09/01 02:42,5,808C6FCF0,124359,8096832B0,41.19,Rupee,41.19,Rupee,ACH,0,0.5178331217077555
2022/09/01 02:30,2,808CDDCB0,25,8096BD810,71.57,Rupee,71.57,Rupee,ACH,0,0.8997649070314168
2022/09/01 02:40,325118,809F5CC50,23033,809F5D240,0.37,Rupee,0.37,Rupee,ACH,0,0.0046515721056535455
2022/09/01 02:44,323921,80A2758F0,224943,80A27DC60,0.04,Rupee,0.04,Rupee,ACH,0,0.0005028726600706535
2022/09/01 02:50,27561,80E881030,28767,80EAEC5B0,75.32,Rupee,75.32,Rupee,Wire,0,0.9469092189130406
2022/09/01 02:38,333046,80ED32800,127817,80EBE0730,0.09,Rupee,0.09,Rupee,ACH,0,0.0011314634851589706
2022/09/01 02:42,330204,80B095390,285,80AFD3AD0,0.5,Ruble,0.5,Ruble,ACH,0,0.008282670995742708
2022/09/01 02:34,333151,80C0F2AC0,32755,80C0F6630,0.02,Ruble,0.02,Ruble,ACH,0,0.0003313068398297083
2022/09/01 02:40,332755,8128F1B80,132776,8128F1110,0.39,Ruble,0.39,Ruble,ACH,0,0.006460483376679312
2022/09/01 02:36,135933,80D2A0EC0,136009,80D773380,0.63,Canadian Dollar,0.63,Canadian Dollar,ACH,0,0.4794520547945205
2022/09/01 02:35,337593,80D9B1270,17,80D9B6180,0.01,Canadian Dollar,0.01,Canadian Dollar,ACH,0,0.0076103500761035
2022/09/01 02:38,42275,80F782630,43378,81016DA20,0.47,Australian Dollar,0.47,Australian Dollar,ACH,0,0.32095055995629607
2022/09/01 02:51,42275,80F782630,43378,81016DA20,1.44,Australian Dollar,1.44,Australian Dollar,Wire,0,0.9833378858235455
2022/09/01 02:53,350077,812485280,248575,81247DC00,0.02,Brazil Real,0.02,Brazil Real,ACH,0,0.0038606312132033584
2022/09/01 02:41,149805,8128801B0,149805,812B199F0,4.84,Brazil Real,4.84,Brazil Real,ACH,0,0.9342727535952128
2022/09/01 02:34,350339,812FF40E0,10,812FF30F0,0.01,Brazil Real,0.01,Brazil Real,ACH,0,0.0019303156066016792
2022/09/01 02:31,352380,813099CE0,50707,8130998A0,0.02,Brazil Real,0.02,Brazil Real,ACH,0,0.0038606312132033584
2022/09/01 02:53,59642,8162F58C0,58848,8163BABC0,2.09,Shekel,2.09,Shekel,ACH,0,0.623229461756374
2022/09/01 02:56,59642,8162F58C0,58848,8163BABC0,1.04,Shekel,1.04,Shekel,Wire,0,0.3101237513046071
2022/09/01 02:47,258461,815CF2900,160063,816A7EE20,1.47,Shekel,1.47,Shekel,Wire,0,0.43834799463247354
2022/09/01 02:58,115,8000DCD00,115,8000DCD00,1.28,Saudi Riyal,1.28,Saudi Riyal,Wire,0,0.3413333333333333
2022/09/01 02:37,365243,817DD0070,63587,817DCFE50,0.04,Saudi Riyal,0.04,Saudi Riyal,ACH,0,0.010666666666666666
2022/09/01 02:33,366399,81932EB60,65528,81932E720,0.06,Saudi Riyal,0.06,Saudi Riyal,ACH,0,0.016
2022/09/01 02:58,14408,8042CE241,14408,8042CE240,2e-06,Bitcoin,0.03,US Dollar,ACH,0,0.03
2022/09/01 02:31,14408,8042CE241,14408,8042CE240,3e-06,Bitcoin,0.03,US Dollar,Wire,0,0.03
2022/09/01 02:41,261630,819D914E1,261630,819D914E0,2e-06,Bitcoin,0.03,US Dollar,ACH,0,0.03
2022/09/01 02:37,25017,80E2C85A1,25017,80E2C85A0,7.5e-05,Bitcoin,0.89,US Dollar,Wire,0,0.89
2022/09/01 02:41,25017,80E2C85A1,25017,80E2C85A0,2.3e-05,Bitcoin,0.27,US Dollar,Wire,0,0.27
2022/09/01 02:56,21393,8008A41E1,21393,8008A41E0,1e-05,Bitcoin,0.12,US Dollar,ACH,0,0.12
2022/09/01 02:49,21393,8008A41E1,21393,8008A41E0,4e-06,Bitcoin,0.05,US Dollar,Wire,0,0.05
2022/09/01 02:57,11770,80151E171,11770,80151E170,1.9e-05,Bitcoin,0.22,US Dollar,ACH,0,0.22
2022/09/01 02:38,11770,80151E171,11770,80151E170,3.6e-05,Bitcoin,0.43,US Dollar,ACH,0,0.43
2022/09/01 02:50,240478,810CED3B1,240478,810CED3B0,4.4e-05,Bitcoin,0.52,US Dollar,ACH,0,0.52
2022/09/01 02:51,240478,810CED3B1,240478,810CED3B0,1.1e-05,Bitcoin,0.13,US Dollar,ACH,0,0.13
2022/09/01 03:16,1439,8014C4220,22435,8043D9EA0,0.99,US Dollar,0.99,US Dollar,ACH,0,0.99
2022/09/01 03:08,21260,8011A8570,11661,804D4C0C0,0.46,US Dollar,0.46,US Dollar,Wire,0,0.46
2022/09/01 03:06,20,80015A0A0,18903,807301480,0.18,US Dollar,0.18,US Dollar,Wire,0,0.18
2022/09/01 03:25,25242,8038184C0,212730,808022530,0.02,US Dollar,0.02,US Dollar,ACH,0,0.02
2022/09/01 03:10,318546,80960D720,119973,80960D540,0.01,US Dollar,0.01,US Dollar,ACH,0,0.01
2022/09/01 03:01,311412,80D47FAB0,29264,80D470870,0.01,US Dollar,0.01,US Dollar,ACH,0,0.01
2022/09/01 03:04,118681,80DB7D2A0,138580,811578F80,0.3,US Dollar,0.3,US Dollar,Wire,0,0.3
2022/09/01 03:06,113317,8069EB8C0,47060,811C8A5F0,0.64,US Dollar,0.64,US Dollar,Wire,0,0.64
2022/09/01 03:01,115966,80CA770C0,239457,8143671B0,0.35,US Dollar,0.35,US Dollar,Wire,0,0.35
2022/09/01 03:18,14558,810BD3590,14558,810BD3590,0.8,US Dollar,5.39,Yuan,ACH,0,0.781159420289855
2022/09/01 03:18,3100,8032DB6C0,217226,816032A90,0.12,US Dollar,0.12,US Dollar,Wire,0,0.12
2022/09/01 03:23,313258,81645B090,232523,81645A340,0.01,US Dollar,0.01,US Dollar,ACH,0,0.01
2022/09/01 03:20,361850,816B66B80,145591,816B77B10,0.01,US Dollar,0.01,US Dollar,ACH,0,0.01
2022/09/01 03:20,369866,8199C4EE0,222433,8199C4E90,0.01,US Dollar,0.01,US Dollar,ACH,0,0.01
2022/09/01 03:02,11,801FA61F0,28930,80AA3A330,0.02,Euro,0.02,Euro,Wire,0,0.019996000799840034
2022/09/01 03:08,32661,80CE2C980,5436,80CE2CBF0,0.04,Euro,0.04,Euro,ACH,0,0.03999200159968007
2022/09/01 03:10,12202,800E14990,29154,80DFB2230,0.93,Euro,0.93,Euro,Wire,0,0.9298140371925615
2022/09/01 03:14,24027,801962690,147841,81453CCB0,0.48,Euro,0.48,Euro,ACH,0,0.47990401919616077
2022/09/01 03:24,3,8028731E0,244000,816EE4520,0.32,Euro,0.32,Euro,Wire,0,0.31993601279744055
2022/09/01 03:07,14003,80B2AABB0,27436,817754BE0,0.01,Euro,0.01,Euro,ACH,0,0.009998000399920017
2022/09/01 03:16,14003,80B2AABB0,27436,817754BE0,0.07,Euro,0.07,Euro,Wire,0,0.06998600279944012
2022/09/01 03:08,1720,802DF49E0,51510,817DD9BE0,0.7,Euro,0.7,Euro,ACH,0,0.6998600279944011
2022/09/01 03:06,29844,803BAC0D0,15168,803DFEC00,0.16,Yuan,0.16,Yuan,Wire,0,0.02318840579710145
2022/09/01 03:26,310754,803E45DE0,28335,803E45B60,0.13,Yuan,0.13,Yuan,ACH,0,0.01884057971014493
2022/09/01 03:01,27425,8039D0300,19970,8040002D0,6.55,Yuan,6.55,Yuan,ACH,0,0.9492753623188405
2022/09/01 03:20,5923,80293E280,19521,8049CEC50,2.34,Yuan,2.34,Yuan,Wire,0,0.3391304347826087
2022/09/01 03:24,313711,804F2D560,9976,804F2D200,0.01,Yuan,0.01,Yuan,ACH,0,0.0014492753623188406
2022/09/01 03:13,15885,8051FCA80,9096,806836DF0,6.27,Yuan,6.27,Yuan,ACH,0,0.9086956521739129
2022/09/01 03:10,369887,8199E29A0,113830,8199E2360,0.01,Yuan,0.01,Yuan,ACH,0,0.0014492753623188406
2022/09/01 03:13,332156,819FBE9A0,15,819FBDDC0,0.01,Yuan,0.01,Yuan,ACH,0,0.0014492753623188406
2022/09/01 03:04,315725,805A4F130,29640,805A4F0E0,0.05,Yen,0.05,Yen,ACH,0,0.0003588345055260514
2022/09/01 03:16,23,805A394B0,11832,8066A02C0,1.07,Yen,1.07,Yen,ACH,0,0.0076790584182575
2022/09/01 03:27,23,805A394B0,11832,8066A02C0,1.45,Yen,1.45,Yen,Wire,0,0.01040620066025549
2022/09/01 03:11,317484,806A795D0,215620,806A79DA0,0.37,Yen,0.37,Yen,ACH,0,0.0026553753408927803
2022/09/01 03:27,317472,806F2D6B0,12,806A1D100,0.02,Yen,0.02,Yen,ACH,0,0.00014353380221042057
2022/09/01 03:23,317724,807F6B9A0,15726,807F68AE0,0.02,Yen,0.02,Yen,ACH,0,0.00014353380221042057
2022/09/01 03:13,317904,80800CD60,117743,80800BB00,0.01,Yen,0.01,Yen,ACH,0,7.176690110521028e-05
2022/09/01 03:03,17180,8067E0CC0,11832,808129490,131.2,Yen,131.2,Yen,ACH,0,0.9415817425003588
2022/09/01 03:09,321007,80871F5F0,117284,80871F2D0,0.02,Yen,0.02,Yen,ACH,0,0.00014353380221042057
2022/09/01 03:11,317363,808786820,18256,8087867D0,0.04,Yen,0.04,Yen,ACH,0,0.00028706760442084113
2022/09/01 03:06,19413,8072D53F0,26,8073B9F10,33.26,Rupee,33.26,Rupee,ACH,0,0.4181386168487484
2022/09/01 03:24,323873,808ADC130,23486,808ACFD40,0.12,Rupee,0.12,Rupee,ACH,0,0.0015086179802119607
2022/09/01 03:16,319974,808B01620,123568,808B01530,0.04,Rupee,0.04,Rupee,ACH,0,0.0005028726600706535
2022/09/01 03:18,324596,808EFBFB0,123651,808EA6D50,0.02,Rupee,0.02,Rupee,ACH,0,0.00025143633003532677
2022/09/01 03:29,327276,80A6C2CC0,226875,80A6C27F0,0.02,Rupee,0.02,Rupee,ACH,0,0.00025143633003532677
2022/09/01 03:05,318247,80EB197D0,318247,80EB197D0,0.07,Rupee,0.1,Yen,ACH,0,0.0007176690110521028
2022/09/01 03:12,332578,80BD7C940,19,80BD80C20,0.08,Ruble,0.08,Ruble,ACH,0,0.0013252273593188332
2022/09/01 03:17,331206,80C066840,230595,80C0664E0,0.06,Ruble,0.06,Ruble,ACH,0,0.0009939205194891248
2022/09/01 03:22,137117,80DF6E8E0,138879,80E6FF300,1.21,Canadian Dollar,1.21,Canadian Dollar,ACH,0,0.9208523592085235
2022/09/01 03:03,16,80B4FFC40,36975,819EB9BB0,1.18,Canadian Dollar,1.18,Canadian Dollar,ACH,0,0.898021308980213
2022/09/01 03:04,16,80B4FFC40,16,80B4FFC40,0.72,Canadian Dollar,42.41,Ruble,ACH,0,0.7025361538588963
2022/09/01 03:04,16,80B4FFC40,36975,819EB9BB0,0.72,Canadian Dollar,0.72,Canadian Dollar,Wire,0,0.547945205479452
2022/09/01 03:27,341569,80F61ED90,41916,80F61ECA0,0.01,Australian Dollar,0.01,Australian Dollar,ACH,0,0.006828735318219066
2022/09/01 03:07,212,80F28A910,212,80F856D10,0.24,Australian Dollar,0.24,Australian Dollar,Wire,0,0.16388964763725758
2022/09/01 03:09,347463,8113D22E0,215,8113D2500,0.01,Mexican Peso,0.01,Mexican Peso,ACH,0,0.000495319233245827
2022/09/01 03:01,349338,811EA6D60,148894,811EA75C0,0.02,Brazil Real,0.02,Brazil Real,ACH,0,0.0038606312132033584
2022/09/01 03:18,349325,812513D60,48719,81254F1C0,0.01,Brazil Real,0.01,Brazil Real,ACH,0,0.0019303156066016792
2022/09/01 03:06,355384,81488F4A0,53905,814892EB0,0.01,Swiss Franc,0.01,Swiss Franc,ACH,0,0.01020418575699752
2022/09/01 03:07,158021,815A42580,59704,8165E9BD0,3.32,Shekel,3.32,Shekel,ACH,0,0.9900104368570151
2022/09/01 03:01,312646,8166573B0,312646,8166573B0,0.02,Shekel,0.04,Yuan,ACH,0,0.005797101449275362
2022/09/01 03:07,360871,8167C4EE0,260017,8167C4E90,0.01,Shekel,0.01,Shekel,ACH,0,0.002981959147159684
2022/09/01 03:09,63834,8178EF1E0,165362,818C81940,3.29,Saudi Riyal,3.29,Saudi Riyal,ACH,0,0.8773333333333333
2022/09/01 03:07,364728,819311CE0,265216,819312950,0.04,Saudi Riyal,0.04,Saudi Riyal,ACH,0,0.010666666666666666
2022/09/01 03:09,3718,8146DFAD1,3718,8146DFAD0,5e-06,Bitcoin,0.06,US Dollar,ACH,0,0.06
2022/09/01 03:28,3718,8146DFAD1,3718,8146DFAD0,2.6e-05,Bitcoin,0.31,US Dollar,ACH,0,0.31
2022/09/01 03:16,15,80295D8C1,15,80295D8C0,1e-06,Bitcoin,0.06,Yuan,ACH,0,0.008695652173913042
2022/09/01 03:04,249786,81386A291,249786,81386A290,2e-06,Bitcoin,0.02,US Dollar,ACH,0,0.02
2022/09/01 03:27,249786,81386A291,249786,81386A290,2e-06,Bitcoin,0.03,US Dollar,Wire,0,0.03
2022/09/01 03:24,118840,8081BF841,118840,8081BF840,5e-06,Bitcoin,0.06,US Dollar,Wire,0,0.06
2022/09/01 03:26,118840,8081BF841,118840,8081BF840,1.1e-05,Bitcoin,0.13,US Dollar,Wire,0,0.13
2022/09/01 03:59,394,800415280,11265,800C97B80,0.16,US Dollar,0.16,US Dollar,Wire,0,0.16
2022/09/01 03:52,31933,800FEE4D0,2175,800FEE390,0.02,US Dollar,0.02,US Dollar,ACH,0,0.02
2022/09/01 03:47,349,800997340,1422,801120820,0.8,US Dollar,0.8,US Dollar,ACH,0,0.8
2022/09/01 03:39,11046,800A181A0,25526,802B37A70,0.85,US Dollar,0.85,US Dollar,Wire,0,0.85
2022/09/01 03:47,349,8014AA100,13703,802C9FB20,0.16,US Dollar,0.16,US Dollar,Wire,0,0.16
2022/09/01 03:50,22031,801CA3A00,22129,80412E5D0,0.27,US Dollar,0.27,US Dollar,ACH,0,0.27
2022/09/01 03:59,1110,801B711F0,1394,804CDF860,0.95,US Dollar,0.95,US Dollar,Wire,0,0.95
2022/09/01 03:55,210277,8050083A0,210277,8050083A0,0.28,US Dollar,1.87,Yuan,ACH,0,0.2710144927536232
2022/09/01 03:54,210277,8050083A0,210277,8050083A0,0.44,US Dollar,2.97,Yuan,ACH,0,0.43043478260869567
2022/09/01 03:54,210277,8050083A0,16456,80608A100,0.44,US Dollar,0.44,US Dollar,ACH,0,0.44
2022/09/01 03:33,210277,8050083A0,210277,8050083A0,0.27,US Dollar,1.78,Yuan,ACH,0,0.2579710144927536
2022/09/01 03:33,210277,8050083A0,16456,80608A100,0.27,US Dollar,0.27,US Dollar,Wire,0,0.27
2022/09/01 03:59,214867,803125AC0,5855,806FC1650,0.64,US Dollar,0.64,US Dollar,ACH,0,0.64
2022/09/01 03:52,15331,80771D5D0,217717,80A002E00,0.64,US Dollar,0.64,US Dollar,Wire,0,0.64
2022/09/01 03:34,11,8009C4B10,226624,80A4D9270,0.19,US Dollar,0.19,US Dollar,Wire,0,0.19
2022/09/01 03:49,5621,8047B3D20,18324,80BCA9350,0.01,US Dollar,0.01,US Dollar,ACH,0,0.01
2022/09/01 03:36,1439,8011CEA70,29448,80E351F70,0.86,US Dollar,0.86,US Dollar,ACH,0,0.86
2022/09/01 03:58,335869,8145DC700,132021,8145DC570,0.02,US Dollar,0.02,US Dollar,ACH,0,0.02
2022/09/01 03:58,318443,8179666B0,233005,817963E30,0.01,US Dollar,0.01,US Dollar,ACH,0,0.01
2022/09/01 03:50,36254,81A2E19B0,2692,81A2E1C30,0.01,US Dollar,0.01,US Dollar,ACH,0,0.01
2022/09/01 03:48,11046,80081DF10,13821,81A962150,0.24,US Dollar,0.24,US Dollar,Wire,0,0.24
2022/09/01 03:35,376170,81BD91300,122967,81BD8E240,0.01,US Dollar,0.01,US Dollar,ACH,0,0.01
2022/09/01 03:39,224,8004A8D40,224,8004A8D40,0.12,Euro,0.14,US Dollar,ACH,0,0.14
2022/09/01 03:42,224,8004A8D40,224,8004A8D40,0.2,Euro,0.23,US Dollar,ACH,0,0.23
2022/09/01 03:42,224,8004A8D40,5082,801DEA410,0.2,Euro,0.2,Euro,ACH,0,0.19996000799840033
2022/09/01 03:58,224,8004A8D40,224,8004A8D40,0.05,Euro,0.06,US Dollar,ACH,0,0.06
2022/09/01 03:58,224,8004A8D40,5082,801DEA410,0.05,Euro,0.05,Euro,Wire,0,0.04999000199960008
2022/09/01 03:30,12274,801291280,14,80308C840,0.32,Euro,0.32,Euro,Wire,0,0.31993601279744055
2022/09/01 03:43,12202,8020022E0,8889,804163EF0,1.0,Euro,1.0,Euro,Wire,0,0.9998000399920016
2022/09/01 03:56,12503,806AF5470,6681,807A395C0,0.59,Euro,0.59,Euro,ACH,0,0.589882023595281
2022/09/01 03:56,317604,80B5B9D50,115690,80B5B4FB0,0.01,Euro,0.01,Euro,ACH,0,0.009998000399920017
2022/09/01 03:52,25788,80267DF00,2514,80B9C59F0,0.08,Euro,0.08,Euro,ACH,0,0.07998400319936014
2022/09/01 03:30,350785,81277A800,237428,812779E50,0.02,Euro,0.02,Euro,ACH,0,0.019996000799840034
2022/09/01 03:46,39194,8110C3880,44720,813F92B10,0.64,Euro,0.64,Euro,ACH,0,0.6398720255948811
2022/09/01 03:50,355726,814514030,231705,814513EF0,0.02,Euro,0.02,Euro,ACH,0,0.019996000799840034
2022/09/01 03:55,600,800F1CC20,133674,8164A34D0,0.15,Euro,0.15,Euro,Wire,0,0.14997000599880023
2022/09/01 03:30,323924,817405A60,253116,817409640,0.02,Euro,0.02,Euro,ACH,0,0.019996000799840034
2022/09/01 03:34,39979,803B6C2C0,26,803B6BEC0,0.01,Yuan,0.01,Yuan,ACH,0,0.0014492753623188406
2022/09/01 03:44,39541,803E59870,26,803E52AC0,0.01,Yuan,0.01,Yuan,ACH,0,0.0014492753623188406
2022/09/01 03:42,26,803A712D0,9856,8041F7640,4.64,Yuan,4.64,Yuan,ACH,0,0.672463768115942
2022/09/01 03:44,15168,8028FF400,113579,8059536E0,6.88,Yuan,6.88,Yuan,Wire,0,0.9971014492753623
2022/09/01 03:46,39896,8038D1BA0,13,8038CDCD0,0.05,Yen,0.05,Yen,ACH,0,0.0003588345055260514
2022/09/01 03:43,323889,808AF4050,5,808AF1110,0.35,Rupee,0.35,Rupee,ACH,0,0.004400135775618218
2022/09/01 03:40,323754,8092E3190,123824,8092E2E20,0.05,Rupee,0.05,Rupee,ACH,0,0.000628590825088317
2022/09/01 03:54,325807,809BDF4B0,224371,809BDF3C0,0.07,Rupee,0.07,Rupee,ACH,0,0.0008800271551236439
2022/09/01 03:37,325224,80A310EC0,127105,80A310150,0.05,Rupee,0.05,Rupee,ACH,0,0.000628590825088317
2022/09/01 03:35,324901,80A5C5D10,124476,80A5C5920,0.14,Rupee,0.14,Rupee,ACH,0,0.0017600543102472878
2022/09/01 03:58,328615,808C767D0,14,808C765B0,0.06,Rupee,0.06,Rupee,ACH,0,0.0007543089901059804
2022/09/01 03:39,2,809F32470,123957,80A7CFED0,35.68,Rupee,35.68,Rupee,Wire,0,0.448562412783023
2022/09/01 03:52,323687,80EB92E00,26272,80EB92120,0.26,Rupee,0.26,Rupee,ACH,0,0.0032686722904592485
2022/09/01 03:59,330213,80B4F9AB0,19,80B4F77B0,0.03,Ruble,0.03,Ruble,ACH,0,0.0004969602597445624
2022/09/01 03:51,330213,80BDB4F20,230595,80BDB4CF0,0.03,Ruble,0.03,Ruble,ACH,0,0.0004969602597445624
2022/09/01 03:56,332731,80BE79240,230595,80BE7AD20,0.04,Ruble,0.04,Ruble,ACH,0,0.0006626136796594166
2022/09/01 03:46,136474,80E0F8340,138512,80E143FE0,0.74,Canadian Dollar,0.74,Canadian Dollar,Wire,0,0.563165905631659
2022/09/01 03:31,16739,806E3DAC0,16739,806E3DAC0,0.03,Australian Dollar,0.02,US Dollar,ACH,0,0.02
2022/09/01 03:31,16739,806E3DAC0,141352,80F716F50,0.03,Australian Dollar,0.03,Australian Dollar,ACH,0,0.020486205954657197
2022/09/01 03:48,16739,806E3DAC0,16739,806E3DAC0,0.07,Australian Dollar,0.05,US Dollar,ACH,0,0.05
2022/09/01 03:48,16739,806E3DAC0,141352,80F716F50,0.07,Australian Dollar,0.07,Australian Dollar,Wire,0,0.047801147227533466
2022/09/01 03:41,41019,80F9B3820,142146,810083AF0,0.1,Australian Dollar,0.1,Australian Dollar,ACH,0,0.06828735318219066
2022/09/01 03:40,41019,80F9B3820,142146,810083AF0,0.02,Australian Dollar,0.02,Australian Dollar,Wire,0,0.013657470636438133
2022/09/01 03:51,142114,80FB102A0,44198,810B12B70,0.36,Australian Dollar,0.36,Australian Dollar,Wire,0,0.24583447145588638
2022/09/01 03:56,45907,810E9D5E0,245681,8111909B0,6.41,Mexican Peso,6.41,Mexican Peso,Wire,0,0.31749962851057506
2022/09/01 03:53,219,8135016F0,219,81352FC20,0.1,Swiss Franc,0.1,Swiss Franc,ACH,0,0.1020418575699752
2022/09/01 03:44,219,8135016F0,219,81352FC20,0.09,Swiss Franc,0.09,Swiss Franc,Wire,0,0.09183767181297768
2022/09/01 03:48,357675,815F2FEF0,258461,815F2FCC0,0.01,Shekel,0.01,Shekel,ACH,0,0.002981959147159684
2022/09/01 03:46,318337,8176257D0,318337,8176257D0,0.02,Saudi Riyal,0.54,Yen,ACH,0,0.003875412659681355
2022/09/01 03:46,14133,812216FA1,14133,812216FA0,9e-06,Bitcoin,0.11,US Dollar,ACH,0,0.11
2022/09/01 03:52,14133,812216FA1,14133,812216FA0,3.8e-05,Bitcoin,0.46,US Dollar,Wire,0,0.46
2022/09/01 04:18,1120,80072D840,1394,80205A340,0.07,US Dollar,0.07,US Dollar,ACH,0,0.07
2022/09/01 04:20,1120,80072D840,1394,80205A340,0.15,US Dollar,0.15,US Dollar,Wire,0,0.15
2022/09/01 04:16,28932,805FD3470,16739,806332310,0.63,US Dollar,0.63,US Dollar,Wire,0,0.63
2022/09/01 04:27,1120,80857D0B0,219687,80922C9E0,0.43,US Dollar,0.43,US Dollar,ACH,0,0.43
2022/09/01 04:02,215514,80677EB60,25526,80A657880,0.68,US Dollar,0.68,US Dollar,ACH,0,0.68
2022/09/01 04:06,22224,80409DE70,28625,80C7EE950,0.01,US Dollar,0.01,US Dollar,ACH,0,0.01
2022/09/01 04:00,22224,80409DE70,28625,80C7EE950,0.06,US Dollar,0.06,US Dollar,Wire,0,0.06
2022/09/01 04:00,1638,800FD90E0,21547,80DB7D8F0,0.07,US Dollar,0.07,US Dollar,Wire,0,0.07
2022/09/01 04:06,224574,8099324C0,224574,8099324C0,0.92,US Dollar,67.66,Rupee,ACH,0,0.8506091045095104
2022/09/01 04:13,34290,80E94A0A0,13821,80E92DD90,0.01,US Dollar,0.01,US Dollar,ACH,0,0.01
2022/09/01 04:11,318159,8114F34E0,124222,8114F3D00,0.01,US Dollar,0.01,US Dollar,ACH,0,0.01
2022/09/01 04:09,1110,801426380,219975,813316900,0.64,US Dollar,0.64,US Dollar,Wire,0,0.64
2022/09/01 04:00,11265,8018A37C0,149701,816AC5F60,0.18,US Dollar,0.18,US Dollar,Wire,0,0.18
2022/09/01 04:11,362055,8170402F0,226851,8170402A0,0.01,US Dollar,0.01,US Dollar,ACH,0,0.01
2022/09/01 04:11,12,803B3CC20,12,803B3CC20,1.0,US Dollar,6.68,Yuan,ACH,0,0.9681159420289854
2022/09/01 04:29,21393,8023DD100,28932,819084460,0.93,US Dollar,0.93,US Dollar,Wire,0,0.93
2022/09/01 04:20,9856,803BDF220,9856,803BDF220,0.72,US Dollar,4.8,Yuan,ACH,0,0.6956521739130435
2022/09/01 04:20,9856,803BDF220,253043,81A63D0E0,0.72,US Dollar,0.72,US Dollar,Wire,0,0.72
2022/09/01 04:02,15194,807BF0DF0,66649,81AC88130,0.26,US Dollar,0.26,US Dollar,Wire,0,0.26
2022/09/01 04:01,33387,8016EB920,23726,8016EA660,0.01,Euro,0.01,Euro,ACH,0,0.009998000399920017
2022/09/01 04:09,31441,8024C87A0,25634,8024C8CD0,0.01,Euro,0.01,Euro,ACH,0,0.009998000399920017
2022/09/01 04:25,14,80026B150,27868,803682340,0.53,Euro,0.53,Euro,ACH,0,0.5298940211957609
2022/09/01 04:21,34534,80539FF70,4308,80539ECA0,0.3,Euro,0.3,Euro,ACH,0,0.29994001199760045
2022/09/01 04:11,1595,805E7CD80,25307,808D43C20,0.53,Euro,0.53,Euro,Wire,0,0.5298940211957609
2022/09/01 04:13,21267,808924FF0,131333,80C330A60,0.05,Euro,0.05,Euro,ACH,0,0.04999000199960008
2022/09/01 04:01,21267,808924FF0,131333,80C330A60,0.1,Euro,0.1,Euro,Wire,0,0.09998000399920016
2022/09/01 04:23,39470,8131A6D80,229637,8131A75F0,0.01,Euro,0.01,Euro,ACH,0,0.009998000399920017
2022/09/01 04:21,218303,80B9C4400,147669,8143D6CD0,0.42,Euro,0.42,Euro,ACH,0,0.41991601679664065
2022/09/01 04:24,218303,80B9C4400,147669,8143D6CD0,0.09,Euro,0.09,Euro,Wire,0,0.08998200359928014
2022/09/01 04:01,33289,814452130,123520,814452F90,0.01,Euro,0.01,Euro,ACH,0,0.009998000399920017
2022/09/01 04:19,17059,80DC75570,5082,815167690,0.9,Euro,0.9,Euro,Wire,0,0.8998200359928015
2022/09/01 04:07,37632,803180FF0,17768,803181260,0.01,Yuan,0.01,Yuan,ACH,0,0.0014492753623188406
2022/09/01 04:06,35901,8039CE340,8997,8039CDB50,0.01,Yuan,0.01,Yuan,ACH,0,0.0014492753623188406
2022/09/01 04:27,37045,803F143B0,7082,803F15410,0.03,Yuan,0.03,Yuan,ACH,0,0.004347826086956521
2022/09/01 04:12,310146,80464C160,17213,804624990,0.01,Yuan,0.01,Yuan,ACH,0,0.0014492753623188406
2022/09/01 04:08,39641,804B3BB00,212405,804B3B9C0,0.03,Yuan,0.03,Yuan,ACH,0,0.004347826086956521
2022/09/01 04:13,314656,8054674C0,13493,8054574C0,0.02,Yuan,0.02,Yuan,ACH,0,0.002898550724637681
2022/09/01 04:10,345424,813D727B0,7080,813D72620,0.01,Yuan,0.01,Yuan,ACH,0,0.0014492753623188406
2022/09/01 04:24,311737,819014930,121480,819017110,0.06,Yuan,0.06,Yuan,ACH,0,0.008695652173913042
2022/09/01 04:19,315964,805BAE5B0,18,805B976F0,0.03,Yen,0.03,Yen,ACH,0,0.0002153007033156308
2022/09/01 04:26,116914,806699B00,29572,806960B30,92.29,Yen,92.29,Yen,Wire,0,0.6623367302999856
2022/09/01 04:04,311043,807EDBF20,117284,807EDC860,3.56,Yen,3.56,Yen,ACH,0,0.025549016793454858
2022/09/01 04:24,317859,808035690,21479,808034940,4.55,Yen,4.55,Yen,ACH,0,0.032653940002870675
2022/09/01 04:06,215557,807F62690,21652,808139A10,20.91,Yen,20.91,Yen,ACH,0,0.1500645902109947
2022/09/01 04:25,322679,8083B2480,122538,8083B4590,0.05,Yen,0.05,Yen,ACH,0,0.0003588345055260514
2022/09/01 04:10,312020,8083C6350,4,8083BD2C0,3.38,Yen,3.38,Yen,ACH,0,0.024257212573561074
2022/09/01 04:12,318095,812609A20,217662,812605E30,0.03,Yen,0.03,Yen,ACH,0,0.0002153007033156308
2022/09/01 04:21,29640,80718BFE0,123135,8145F9B50,133.15,Yen,133.15,Yen,ACH,0,0.9555762882158748
2022/09/01 04:07,14,8072509D0,119732,808AC9640,5.55,Rupee,5.55,Rupee,ACH,0,0.06977358158480318
2022/09/01 04:19,323728,8091C3700,123260,8091C2EA0,0.39,Rupee,0.39,Rupee,ACH,0,0.0049030084356888725
2022/09/01 04:04,323931,8098C3760,23642,8098C8750,0.05,Rupee,0.05,Rupee,ACH,0,0.000628590825088317
2022/09/01 04:20,123800,80A7C6AE0,40185,80ED129C0,12.7,Rupee,12.7,Rupee,Wire,0,0.1596620695724325
2022/09/01 04:00,330374,80B539420,27,80B53A640,0.77,Ruble,0.77,Ruble,ACH,0,0.01275531333344377
2022/09/01 04:00,330205,80BDA4BF0,31879,80BDA3BB0,0.42,Ruble,0.42,Ruble,ACH,0,0.006957443636423874
2022/09/01 04:19,8,80C423170,7,80C423F60,0.21,UK Pound,0.21,UK Pound,ACH,0,0.2434161721068249
2022/09/01 04:21,8,80C423170,7,80C423F60,0.11,UK Pound,0.11,UK Pound,Wire,0,0.12750370919881304
2022/09/01 04:00,333832,80C8B9E80,233064,80C8B9DE0,0.02,UK Pound,0.02,UK Pound,ACH,0,0.023182492581602373
2022/09/01 04:23,318223,8122A24B0,318223,8122A24B0,0.02,Brazil Real,0.46,Yen,ACH,0,0.003301277450839673
2022/09/01 04:10,219,8135A5AF0,153802,8146AF660,0.41,Swiss Franc,0.41,Swiss Franc,ACH,0,0.4183716160368983
2022/09/01 04:04,1199,8154921D0,112,81554EAA0,3.24,Shekel,3.24,Shekel,Wire,0,0.9661547636797376
2022/09/01 04:22,158021,8159600B0,58848,815F560A0,3.32,Shekel,3.32,Shekel,Wire,0,0.9900104368570151
2022/09/01 04:04,359115,81678C4B0,61304,8167755F0,0.01,Shekel,0.01,Shekel,ACH,0,0.002981959147159684
2022/09/01 04:10,263574,81895B010,167626,818DF2D00,0.16,Saudi Riyal,0.16,Saudi Riyal,ACH,0,0.042666666666666665
2022/09/01 04:07,263574,81895B010,167626,818DF2D00,0.04,Saudi Riyal,0.04,Saudi Riyal,Wire,0,0.010666666666666666
2022/09/01 04:23,364413,819205CD0,266406,819205C80,0.03,Saudi Riyal,0.03,Saudi Riyal,ACH,0,0.008
2022/09/01 04:28,21130,80FFC7581,21130,80FFC7580,3e-06,Bitcoin,0.04,US Dollar,ACH,0,0.04
2022/09/01 04:08,21130,80FFC7581,21130,80FFC7580,1.2e-05,Bitcoin,0.14,US Dollar,ACH,0,0.14
2022/09/01 04:12,21130,80FFC7581,21130,80FFC7580,5e-06,Bitcoin,0.06,US Dollar,ACH,0,0.06
2022/09/01 04:15,14351,80B1BDE11,14351,80B1BDE10,1e-06,Bitcoin,0.1,Yuan,ACH,0,0.014492753623188406
2022/09/01 04:05,21828,81654D731,21828,81654D730,1.6e-05,Bitcoin,0.19,US Dollar,Wire,0,0.19
2022/09/01 04:14,211738,80535DC91,211738,80535DC90,2e-06,Bitcoin,0.16,Yuan,Wire,0,0.02318840579710145
2022/09/01 04:25,211738,80535DC91,211738,80535DC90,2e-06,Bitcoin,0.16,Yuan,ACH,0,0.02318840579710145
2022/09/01 04:27,211738,80535DC91,211738,80535DC90,3e-06,Bitcoin,0.23,Yuan,Wire,0,0.03333333333333333
2022/09/01 04:21,17803,8098E8B31,17803,8098E8B30,5e-06,Bitcoin,0.06,US Dollar,ACH,0,0.06
2022/09/01 04:23,17803,8098E8B31,17803,8098E8B30,4e-06,Bitcoin,0.05,US Dollar,ACH,0,0.05
2022/09/01 04:16,25281,80E6526E1,25281,80E6526E0,3e-06,Bitcoin,0.03,US Dollar,ACH,0,0.03
2022/09/01 04:14,25281,80E6526E1,25281,80E6526E0,1e-06,Bitcoin,0.02,US Dollar,ACH,0,0.02
2022/09/01 04:01,121007,80B48A041,121007,80B48A040,2.5e-05,Bitcoin,0.3,US Dollar,ACH,0,0.3
2022/09/01 04:19,112357,8115B8E21,112357,8115B8E20,3.3e-05,Bitcoin,0.34,Euro,ACH,0,0.3399320135972806
2022/09/01 04:30,1120,8008774A0,1231,8045A75A0,0.64,US Dollar,0.64,US Dollar,ACH,0,0.64
2022/09/01 04:34,11,800F11750,1439,804CB7F60,0.09,US Dollar,0.09,US Dollar,Wire,0,0.09
2022/09/01 04:51,2196,801568B10,8318,805757890,0.24,US Dollar,0.24,US Dollar,ACH,0,0.24
2022/09/01 04:33,311006,8057A8A70,531,8057A8A20,0.01,US Dollar,0.01,US Dollar,ACH,0,0.01
2022/09/01 04:31,317375,80640C770,115216,805E8DB80,0.01,US Dollar,0.01,US Dollar,ACH,0,0.01
2022/09/01 04:59,16262,8026B52C0,6045,808C8E4B0,0.01,US Dollar,0.01,US Dollar,ACH,0,0.01
2022/09/01 04:45,320041,80B42B990,5687,80B434D20,0.01,US Dollar,0.01,US Dollar,ACH,0,0.01
2022/09/01 04:57,13703,8076650C0,22435,80D03D650,0.09,US Dollar,0.09,US Dollar,Wire,0,0.09
2022/09/01 04:39,5571,802DA9040,21566,80DCF1700,0.04,US Dollar,0.04,US Dollar,ACH,0,0.04
2022/09/01 04:49,3314,81525D0E0,110856,815265BF0,0.03,US Dollar,0.03,US Dollar,ACH,0,0.03
2022/09/01 04:40,2175,807488BB0,1638,81580F910,0.75,US Dollar,0.75,US Dollar,ACH,0,0.75
2022/09/01 04:50,117694,80898C130,1807,81916FDB0,0.08,US Dollar,0.08,US Dollar,ACH,0,0.08
2022/09/01 04:47,15726,806F2E2F0,15726,806F2E2F0,1.19,US Dollar,125.25,Yen,ACH,0,0.8988804363427587
2022/09/01 04:36,21260,81B3A57A0,228849,81BC5D940,0.44,US Dollar,0.44,US Dollar,Wire,0,0.44
2022/09/01 04:56,0,80032B340,14003,804ACA1C0,0.87,Euro,0.87,Euro,Wire,0,0.8698260347930414
2022/09/01 04:34,15680,803A8F740,15680,803A8F740,0.26,Euro,0.31,US Dollar,ACH,0,0.31
2022/09/01 04:34,15680,803A8F740,5294,80A9D17C0,0.26,Euro,0.26,Euro,ACH,0,0.2599480103979204
2022/09/01 04:38,20,800DCBF10,230412,811742290,0.46,Euro,0.46,Euro,Wire,0,0.4599080183963208
2022/09/01 04:59,216208,80DE5C9B0,255226,8152E6000,0.19,Euro,0.19,Euro,Wire,0,0.1899620075984803
2022/09/01 04:57,34728,818336660,25856,818334190,0.01,Euro,0.01,Euro,ACH,0,0.009998000399920017
2022/09/01 04:56,11,8021E5380,11,8028F6FB0,1.63,Yuan,1.63,Yuan,ACH,0,0.236231884057971
2022/09/01 04:40,37179,8032FC540,5923,803301460,0.03,Yuan,0.03,Yuan,ACH,0,0.004347826086956521
2022/09/01 04:48,310347,803BA4BA0,17768,803BA5370,0.01,Yuan,0.01,Yuan,ACH,0,0.0014492753623188406
2022/09/01 04:35,7082,80431BFB0,12307,80496C1B0,1.38,Yuan,1.38,Yuan,ACH,0,0.19999999999999998
2022/09/01 04:37,7082,80431BFB0,12307,80496C1B0,1.86,Yuan,1.86,Yuan,Wire,0,0.26956521739130435
2022/09/01 04:36,311068,80BC8FC80,13512,80BC7CF00,0.02,Yuan,0.02,Yuan,ACH,0,0.002898550724637681
2022/09/01 04:32,312298,81901A3B0,236807,8190189D0,0.01,Yuan,0.01,Yuan,ACH,0,0.0014492753623188406
2022/09/01 04:52,315954,805B96320,23,805BB6290,1.04,Yen,1.04,Yen,ACH,0,0.007463757714941869
2022/09/01 04:53,4,800075360,12,806760AA0,98.5,Yen,98.5,Yen,Wire,0,0.7069039758863213
2022/09/01 04:37,315750,8067D9A40,4,806813780,2.39,Yen,2.39,Yen,ACH,0,0.017152289364145257
2022/09/01 04:46,315908,806A6A090,115648,806A69CE0,0.09,Yen,0.09,Yen,ACH,0,0.0006459021099468925
2022/09/01 04:38,314567,807FC97F0,314567,807FC97F0,0.41,Yen,0.03,Yuan,ACH,0,0.004347826086956521
2022/09/01 04:47,17180,807FDC930,29572,808671C90,30.94,Yen,30.94,Yen,ACH,0,0.2220467920195206
2022/09/01 04:42,358866,8158141A0,21886,8158147E0,0.01,Yen,0.01,Yen,ACH,0,7.176690110521028e-05
2022/09/01 04:58,323963,808B723D0,23539,808B74ED0,0.52,Rupee,0.52,Rupee,ACH,0,0.006537344580918497
2022/09/01 04:52,324856,80909AD50,123800,80909F630,0.02,Rupee,0.02,Rupee,ACH,0,0.00025143633003532677
2022/09/01 04:58,323394,809190C20,224257,809193580,2.19,Rupee,2.19,Rupee,ACH,0,0.027532278138868282
2022/09/01 04:47,325375,8093DD6E0,2,8093DD5F0,0.02,Rupee,0.02,Rupee,ACH,0,0.00025143633003532677
2022/09/01 04:48,119732,808EFC890,124304,80A1906D0,72.58,Rupee,72.58,Rupee,Wire,0,0.9124624416982009
2022/09/01 04:44,327769,80A75FA00,125222,80A75A3F0,2.68,Rupee,2.68,Rupee,ACH,0,0.03369246822473379
2022/09/01 04:47,14,8094CE970,26272,80EAD5080,77.88,Rupee,77.88,Rupee,Wire,0,0.9790930691575624
2022/09/01 04:34,329600,80ECA8750,28826,80ECA6F50,0.03,Rupee,0.03,Rupee,ACH,0,0.0003771544950529902
2022/09/01 04:45,233601,80C702AA0,233601,80C70E760,0.06,UK Pound,0.06,UK Pound,ACH,0,0.06954747774480712
2022/09/01 04:42,233601,80C702AA0,233601,80C70E760,0.01,UK Pound,0.01,UK Pound,Wire,0,0.011591246290801186
2022/09/01 04:41,337373,80D88EF10,235676,80D88C400,0.01,Canadian Dollar,0.01,Canadian Dollar,ACH,0,0.0076103500761035
2022/09/01 04:31,235647,80D55F1E0,136009,80DEC3200,0.69,Canadian Dollar,0.69,Canadian Dollar,Wire,0,0.5251141552511415
2022/09/01 04:59,19,80FACBD60,41916,80FBB2BA0,0.83,Australian Dollar,0.83,Australian Dollar,Wire,0,0.5667850314121825
2022/09/01 04:56,249331,812401AB0,48719,8125CD490,1.48,Brazil Real,1.48,Brazil Real,ACH,0,0.2856867097770485
2022/09/01 04:49,152768,81358DC10,52788,813A863C0,0.35,Swiss Franc,0.35,Swiss Franc,Wire,0,0.35714650149491317
2022/09/01 04:45,152926,813C6AB10,253721,813DA1A30,0.86,Swiss Franc,0.86,Swiss Franc,Wire,0,0.8775599751017867
2022/09/01 04:38,256566,814EC36A0,18,814F44D60,0.44,Swiss Franc,0.44,Swiss Franc,ACH,0,0.44898417330789087
2022/09/01 04:54,359104,8161438B0,258630,816143900,0.01,Shekel,0.01,Shekel,ACH,0,0.002981959147159684
2022/09/01 04:42,363794,8175E39A0,18,8175E3730,0.02,Saudi Riyal,0.02,Saudi Riyal,ACH,0,0.005333333333333333
2022/09/01 04:58,364101,817848E50,163897,81782ADE0,0.01,Saudi Riyal,0.01,Saudi Riyal,ACH,0,0.0026666666666666666
2022/09/01 04:32,339248,8186DF940,339248,8186DF940,0.01,Saudi Riyal,0.01,Canadian Dollar,ACH,0,0.0076103500761035
2022/09/01 04:43,63779,817A66140,163897,81926DF10,3.22,Saudi Riyal,3.22,Saudi Riyal,ACH,0,0.8586666666666667
2022/09/01 04:37,363450,8193C8A20,63779,8193C9580,0.03,Saudi Riyal,0.03,Saudi Riyal,ACH,0,0.008
2022/09/01 04:53,368680,8193C3090,168420,8193C6FF0,0.01,Saudi Riyal,0.01,Saudi Riyal,ACH,0,0.0026666666666666666
2022/09/01 04:45,37690,816F08261,37690,816F08260,9e-06,Bitcoin,0.1,US Dollar,Wire,0,0.1
2022/09/01 04:33,37690,816F08261,37690,816F08260,4e-06,Bitcoin,0.05,US Dollar,ACH,0,0.05
2022/09/01 04:54,22595,80564FA11,22595,80564FA10,1e-06,Bitcoin,0.01,US Dollar,Wire,0,0.01
2022/09/01 04:30,11880,80DC2B601,11880,80DC2B600,5e-06,Bitcoin,0.06,US Dollar,ACH,0,0.06
2022/09/01 04:59,11880,80DC2B601,11880,80DC2B600,8e-06,Bitcoin,0.09,US Dollar,Wire,0,0.09
2022/09/01 05:21,20,8000F0530,1,8002293E0,0.89,US Dollar,0.89,US Dollar,ACH,0,0.89
2022/09/01 05:19,224,8001DC0F0,531,80050FB20,0.13,US Dollar,0.13,US Dollar,Wire,0,0.13
2022/09/01 05:10,20,800055E30,224,8005168B0,0.91,US Dollar,0.91,US Dollar,ACH,0,0.91
2022/09/01 05:28,394,8003190B0,394,8008DA620,0.64,US Dollar,0.64,US Dollar,ACH,0,0.64
2022/09/01 05:13,3202,8012EC440,25526,8050D0320,0.96,US Dollar,0.96,US Dollar,Wire,0,0.96
2022/09/01 05:23,1,800188F60,9715,805F3CB10,0.37,US Dollar,0.37,US Dollar,ACH,0,0.37
2022/09/01 05:23,13395,8015B4D40,13210,806118490,0.39,US Dollar,0.39,US Dollar,ACH,0,0.39
2022/09/01 05:27,22086,8047EC800,118681,8084E3D20,0.34,US Dollar,0.34,US Dollar,ACH,0,0.34
2022/09/01 05:17,22086,8047EC800,118681,8084E3D20,0.05,US Dollar,0.05,US Dollar,Wire,0,0.05
2022/09/01 05:19,39119,80CE59650,13354,80CE55970,0.01,US Dollar,0.01,US Dollar,ACH,0,0.01
2022/09/01 05:03,1217,8004B0300,230733,80E1B43A0,0.23,US Dollar,0.23,US Dollar,Wire,0,0.23
2022/09/01 05:03,315468,80F419990,131099,80F402440,0.01,US Dollar,0.01,US Dollar,ACH,0,0.01
2022/09/01 05:05,335888,80FED3610,238352,80FED3220,0.01,US Dollar,0.01,US Dollar,ACH,0,0.01
2022/09/01 05:14,20,800420460,21130,8120CED60,0.31,US Dollar,0.31,US Dollar,Wire,0,0.31
2022/09/01 05:29,11047,800C3EDF0,153021,81487AF20,0.92,US Dollar,0.92,US Dollar,ACH,0,0.92
2022/09/01 05:09,330015,814A8EA20,1217,814A8EAC0,0.01,US Dollar,0.01,US Dollar,ACH,0,0.01
2022/09/01 05:17,2196,8014BAED0,240242,814B15380,0.06,US Dollar,0.06,US Dollar,ACH,0,0.06
2022/09/01 05:12,322398,817E81C30,252876,817E81AF0,0.01,US Dollar,0.01,US Dollar,ACH,0,0.01
2022/09/01 05:13,11,80067DB00,238219,81A149410,0.72,US Dollar,0.72,US Dollar,Wire,0,0.72
2022/09/01 05:07,236897,81467AC50,21828,81B2B6C70,0.57,US Dollar,0.57,US Dollar,Wire,0,0.57
2022/09/01 05:19,34484,802418B00,6090,80240D120,0.04,Euro,0.04,Euro,ACH,0,0.03999200159968007
2022/09/01 05:11,15400,802CF3FA0,14213,806B0BDD0,0.06,Euro,0.06,Euro,Wire,0,0.059988002399520096
2022/09/01 05:12,5383,8066794C0,8884,80CBDCB80,0.81,Euro,0.81,Euro,Wire,0,0.8098380323935214
2022/09/01 05:00,39308,8046709E0,110080,804670940,0.08,Yuan,0.08,Yuan,ACH,0,0.011594202898550725
2022/09/01 05:18,310413,8048CFB00,9856,8048DA050,0.01,Yuan,0.01,Yuan,ACH,0,0.0014492753623188406
2022/09/01 05:05,312777,806BF9D70,210858,806BF9F00,0.05,Yuan,0.05,Yuan,ACH,0,0.007246376811594203
2022/09/01 05:08,37042,81B84D090,172214,81B84A340,0.04,Yuan,0.04,Yuan,ACH,0,0.005797101449275362
2022/09/01 05:29,117912,806828470,220421,80802B970,34.19,Yen,34.19,Yen,ACH,0,0.24537103487871392
2022/09/01 05:04,322690,8083BE450,221585,80813D600,0.13,Yen,0.13,Yen,ACH,0,0.0009329697143677337
2022/09/01 05:02,312081,8156F3560,222851,8156EBFC0,0.04,Yen,0.04,Yen,ACH,0,0.00028706760442084113
2022/09/01 05:07,319793,808B04770,5,808B03840,0.01,Rupee,0.01,Rupee,ACH,0,0.00012571816501766338
2022/09/01 05:20,119732,808AC9640,2,808E95850,74.78,Rupee,74.78,Rupee,ACH,0,0.9401204380020869
2022/09/01 05:17,324647,80994DDD0,123824,80994DD30,0.06,Rupee,0.06,Rupee,ACH,0,0.0007543089901059804
2022/09/01 05:29,319854,80A196090,126123,80A1E8920,0.02,Rupee,0.02,Rupee,ACH,0,0.00025143633003532677
2022/09/01 05:00,7,80C3727E0,133372,80C4E1910,0.11,UK Pound,0.11,UK Pound,ACH,0,0.12750370919881304
2022/09/01 05:14,136136,80D326750,36096,80D8DF540,0.6,Canadian Dollar,0.6,Canadian Dollar,ACH,0,0.45662100456621
2022/09/01 05:05,142342,80F9C0F80,42646,8100C1100,1.44,Australian Dollar,1.44,Australian Dollar,ACH,0,0.9833378858235455
2022/09/01 05:25,346912,8113F0830,46883,8113F0DD0,0.01,Mexican Peso,0.01,Mexican Peso,ACH,0,0.000495319233245827
2022/09/01 05:24,150810,812A54A70,49096,812AA0A50,0.2,Brazil Real,0.2,Brazil Real,ACH,0,0.03860631213203359
2022/09/01 05:05,150810,812A54A70,49096,812AA0A50,0.21,Brazil Real,0.21,Brazil Real,Wire,0,0.04053662773863526
2022/09/01 05:20,351040,812EF72C0,149453,812EF73B0,0.02,Brazil Real,0.02,Brazil Real,ACH,0,0.0038606312132033584
2022/09/01 05:11,351084,81327A760,214,81327A280,0.04,Brazil Real,0.04,Brazil Real,ACH,0,0.007721262426406717
2022/09/01 05:07,257433,8152AFD40,113,81558A4A0,0.47,Shekel,0.47,Shekel,Wire,0,0.14015207991650513
2022/09/01 05:13,358457,815A4EE40,112,815A4EDF0,0.01,Shekel,0.01,Shekel,ACH,0,0.002981959147159684
2022/09/01 05:26,157948,8159F8430,258799,815D4EE50,1.23,Shekel,1.23,Shekel,Wire,0,0.3667809751006411
2022/09/01 05:19,364352,8186E1EA0,217,8186E1E00,0.01,Saudi Riyal,0.01,Saudi Riyal,ACH,0,0.0026666666666666666
2022/09/01 05:15,13210,810D16561,13210,810D16560,9e-06,Bitcoin,0.1,US Dollar,ACH,0,0.1
2022/09/01 05:01,13210,810D16561,13210,810D16560,4.7e-05,Bitcoin,0.56,US Dollar,ACH,0,0.56
2022/09/01 05:01,13210,810D16561,13210,810D16560,6e-06,Bitcoin,0.07,US Dollar,ACH,0,0.07
2022/09/01 05:12,220015,80C4EA211,220015,80C4EA210,6.1e-05,Bitcoin,0.72,US Dollar,ACH,0,0.72
2022/09/01 05:03,21260,8085A09D1,21260,8085A09D0,1e-06,Bitcoin,0.02,US Dollar,ACH,0,0.02
2022/09/01 05:03,21260,8085A09D1,21260,8085A09D0,1e-06,Bitcoin,0.01,US Dollar,ACH,0,0.01
2022/09/01 05:13,21393,8056ACD61,21393,8056ACD60,8e-06,Bitcoin,0.09,US Dollar,ACH,0,0.09
2022/09/01 05:07,21393,8056ACD61,21393,8056ACD60,2.3e-05,Bitcoin,0.27,US Dollar,ACH,0,0.27
2022/09/01 05:25,262622,817786051,262622,817786050,1e-06,Bitcoin,0.01,US Dollar,Wire,0,0.01
2022/09/01 05:15,1638,805CC7061,1638,805CC7060,8.1e-05,Bitcoin,0.96,US Dollar,ACH,0,0.96
2022/09/01 05:34,1291,8002077B0,349,80061B4B0,0.05,US Dollar,0.05,US Dollar,ACH,0,0.05
2022/09/01 05:57,11,800C470F0,21828,800C7CD40,0.04,US Dollar,0.04,US Dollar,ACH,0,0.04
2022/09/01 05:34,394,80035BD20,1394,800D7A050,0.21,US Dollar,0.21,US Dollar,Wire,0,0.21
2022/09/01 05:37,31261,801162CC0,2545,801168030,0.03,US Dollar,0.03,US Dollar,ACH,0,0.03
2022/09/01 05:31,31475,805C13170,23410,805C12D10,0.01,US Dollar,0.01,US Dollar,ACH,0,0.01
2022/09/01 05:43,7082,80338FD60,7082,80338FD60,0.13,US Dollar,0.87,Yuan,ACH,0,0.12608695652173912
2022/09/01 05:31,335885,80D039350,18671,80D0342E0,0.01,US Dollar,0.01,US Dollar,ACH,0,0.01
2022/09/01 05:38,8814,804FBD040,221100,8125509A0,0.5,US Dollar,0.5,US Dollar,ACH,0,0.5
2022/09/01 05:40,17180,8067DC040,17180,8067DC040,0.08,US Dollar,8.07,Yen,ACH,0,0.05791588919190469
2022/09/01 05:38,17180,8067DC040,17180,8067DC040,0.38,US Dollar,40.35,Yen,ACH,0,0.28957944595952345
2022/09/01 05:37,31931,813901990,18671,8139021A0,0.01,US Dollar,0.01,US Dollar,ACH,0,0.01
2022/09/01 05:55,1277,806A88340,1807,8139DBE10,0.25,US Dollar,0.25,US Dollar,Wire,0,0.25
2022/09/01 05:43,19856,806280370,19856,806280370,0.82,US Dollar,86.72,Yen,ACH,0,0.6223625663843835
2022/09/01 05:34,29158,80DA17EE0,146538,81565A490,0.33,US Dollar,0.33,US Dollar,ACH,0,0.33
2022/09/01 05:33,29158,80DA17EE0,146538,81565A490,0.02,US Dollar,0.02,US Dollar,Wire,0,0.02
2022/09/01 05:30,3389,8087A0E20,112568,81618F560,0.15,US Dollar,0.15,US Dollar,ACH,0,0.15
2022/09/01 05:42,361989,8169B6480,3202,8169B6430,0.01,US Dollar,0.01,US Dollar,ACH,0,0.01
2022/09/01 05:52,12204,80B7B2B70,22890,816DE6C60,0.78,US Dollar,0.78,US Dollar,ACH,0,0.78
2022/09/01 05:39,121013,80B6C91C0,147509,8171BA180,0.03,US Dollar,0.03,US Dollar,Wire,0,0.03
2022/09/01 05:42,333135,81A56B860,244647,81A56B320,0.01,US Dollar,0.01,US Dollar,ACH,0,0.01
2022/09/01 05:37,373427,81AE45C80,136580,81AE45B90,0.01,US Dollar,0.01,US Dollar,ACH,0,0.01
2022/09/01 05:53,1217,8017F74D0,273090,81BB19730,0.22,US Dollar,0.22,US Dollar,Wire,0,0.22
2022/09/01 05:37,1720,8006886B0,3671,801B4EE20,0.17,Euro,0.17,Euro,ACH,0,0.1699660067986403
2022/09/01 05:36,12055,801A9A8C0,11437,801DB7330,0.25,Euro,0.25,Euro,ACH,0,0.2499500099980004
2022/09/01 05:33,12055,801A9A8C0,11437,801DB7330,0.32,Euro,0.32,Euro,Wire,0,0.31993601279744055
2022/09/01 05:46,1776,800F199B0,23726,801F71170,0.98,Euro,0.98,Euro,Wire,0,0.9798040391921615
2022/09/01 05:32,3,800AF66E0,5082,80323F0A0,0.02,Euro,0.02,Euro,ACH,0,0.019996000799840034
2022/09/01 05:54,3,800AF66E0,5082,80323F0A0,0.07,Euro,0.07,Euro,Wire,0,0.06998600279944012
2022/09/01 05:43,6058,802527000,15516,80347E3C0,0.8,Euro,0.8,Euro,ACH,0,0.7998400319936013
2022/09/01 05:31,321620,807D82E90,7272,807D942A0,0.01,Euro,0.01,Euro,ACH,0,0.009998000399920017
2022/09/01 05:56,1595,8006B3650,12202,810615DA0,0.93,Euro,0.93,Euro,ACH,0,0.9298140371925615
2022/09/01 05:57,1595,8006B3650,12202,810615DA0,0.73,Euro,0.73,Euro,Wire,0,0.7298540291941612
2022/09/01 05:36,11,8036F9030,9735,803972DF0,3.97,Yuan,3.97,Yuan,Wire,0,0.5753623188405798
2022/09/01 05:30,29844,804616B50,210858,8122C8FA0,0.87,Yuan,0.87,Yuan,ACH,0,0.12608695652173912
2022/09/01 05:36,11832,804787DE0,220421,8078DE720,88.03,Yen,88.03,Yen,Wire,0,0.6317640304291661
2022/09/01 05:36,315908,807A6EEA0,29592,807A2BA70,0.04,Yen,0.04,Yen,ACH,0,0.00028706760442084113
2022/09/01 05:59,215478,806A273B0,215478,807F08EE0,47.61,Yen,47.61,Yen,ACH,0,0.34168221616190614
2022/09/01 05:50,117960,806A4F220,17180,808081380,19.58,Yen,19.58,Yen,Wire,0,0.14051959236400172
2022/09/01 05:58,322276,808408BE0,221493,8084064A0,0.21,Yen,0.21,Yen,ACH,0,0.0015071049232094158
2022/09/01 05:51,323159,80868CA30,219215,80868C8F0,0.08,Yen,0.08,Yen,ACH,0,0.0005741352088416823
2022/09/01 05:43,322055,80A745960,217073,80A750EF0,0.29,Yen,0.29,Yen,ACH,0,0.0020812401320510977
2022/09/01 05:45,319798,808ADF7A0,25,808ADED10,0.84,Rupee,0.84,Rupee,ACH,0,0.010560325861483725
2022/09/01 05:56,23642,808EEE840,224237,8091F5040,18.32,Rupee,18.32,Rupee,Wire,0,0.23031567831235933
2022/09/01 05:48,327840,80C008A90,132556,80C008110,0.01,Ruble,0.01,Ruble,ACH,0,0.00016565341991485414
2022/09/01 05:44,341977,80F496370,141465,80F4CD400,0.01,Australian Dollar,0.01,Australian Dollar,ACH,0,0.006828735318219066
2022/09/01 05:35,342280,80FDA8160,11,80FDA4E90,0.01,Australian Dollar,0.01,Australian Dollar,ACH,0,0.006828735318219066
2022/09/01 05:49,19,810FCF820,146738,8113D6DC0,0.27,Mexican Peso,0.27,Mexican Peso,ACH,0,0.013373619297637328
2022/09/01 05:50,219,813558F30,152926,813AA4FE0,0.59,Swiss Franc,0.59,Swiss Franc,ACH,0,0.6020469596628537
2022/09/01 05:53,357358,814EF50D0,52914,814EF52A0,0.04,Swiss Franc,0.04,Swiss Franc,ACH,0,0.04081674302799008
2022/09/01 05:57,157948,8159E2740,59157,815F8E590,0.81,Shekel,0.81,Shekel,ACH,0,0.2415386909199344
2022/09/01 05:53,362467,8192906D0,167131,81928FDD0,0.02,Saudi Riyal,0.02,Saudi Riyal,ACH,0,0.005333333333333333
2022/09/01 05:52,4187,80F637591,4187,80F637590,1.1e-05,Bitcoin,0.13,US Dollar,Wire,0,0.13
2022/09/01 05:55,4187,80F637591,4187,80F637590,1.2e-05,Bitcoin,0.15,US Dollar,ACH,0,0.15
2022/09/01 05:40,4187,80F637591,4187,80F637590,1e-06,Bitcoin,0.02,US Dollar,Wire,0,0.02
2022/09/01 05:31,247096,8119563C1,247096,8119563C0,1.7e-05,Bitcoin,0.17,Euro,Wire,0,0.1699660067986403
2022/09/01 05:42,247096,8119563C1,247096,8119563C0,1.3e-05,Bitcoin,0.13,Euro,ACH,0,0.1299740051989602
2022/09/01 05:57,118681,80B9A97D1,118681,80B9A97D0,4e-05,Bitcoin,0.48,US Dollar,ACH,0,0.48
2022/09/01 05:46,22129,8023DC751,22129,8023DC750,3.4e-05,Bitcoin,0.4,US Dollar,Wire,0,0.4
2022/09/01 05:45,22129,8023DC751,22129,8023DC750,1.3e-05,Bitcoin,0.15,US Dollar,Wire,0,0.15
2022/09/01 06:05,14640,80236C020,14640,80236C020,0.97,US Dollar,0.83,Euro,ACH,0,0.8298340331933614
2022/09/01 06:05,11222,801687630,1439,805FFD070,0.55,US Dollar,0.55,US Dollar,Wire,0,0.55
2022/09/01 06:05,11046,800D91C70,531,806AD5000,0.46,US Dollar,0.46,US Dollar,Wire,0,0.46
2022/09/01 06:29,349,8002C50A0,216093,807BCEBE0,0.39,US Dollar,0.39,US Dollar,ACH,0,0.39
2022/09/01 06:14,12307,8049FE520,12307,8049FE520,0.17,US Dollar,1.11,Yuan,ACH,0,0.16086956521739132
2022/09/01 06:14,12307,8049FE520,120280,808F856D0,0.17,US Dollar,0.17,US Dollar,ACH,0,0.17
2022/09/01 06:17,12307,8049FE520,12307,8049FE520,0.32,US Dollar,2.15,Yuan,ACH,0,0.3115942028985507
2022/09/01 06:17,12307,8049FE520,120280,808F856D0,0.32,US Dollar,0.32,US Dollar,Wire,0,0.32
2022/09/01 06:15,394,801C17A10,124173,80967F350,0.06,US Dollar,0.06,US Dollar,Wire,0,0.06
2022/09/01 06:18,35231,80DA209C0,33013,80DA20060,0.01,US Dollar,0.01,US Dollar,ACH,0,0.01
2022/09/01 06:21,11265,802033370,25017,8105104D0,0.65,US Dollar,0.65,US Dollar,ACH,0,0.65
2022/09/01 06:29,314952,814367C80,215766,8143602A0,0.01,US Dollar,0.01,US Dollar,ACH,0,0.01
2022/09/01 06:27,12,801587680,150269,818552B50,0.34,US Dollar,0.34,US Dollar,Wire,0,0.34
2022/09/01 06:26,13474,8017929A0,247270,81906EE10,0.42,US Dollar,0.42,US Dollar,ACH,0,0.42
2022/09/01 06:05,338099,819CD3980,237110,819CCDE90,0.02,US Dollar,0.02,US Dollar,ACH,0,0.02
2022/09/01 06:23,316470,819E055B0,169394,819E123A0,0.02,US Dollar,0.02,US Dollar,ACH,0,0.02
2022/09/01 06:20,25017,810A2CD30,226659,81AC2AC80,0.94,US Dollar,0.94,US Dollar,Wire,0,0.94
2022/09/01 06:15,498,80084CCD0,21444,800EC5460,0.74,Euro,0.74,Euro,Wire,0,0.7398520295940811
2022/09/01 06:24,36741,8026F3E90,6681,8026F3E40,0.1,Euro,0.1,Euro,ACH,0,0.09998000399920016
2022/09/01 06:26,14172,802DA63F0,8087,8058B3810,0.56,Euro,0.56,Euro,ACH,0,0.5598880223955209
2022/09/01 06:16,1768,800DFB240,5436,80CA83E50,0.94,Euro,0.94,Euro,Wire,0,0.9398120375924814
2022/09/01 06:14,331917,80FDE5B60,15109,80FDE4C60,0.01,Euro,0.01,Euro,ACH,0,0.009998000399920017
2022/09/01 06:12,423,800266A60,241795,810434CC0,0.06,Euro,0.06,Euro,ACH,0,0.059988002399520096
2022/09/01 06:01,423,800266A60,241795,810434CC0,0.12,Euro,0.12,Euro,Wire,0,0.11997600479904019
2022/09/01 06:17,25307,802274AA0,24643,811D52D40,0.3,Euro,0.3,Euro,Wire,0,0.29994001199760045
2022/09/01 06:09,12202,8014D9ED0,3671,812C775C0,0.02,Euro,0.02,Euro,ACH,0,0.019996000799840034
2022/09/01 06:11,36526,81433B780,20,814370EC0,0.02,Euro,0.02,Euro,ACH,0,0.019996000799840034
2022/09/01 06:13,214445,8157C88C0,212529,8095FE820,0.88,Euro,0.88,Euro,ACH,0,0.8798240351929615
2022/09/01 06:13,214445,8157C88C0,212529,8095FE820,0.9,Euro,0.9,Euro,Wire,0,0.8998200359928015
2022/09/01 06:16,35912,803FACEB0,110400,803FACF00,0.01,Yuan,0.01,Yuan,ACH,0,0.0014492753623188406
2022/09/01 06:10,310521,8048C85F0,26,8048C7BA0,0.15,Yuan,0.15,Yuan,ACH,0,0.021739130434782608
2022/09/01 06:09,312738,8049C2920,26922,8049C28D0,0.01,Yuan,0.01,Yuan,ACH,0,0.0014492753623188406
2022/09/01 06:28,311108,80FA30370,13255,80FA3CEA0,0.02,Yuan,0.02,Yuan,ACH,0,0.002898550724637681
2022/09/01 06:20,314181,815BB22A0,210091,815BB5580,0.01,Yuan,0.01,Yuan,ACH,0,0.0014492753623188406
2022/09/01 06:10,348081,81AFD25E0,114610,81AFCCBF0,0.01,Yuan,0.01,Yuan,ACH,0,0.0014492753623188406
2022/09/01 06:27,39896,805BC7890,29592,805BC77F0,0.15,Yen,0.15,Yen,ACH,0,0.001076503516578154
2022/09/01 06:22,322191,808118E60,15726,808106EC0,0.32,Yen,0.32,Yen,ACH,0,0.002296540835366729
2022/09/01 06:09,315892,8083C64E0,120838,8083BD740,0.15,Yen,0.15,Yen,ACH,0,0.001076503516578154
2022/09/01 06:14,319974,808A1EFD0,119732,8089B7740,0.23,Rupee,0.23,Rupee,ACH,0,0.0028915177954062584
2022/09/01 06:29,325387,809B6E030,25892,809B6EDC0,0.09,Rupee,0.09,Rupee,ACH,0,0.0011314634851589706
2022/09/01 06:15,328471,80EAE1CC0,124503,80EAE11E0,0.04,Rupee,0.04,Rupee,ACH,0,0.0005028726600706535
2022/09/01 06:10,330393,80BEDD270,27,80BEDD1D0,0.11,Ruble,0.11,Ruble,ACH,0,0.0018221876190633957
2022/09/01 06:22,332976,80BFEEEA0,16,80BFF26A0,0.01,Ruble,0.01,Ruble,ACH,0,0.00016565341991485414
2022/09/01 06:14,8,80591CC60,134489,80CB36FE0,0.22,UK Pound,0.22,UK Pound,ACH,0,0.2550074183976261
2022/09/01 06:12,336384,80D318DA0,11,80D315FC0,0.01,Canadian Dollar,0.01,Canadian Dollar,ACH,0,0.0076103500761035
2022/09/01 06:27,135558,80CFECF60,136678,80D9BFDA0,0.7,Canadian Dollar,0.7,Canadian Dollar,ACH,0,0.532724505327245
2022/09/01 06:18,339540,80E6D4E30,137117,80E6D4DE0,0.01,Canadian Dollar,0.01,Canadian Dollar,ACH,0,0.0076103500761035
2022/09/01 06:16,346380,810DE6130,215,810DD92F0,0.08,Mexican Peso,0.08,Mexican Peso,ACH,0,0.003962553865966616
2022/09/01 06:07,345933,812075B20,345933,812075B20,0.14,Mexican Peso,0.01,Australian Dollar,ACH,0,0.006828735318219066
2022/09/01 06:03,350929,81285DC40,148894,81285DDC0,0.01,Brazil Real,0.01,Brazil Real,ACH,0,0.0019303156066016792
2022/09/01 06:01,351331,812CCA660,248756,812C3A0C0,0.01,Brazil Real,0.01,Brazil Real,ACH,0,0.0019303156066016792
2022/09/01 06:19,361337,816A91710,260288,816A91AF0,0.01,Shekel,0.01,Shekel,ACH,0,0.002981959147159684
2022/09/01 06:28,364103,8179CF4B0,63834,8179CF500,0.02,Saudi Riyal,0.02,Saudi Riyal,ACH,0,0.005333333333333333
2022/09/01 06:13,165852,8189C7EC0,167112,8192994D0,2.5,Saudi Riyal,2.5,Saudi Riyal,ACH,0,0.6666666666666666
2022/09/01 06:13,1277,800D9D421,1277,800D9D420,9e-06,Bitcoin,0.11,US Dollar,ACH,0,0.11
2022/09/01 06:27,1277,800D9D421,1277,800D9D420,3.3e-05,Bitcoin,0.39,US Dollar,ACH,0,0.39
2022/09/01 06:10,23848,807B6BB51,23848,807B6BB50,2e-06,Bitcoin,0.02,Euro,ACH,0,0.019996000799840034
2022/09/01 06:15,23848,807B6BB51,23848,807B6BB50,1e-06,Bitcoin,0.01,Euro,Wire,0,0.009998000399920017
2022/09/01 06:15,117916,819B9C7A1,117916,819B9C7A0,1.4e-05,Bitcoin,0.17,US Dollar,Wire,0,0.17
2022/09/01 06:20,117916,819B9C7A1,117916,819B9C7A0,1.1e-05,Bitcoin,0.13,US Dollar,ACH,0,0.13
2022/09/01 06:00,18656,8076602A1,18656,8076602A0,5.5e-05,Bitcoin,0.66,US Dollar,ACH,0,0.66
2022/09/01 06:42,1217,8011B6DE0,3202,802556BA0,0.08,US Dollar,0.08,US Dollar,ACH,0,0.08
2022/09/01 06:38,1217,8011B6DE0,3202,802556BA0,0.03,US Dollar,0.03,US Dollar,Wire,0,0.03
2022/09/01 06:57,1217,8034BB670,214000,80706C8C0,0.23,US Dollar,0.23,US Dollar,ACH,0,0.23
2022/09/01 06:32,2368,8058F6FD0,215187,8075D7A40,0.4,US Dollar,0.4,US Dollar,ACH,0,0.4
2022/09/01 06:44,322826,80BC16670,114721,80BC14E70,0.01,US Dollar,0.01,US Dollar,ACH,0,0.01
2022/09/01 06:50,32167,80C46C7A0,24950,80C46CDB0,0.01,US Dollar,0.01,US Dollar,ACH,0,0.01
2022/09/01 06:32,214107,806112210,35145,80DAD2630,0.83,US Dollar,0.83,US Dollar,ACH,0,0.83
2022/09/01 06:30,344028,80FF86540,133539,80FF80FA0,0.01,US Dollar,0.01,US Dollar,ACH,0,0.01
2022/09/01 06:40,127170,80EA43C00,127170,80EA43C00,0.76,US Dollar,55.56,Rupee,ACH,0,0.6984901248381379
2022/09/01 06:51,16584,8084F85B0,249786,8142A82B0,0.11,US Dollar,0.11,US Dollar,Wire,0,0.11
2022/09/01 06:56,215239,811F66190,137074,8144D1840,0.6,US Dollar,0.6,US Dollar,ACH,0,0.6
2022/09/01 06:47,356032,8146D7A10,122779,8146D6C90,0.01,US Dollar,0.01,US Dollar,ACH,0,0.01
2022/09/01 06:44,354658,814B34F00,354658,814B34F00,0.01,US Dollar,0.01,Swiss Franc,ACH,0,0.01020418575699752
2022/09/01 06:32,357442,814F761C0,149329,814F83A00,0.08,US Dollar,0.08,US Dollar,ACH,0,0.08
2022/09/01 06:55,374190,81B278FA0,67043,81B278E60,0.01,US Dollar,0.01,US Dollar,ACH,0,0.01
2022/09/01 06:35,21414,810E52440,11495,81B5BFA60,0.37,US Dollar,0.37,US Dollar,Wire,0,0.37
2022/09/01 06:35,24070,802E2CEB0,2557,80306F0D0,0.98,Euro,0.98,Euro,Wire,0,0.9798040391921615
2022/09/01 06:39,21444,8011C6650,17319,803684370,0.07,Euro,0.07,Euro,ACH,0,0.06998600279944012
2022/09/01 06:57,21444,8011C6650,17319,803684370,0.31,Euro,0.31,Euro,Wire,0,0.3099380123975205
2022/09/01 06:57,311292,804157C10,8889,804157E80,0.01,Euro,0.01,Euro,ACH,0,0.009998000399920017
2022/09/01 06:59,25788,8029C39F0,12202,806519AB0,0.2,Euro,0.2,Euro,Wire,0,0.19996000799840033
2022/09/01 06:50,18624,80413AC20,117861,80C55AF80,0.43,Euro,0.43,Euro,ACH,0,0.4299140171965607
2022/09/01 06:41,18624,80413AC20,117861,80C55AF80,0.59,Euro,0.59,Euro,Wire,0,0.589882023595281
2022/09/01 06:39,20,80185B040,224191,80CBB8580,0.29,Euro,0.29,Euro,Wire,0,0.28994201159768046
2022/09/01 06:37,2514,8003BB3C0,228147,80E221EA0,0.21,Euro,0.21,Euro,Wire,0,0.20995800839832032
2022/09/01 06:34,1776,804C02180,23194,8116575B0,0.01,Euro,0.01,Euro,ACH,0,0.009998000399920017
2022/09/01 06:39,39266,811E0A890,39266,811E0A890,0.01,Euro,0.1,Yuan,ACH,0,0.014492753623188406
2022/09/01 06:37,15400,80B23ABE0,150317,815E77DB0,0.99,Euro,0.99,Euro,ACH,0,0.9898020395920816
2022/09/01 06:54,39588,803717EF0,26,803717B30,0.06,Yuan,0.06,Yuan,ACH,0,0.008695652173913042
2022/09/01 06:37,15,803D99910,13191,804DCF760,0.74,Yuan,0.74,Yuan,Wire,0,0.1072463768115942
2022/09/01 06:45,319311,81506D190,236866,81506D4B0,0.13,Yuan,0.13,Yuan,ACH,0,0.01884057971014493
2022/09/01 06:39,312716,81B4510D0,213504,81B449F00,0.01,Yuan,0.01,Yuan,ACH,0,0.0014492753623188406
2022/09/01 06:36,375204,81B86CDC0,210858,81B8612C0,0.1,Yuan,0.1,Yuan,ACH,0,0.014492753623188406
2022/09/01 06:32,315529,80595E3F0,29572,80595E570,0.01,Yen,0.01,Yen,ACH,0,7.176690110521028e-05
2022/09/01 06:38,317501,806665FD0,15726,806665F80,0.17,Yen,0.17,Yen,ACH,0,0.0012200373187885747
2022/09/01 06:56,317472,806F46AA0,19836,806F468C0,0.07,Yen,0.07,Yen,ACH,0,0.0005023683077364719
2022/09/01 06:32,17096,80681DD80,117286,8079F20A0,139.27,Yen,139.27,Yen,ACH,0,0.9994976316922636
2022/09/01 06:33,17096,80681DD80,117286,8079F20A0,101.54,Yen,101.54,Yen,Wire,0,0.7287211138223052
2022/09/01 06:33,321828,807F1B7C0,15745,807F1B220,0.19,Yen,0.19,Yen,ACH,0,0.0013635711209989952
2022/09/01 06:35,72,8073E2030,19413,8087E4100,59.96,Rupee,59.96,Rupee,Wire,0,0.7538061174459098
2022/09/01 06:49,14,8089E68D0,23486,808F2FD30,11.94,Rupee,11.94,Rupee,ACH,0,0.15010748903109009
2022/09/01 06:54,14,8089E68D0,23486,808F2FD30,31.92,Rupee,31.92,Rupee,Wire,0,0.40129238273638157
2022/09/01 06:48,323963,80909A530,123568,809099F20,41.65,Rupee,41.65,Rupee,ACH,0,0.523616157298568
2022/09/01 06:45,19413,8092494C0,123260,809503E40,52.13,Rupee,52.13,Rupee,ACH,0,0.6553687942370793
2022/09/01 06:53,326632,809AEA640,225628,809AEA5A0,0.02,Rupee,0.02,Rupee,ACH,0,0.00025143633003532677
2022/09/01 06:50,326602,809EAFB30,224699,809EAFAE0,0.01,Rupee,0.01,Rupee,ACH,0,0.00012571816501766338
2022/09/01 06:33,324507,809A08FD0,25,809F1E690,0.05,Rupee,0.05,Rupee,ACH,0,0.000628590825088317
2022/09/01 06:44,2,808AD62B0,23809,809F49A20,0.74,Rupee,0.74,Rupee,Wire,0,0.009303144211307091
2022/09/01 06:31,325167,809F75830,124503,809F75880,0.02,Rupee,0.02,Rupee,ACH,0,0.00025143633003532677
2022/09/01 06:37,332468,80BDD9300,18,80BDD66B0,0.72,Ruble,0.72,Ruble,ACH,0,0.011927046233869499
2022/09/01 06:39,3718,80215F8C0,3718,80215F8C0,0.44,UK Pound,0.57,US Dollar,ACH,0,0.57
2022/09/01 06:59,40989,80F938650,142231,80FB655C0,1.2,Australian Dollar,1.2,Australian Dollar,ACH,0,0.8194482381862879
2022/09/01 06:38,141204,80F6257C0,41348,80FC4F0E0,0.44,Australian Dollar,0.44,Australian Dollar,ACH,0,0.3004643540016389
2022/09/01 06:32,141204,80F6257C0,41348,80FC4F0E0,0.76,Australian Dollar,0.76,Australian Dollar,Wire,0,0.518983884184649
2022/09/01 06:35,346600,811135380,41014,8111345B0,0.05,Mexican Peso,0.05,Mexican Peso,ACH,0,0.002476596166229135
2022/09/01 06:37,363450,8179ADE30,163233,8179AD550,0.03,Saudi Riyal,0.03,Saudi Riyal,ACH,0,0.008
2022/09/01 06:47,363829,81892D830,163897,81892CEA0,0.01,Saudi Riyal,0.01,Saudi Riyal,ACH,0,0.0026666666666666666
2022/09/01 06:49,2545,809C3F6D1,2545,809C3F6D0,2e-06,Bitcoin,0.02,US Dollar,ACH,0,0.02
2022/09/01 06:42,19521,804739E21,19521,804739E20,1e-06,Bitcoin,0.11,Yuan,ACH,0,0.015942028985507246
2022/09/01 06:39,22435,801E3C4D1,22435,801E3C4D0,6e-06,Bitcoin,0.07,US Dollar,ACH,0,0.07
2022/09/01 06:58,22435,801E3C4D1,22435,801E3C4D0,1e-05,Bitcoin,0.11,US Dollar,ACH,0,0.11
2022/09/01 06:42,131099,80EF80FE1,131099,80EF80FE0,2e-06,Bitcoin,0.03,US Dollar,Wire,0,0.03
2022/09/01 06:46,131099,80EF80FE1,131099,80EF80FE0,5e-06,Bitcoin,0.05,US Dollar,ACH,0,0.05
2022/09/01 06:59,8488,807044561,8488,807044560,1.3e-05,Bitcoin,0.15,US Dollar,ACH,0,0.15
2022/09/01 06:57,8488,807044561,8488,807044560,8e-06,Bitcoin,0.09,US Dollar,ACH,0,0.09
2022/09/01 06:34,24523,805835C51,24523,805835C50,1.4e-05,Bitcoin,0.17,US Dollar,ACH,0,0.17
2022/09/01 07:09,20,8003E6750,12,800212D50,0.68,US Dollar,0.68,US Dollar,ACH,0,0.68
2022/09/01 07:15,11337,805EBF040,214107,806B7BE90,0.12,US Dollar,0.12,US Dollar,Wire,0,0.12
2022/09/01 07:08,15740,806A4A550,15740,806A4A550,1.22,US Dollar,128.84,Yen,ACH,0,0.9246447538395293
2022/09/01 07:03,15740,806A4A550,15740,806A4A550,0.31,US Dollar,33.14,Yen,ACH,0,0.23783551026266686
2022/09/01 07:22,15740,806A4A550,15740,806A4A550,0.21,US Dollar,22.5,Yen,ACH,0,0.1614755274867231
2022/09/01 07:03,28625,804D0C500,22086,80A5559F0,0.29,US Dollar,0.29,US Dollar,ACH,0,0.29
2022/09/01 07:06,12,8010E6230,1277,80B982330,0.63,US Dollar,0.63,US Dollar,Wire,0,0.63
2022/09/01 07:28,216796,80C4EA990,19589,80C524630,0.09,US Dollar,0.09,US Dollar,ACH,0,0.09
2022/09/01 07:02,216796,80C4EA990,19589,80C524630,0.18,US Dollar,0.18,US Dollar,Wire,0,0.18
2022/09/01 07:00,328777,80DA3B670,1812,80DA3B5D0,0.07,US Dollar,0.07,US Dollar,ACH,0,0.07
2022/09/01 07:25,127530,81156E840,127530,8057DC000,0.47,US Dollar,0.47,US Dollar,ACH,0,0.47
2022/09/01 07:07,375115,81B7A9050,216796,81B7A5FE0,0.01,US Dollar,0.01,US Dollar,ACH,0,0.01
2022/09/01 07:01,375314,81B8FB0C0,22086,81B8F91D0,0.02,US Dollar,0.02,US Dollar,ACH,0,0.02
2022/09/01 07:19,423,80027F420,0,801AE2650,0.41,Euro,0.41,Euro,Wire,0,0.40991801639672065
2022/09/01 07:24,12274,80228FC60,5981,802B9D040,0.09,Euro,0.09,Euro,Wire,0,0.08998200359928014
2022/09/01 07:29,2293,8025A0760,8811,805F6B2B0,0.16,Euro,0.16,Euro,ACH,0,0.15996800639872027
2022/09/01 07:03,2293,8025A0760,8811,805F6B2B0,0.09,Euro,0.09,Euro,Wire,0,0.08998200359928014
2022/09/01 07:16,34535,806551570,14640,80654EC40,0.77,Euro,0.77,Euro,ACH,0,0.7698460307938413
2022/09/01 07:28,36879,807994D60,115212,807997E50,0.01,Euro,0.01,Euro,ACH,0,0.009998000399920017
2022/09/01 07:19,335892,80E32FC40,3671,80E32F570,0.01,Euro,0.01,Euro,ACH,0,0.009998000399920017
2022/09/01 07:18,7522,807235890,2514,811A86650,0.44,Euro,0.44,Euro,Wire,0,0.43991201759648074
2022/09/01 07:11,222654,80ADC4A50,498,815A29F10,0.57,Euro,0.57,Euro,Wire,0,0.5698860227954409
2022/09/01 07:09,39243,8039C9F90,9534,8039C9EA0,0.02,Yuan,0.02,Yuan,ACH,0,0.002898550724637681
2022/09/01 07:24,310504,803DBDA30,17213,803DBD770,0.01,Yuan,0.01,Yuan,ACH,0,0.0014492753623188406
2022/09/01 07:26,310146,80449A980,7082,80449B1E0,0.01,Yuan,0.01,Yuan,ACH,0,0.0014492753623188406
2022/09/01 07:02,39641,804623E90,15,804730740,0.01,Yuan,0.01,Yuan,ACH,0,0.0014492753623188406
2022/09/01 07:28,27,802CCA580,26,804E27BE0,4.31,Yuan,4.31,Yuan,Wire,0,0.6246376811594202
2022/09/01 07:20,12469,804FEE690,110198,805513500,6.8,Yuan,6.8,Yuan,Wire,0,0.9855072463768115
2022/09/01 07:23,311390,81653DB30,19104,81653D350,0.05,Yuan,0.05,Yuan,ACH,0,0.007246376811594203
2022/09/01 07:20,39910,8038F8AC0,19856,8038F9950,0.01,Yen,0.01,Yen,ACH,0,7.176690110521028e-05
2022/09/01 07:02,315611,80802D950,18,80802B440,0.05,Yen,0.05,Yen,ACH,0,0.0003588345055260514
2022/09/01 07:29,19836,805A7C000,115648,8081E8D60,58.96,Yen,58.96,Yen,ACH,0,0.4231376489163198
2022/09/01 07:05,19836,805A7C000,115648,8081E8D60,113.26,Yen,113.26,Yen,Wire,0,0.8128319219176117
2022/09/01 07:06,321369,80829D070,215557,805C460F0,0.12,Yen,0.12,Yen,ACH,0,0.0008612028132625232
2022/09/01 07:19,319793,8072BFDF0,14,8072BFE90,0.01,Rupee,0.01,Rupee,ACH,0,0.00012571816501766338
2022/09/01 07:05,323713,80920AC90,5,8090E2590,1.23,Rupee,1.23,Rupee,ACH,0,0.015463334297172598
2022/09/01 07:13,323811,809B1B470,126123,809B1B3D0,0.01,Rupee,0.01,Rupee,ACH,0,0.00012571816501766338
2022/09/01 07:22,328059,80A3A5160,127817,80A3A5020,0.16,Rupee,0.16,Rupee,ACH,0,0.002011490640282614
2022/09/01 07:09,324239,80ABE9D50,127361,80ABE9440,0.01,Rupee,0.01,Rupee,ACH,0,0.00012571816501766338
2022/09/01 07:12,11,80E427B80,138617,80E51D9F0,0.14,Canadian Dollar,0.14,Canadian Dollar,Wire,0,0.10654490106544902
2022/09/01 07:03,212,80F0D7F60,40904,80F3115F0,1.24,Australian Dollar,1.24,Australian Dollar,ACH,0,0.8467631794591642
2022/09/01 07:13,41126,80F0F40B0,41542,80FC0D7F0,0.3,Australian Dollar,0.3,Australian Dollar,Wire,0,0.20486205954657197
2022/09/01 07:26,241503,80F64AA60,142223,80FE38680,0.35,Australian Dollar,0.35,Australian Dollar,ACH,0,0.2390057361376673
2022/09/01 07:08,346538,811D70650,146529,811406690,0.13,Mexican Peso,0.13,Mexican Peso,ACH,0,0.006439150032195751
2022/09/01 07:21,354042,813B39260,52860,813B39210,0.01,Swiss Franc,0.01,Swiss Franc,ACH,0,0.01020418575699752
2022/09/01 07:07,359716,815C6C460,14,815B300A0,0.02,Shekel,0.02,Shekel,ACH,0,0.005963918294319368
2022/09/01 07:08,359032,8162E9420,259555,8162E8730,0.03,Shekel,0.03,Shekel,ACH,0,0.008945877441479051
2022/09/01 07:18,360847,8162C0230,258630,8162C5060,0.01,Shekel,0.01,Shekel,ACH,0,0.002981959147159684
2022/09/01 07:14,63940,81760A860,263574,81783DB50,0.16,Saudi Riyal,0.16,Saudi Riyal,ACH,0,0.042666666666666665
2022/09/01 07:14,364596,81858BFF0,265216,81857FCE0,0.08,Saudi Riyal,0.08,Saudi Riyal,ACH,0,0.021333333333333333
2022/09/01 07:10,319190,8189DB010,319190,8189DB010,0.02,Saudi Riyal,0.46,Yen,ACH,0,0.003301277450839673
2022/09/01 07:03,367452,818E634A0,264152,818E62340,0.01,Saudi Riyal,0.01,Saudi Riyal,ACH,0,0.0026666666666666666
2022/09/01 07:12,213123,8057CF451,213123,8057CF450,1e-06,Bitcoin,0.01,US Dollar,ACH,0,0.01
2022/09/01 07:49,1422,800803850,1291,8008222E0,0.41,US Dollar,0.41,US Dollar,ACH,0,0.41
2022/09/01 07:53,21939,800BF6240,11047,802AA9A80,0.13,US Dollar,0.13,US Dollar,ACH,0,0.13
2022/09/01 07:40,36477,80833ADE0,211374,80833AD90,0.02,US Dollar,0.02,US Dollar,ACH,0,0.02
2022/09/01 07:49,8801,8050F5730,113213,8088AA300,0.79,US Dollar,0.79,US Dollar,Wire,0,0.79
2022/09/01 07:45,329415,80CC505E0,214000,80CC514A0,0.01,US Dollar,0.01,US Dollar,ACH,0,0.01
2022/09/01 07:43,1,800FDB700,39701,80ECB11F0,0.34,US Dollar,0.34,US Dollar,Wire,0,0.34
2022/09/01 07:58,26179,809320740,131787,80F3AD310,0.69,US Dollar,0.69,US Dollar,ACH,0,0.69
2022/09/01 07:43,12204,800CF6900,13243,80FB99A80,0.27,US Dollar,0.27,US Dollar,Wire,0,0.27
2022/09/01 07:39,22031,800E58EE0,136393,8113DD340,0.39,US Dollar,0.39,US Dollar,Wire,0,0.39
2022/09/01 07:48,1,801409750,143280,8121670C0,0.82,US Dollar,0.82,US Dollar,Wire,0,0.82
2022/09/01 07:34,22086,80A344800,119174,812720C10,0.81,US Dollar,0.81,US Dollar,ACH,0,0.81
2022/09/01 07:49,22086,80A344800,119174,812720C10,0.04,US Dollar,0.04,US Dollar,Wire,0,0.04
2022/09/01 07:44,354016,813A6B6A0,4894,813A40C50,0.01,US Dollar,0.01,US Dollar,ACH,0,0.01
2022/09/01 07:39,359928,815D75350,3533,815DBEA80,0.02,US Dollar,0.02,US Dollar,ACH,0,0.02
2022/09/01 07:50,531,800710890,237640,817F1C340,0.36,US Dollar,0.36,US Dollar,ACH,0,0.36
2022/09/01 07:56,1291,8002D0DA0,221024,818AA23F0,0.19,US Dollar,0.19,US Dollar,ACH,0,0.19
2022/09/01 07:45,1291,8002D0DA0,221024,818AA23F0,0.17,US Dollar,0.17,US Dollar,Wire,0,0.17
2022/09/01 07:32,4187,80817CE90,131857,818E6D090,0.54,US Dollar,0.54,US Dollar,Wire,0,0.54
2022/09/01 07:38,12966,809721F20,256312,819A85910,0.65,US Dollar,0.65,US Dollar,Wire,0,0.65
2022/09/01 07:41,20,8005FD050,14172,801875110,0.09,Euro,0.09,Euro,Wire,0,0.08998200359928014
2022/09/01 07:40,3471,80285E0C0,24029,802865030,0.04,Euro,0.04,Euro,ACH,0,0.03999200159968007
2022/09/01 07:38,1390,800B391E0,15516,80322EF00,0.62,Euro,0.62,Euro,ACH,0,0.619876024795041
2022/09/01 07:59,36538,809552780,219353,809550E60,0.01,Euro,0.01,Euro,ACH,0,0.009998000399920017
2022/09/01 07:32,17353,8079980A0,123440,80AA036D0,0.04,Euro,0.04,Euro,Wire,0,0.03999200159968007
2022/09/01 07:48,330637,810FA35E0,118293,810F9F660,0.01,Euro,0.01,Euro,ACH,0,0.009998000399920017
2022/09/01 07:53,12055,8053AF820,123519,8116A0410,0.55,Euro,0.55,Euro,ACH,0,0.5498900219956009
2022/09/01 07:59,352495,813140E30,19622,813142B30,0.04,Euro,0.04,Euro,ACH,0,0.03999200159968007
2022/09/01 07:32,3662,80293AE30,5923,802934740,0.01,Yuan,0.01,Yuan,ACH,0,0.0014492753623188406
2022/09/01 07:30,37181,8035CF870,8997,8035C4720,0.02,Yuan,0.02,Yuan,ACH,0,0.002898550724637681
2022/09/01 07:52,12,800070750,15885,80376C8D0,3.88,Yuan,3.88,Yuan,Wire,0,0.5623188405797102
2022/09/01 07:38,37145,803AB95B0,27425,803AF2230,0.01,Yuan,0.01,Yuan,ACH,0,0.0014492753623188406
2022/09/01 07:33,310255,804A430E0,19521,804A42FF0,0.01,Yuan,0.01,Yuan,ACH,0,0.0014492753623188406
2022/09/01 07:42,314145,80E8095C0,211738,80E809570,0.01,Yuan,0.01,Yuan,ACH,0,0.0014492753623188406
2022/09/01 07:35,215478,80621DCA0,15740,8065F0500,59.36,Yen,59.36,Yen,ACH,0,0.4260083249605282
2022/09/01 07:56,215478,80621DCA0,15740,8065F0500,0.82,Yen,0.82,Yen,Wire,0,0.005884885890627242
2022/09/01 07:57,320840,808405CB0,18256,808403DF0,3.49,Yen,3.49,Yen,ACH,0,0.025046648485718387
2022/09/01 07:59,72,8087E4B20,123260,808A04E00,59.55,Rupee,59.55,Rupee,Wire,0,0.7486516726801855
2022/09/01 07:58,319793,8089B3860,119699,808A3E190,0.01,Rupee,0.01,Rupee,ACH,0,0.00012571816501766338
2022/09/01 07:52,324201,80A2DC560,127105,80A310150,0.25,Rupee,0.25,Rupee,ACH,0,0.003142954125441585
2022/09/01 07:41,324466,80A75AB10,23033,80A7644F0,0.71,Rupee,0.71,Rupee,ACH,0,0.0089259897162541
2022/09/01 07:56,329434,80AB336E0,128566,80AB35A90,0.43,Rupee,0.43,Rupee,ACH,0,0.005405881095759526
2022/09/01 07:57,323866,80E20C680,123568,80E20C1A0,0.33,Rupee,0.33,Rupee,ACH,0,0.004148699445582892
2022/09/01 07:40,327727,80E885CB0,127817,80E886B30,0.1,Rupee,0.1,Rupee,ACH,0,0.001257181650176634
2022/09/01 07:45,125103,809CEF3D0,227113,80EC0BFC0,75.61,Rupee,75.61,Rupee,Wire,0,0.9505550456985529
2022/09/01 07:40,336471,80E1DF460,16,80E1E2F30,0.13,Canadian Dollar,0.13,Canadian Dollar,ACH,0,0.0989345509893455
2022/09/01 07:50,40904,80F1A0B40,42234,80F85A3F0,1.18,Australian Dollar,1.18,Australian Dollar,Wire,0,0.8057907675498498
2022/09/01 07:50,241036,80F9FDBD0,41335,80FBF0470,1.01,Australian Dollar,1.01,Australian Dollar,ACH,0,0.6897022671401257
2022/09/01 07:57,241036,80F9FDBD0,41335,80FBF0470,0.27,Australian Dollar,0.27,Australian Dollar,Wire,0,0.1843758535919148
2022/09/01 07:54,346538,810E744A0,1135,810E7C600,0.02,Mexican Peso,0.02,Mexican Peso,ACH,0,0.000990638466491654
2022/09/01 07:30,349935,8122F4060,49096,8122F7070,0.02,Brazil Real,0.02,Brazil Real,ACH,0,0.0038606312132033584
2022/09/01 07:47,350009,81237E570,11,812375740,0.02,Brazil Real,0.02,Brazil Real,ACH,0,0.0038606312132033584
2022/09/01 07:58,219,81356BED0,152907,813DD1AF0,0.05,Swiss Franc,0.05,Swiss Franc,Wire,0,0.0510209287849876
2022/09/01 07:45,359730,816092070,257433,816089300,0.01,Shekel,0.01,Shekel,ACH,0,0.002981959147159684
2022/09/01 07:59,363468,8176EF670,263186,8176EE5F0,0.01,Saudi Riyal,0.01,Saudi Riyal,ACH,0,0.0026666666666666666
2022/09/01 07:35,363482,817EAADA0,163470,8176FD900,0.01,Saudi Riyal,0.01,Saudi Riyal,ACH,0,0.0026666666666666666
2022/09/01 07:30,63587,817FD7230,167819,819466DF0,0.03,Saudi Riyal,0.03,Saudi Riyal,ACH,0,0.008
2022/09/01 07:33,12702,80AD09141,12702,80AD09140,1e-06,Bitcoin,0.01,US Dollar,Wire,0,0.01
2022/09/01 07:37,1,80AA7EB61,1,80AA7EB60,3e-06,Bitcoin,0.04,US Dollar,ACH,0,0.04
2022/09/01 07:32,1,80AA7EB61,1,80AA7EB60,5e-06,Bitcoin,0.06,US Dollar,Wire,0,0.06
2022/09/01 07:58,152926,81419E221,152926,81419E220,3e-06,Bitcoin,0.03,Swiss Franc,Wire,0,0.03061255727099256
2022/09/01 07:33,152926,81419E221,152926,81419E220,2e-06,Bitcoin,0.02,Swiss Franc,Wire,0,0.02040837151399504
2022/09/01 07:53,152926,81419E221,152926,81419E220,1e-06,Bitcoin,0.01,Swiss Franc,Wire,0,0.01020418575699752
2022/09/01 07:32,14162,80B96E891,14162,80B96E890,9e-06,Bitcoin,0.11,US Dollar,ACH,0,0.11
2022/09/01 07:51,234992,80D2053B1,234992,80D2053B0,1e-06,Bitcoin,0.02,US Dollar,ACH,0,0.02
2022/09/01 07:44,231616,814E45511,231616,814E45510,1e-06,Bitcoin,0.1,Yuan,Wire,0,0.014492753623188406
2022/09/01 07:44,231616,814E45511,231616,814E45510,1e-06,Bitcoin,0.07,Yuan,ACH,0,0.010144927536231885
2022/09/01 07:32,254569,81729A361,254569,81729A360,5.4e-05,Bitcoin,0.64,US Dollar,ACH,0,0.64
2022/09/01 07:54,254569,81729A361,254569,81729A360,3.3e-05,Bitcoin,0.4,US Dollar,ACH,0,0.4
2022/09/01 07:44,9096,80356BD61,9096,80356BD60,5e-06,Bitcoin,0.39,Yuan,Wire,0,0.05652173913043478
2022/09/01 07:38,9096,80356BD61,9096,80356BD60,7e-06,Bitcoin,0.55,Yuan,Wire,0,0.07971014492753624
2022/09/01 08:29,1291,8007B6380,11770,801FF23D0,0.34,US Dollar,0.34,US Dollar,Wire,0,0.34
2022/09/01 08:23,317333,80644FD10,114721,806451190,0.05,US Dollar,0.05,US Dollar,ACH,0,0.05
2022/09/01 08:06,18840,8045DEBB0,113016,8065A0000,0.45,US Dollar,0.45,US Dollar,ACH,0,0.45
2022/09/01 08:11,18840,8045DEBB0,113016,8065A0000,0.7,US Dollar,0.7,US Dollar,Wire,0,0.7
2022/09/01 08:05,14,8073BF920,14,8073BF920,1.01,US Dollar,73.86,Rupee,ACH,0,0.9285543668204618
2022/09/01 08:05,34290,809C0CA60,11770,809C0B5C0,0.01,US Dollar,0.01,US Dollar,ACH,0,0.01
2022/09/01 08:06,3618,80A55A180,121007,80A5753B0,0.01,US Dollar,0.01,US Dollar,ACH,0,0.01
2022/09/01 08:18,330964,80C6A1400,2368,80C69CAE0,0.02,US Dollar,0.02,US Dollar,ACH,0,0.02
2022/09/01 08:28,35365,80C7A6660,11047,80C7A5860,0.02,US Dollar,0.02,US Dollar,ACH,0,0.02
2022/09/01 08:03,12063,801253D50,224231,80D8B9170,0.09,US Dollar,0.09,US Dollar,Wire,0,0.09
2022/09/01 08:24,15355,806DBFC80,1807,8136D9B10,0.13,US Dollar,0.13,US Dollar,Wire,0,0.13
2022/09/01 08:20,22086,814CB75F0,236628,815114130,0.54,US Dollar,0.54,US Dollar,Wire,0,0.54
2022/09/01 08:04,11255,803042D00,54765,814B09420,0.18,US Dollar,0.18,US Dollar,ACH,0,0.18
2022/09/01 08:11,33296,811F1A670,14595,816AA28D0,0.54,US Dollar,0.54,US Dollar,ACH,0,0.54
2022/09/01 08:22,5621,806452E40,159702,816D89E20,0.99,US Dollar,0.99,US Dollar,ACH,0,0.99
2022/09/01 08:15,225759,816330A70,24999,81AAAA980,0.62,US Dollar,0.62,US Dollar,Wire,0,0.62
2022/09/01 08:06,223550,80D9243E0,118681,81AC4D530,0.64,US Dollar,0.64,US Dollar,Wire,0,0.64
2022/09/01 08:14,20,8001AB3F0,15763,8027F2410,0.91,Euro,0.91,Euro,Wire,0,0.9098180363927215
2022/09/01 08:17,5294,802C75990,1776,803144790,0.78,Euro,0.78,Euro,Wire,0,0.7798440311937613
2022/09/01 08:26,14172,801A03CA0,14195,806558290,0.55,Euro,0.55,Euro,ACH,0,0.5498900219956009
2022/09/01 08:05,6090,803F52CA0,131371,80E32EB50,0.59,Euro,0.59,Euro,ACH,0,0.589882023595281
2022/09/01 08:13,11,8078144A0,15763,813670C50,0.85,Euro,0.85,Euro,ACH,0,0.8498300339932013
2022/09/01 08:16,330921,813E6B970,25788,813E6B790,0.01,Euro,0.01,Euro,ACH,0,0.009998000399920017
2022/09/01 08:27,11437,802EAA3F0,220270,814217890,0.47,Euro,0.47,Euro,Wire,0,0.4699060187962407
2022/09/01 08:05,310563,8044C4740,29779,8044CB930,0.31,Yuan,0.31,Yuan,ACH,0,0.04492753623188406
2022/09/01 08:20,10920,80464FFD0,17768,8048D8AC0,1.51,Yuan,1.51,Yuan,ACH,0,0.21884057971014492
2022/09/01 08:27,10920,80464FFD0,17768,8048D8AC0,4.27,Yuan,4.27,Yuan,Wire,0,0.6188405797101448
2022/09/01 08:01,313950,805094B40,213469,8050863F0,0.01,Yuan,0.01,Yuan,ACH,0,0.0014492753623188406
2022/09/01 08:14,314262,81924DBF0,12868,819247360,0.02,Yuan,0.02,Yuan,ACH,0,0.002898550724637681
2022/09/01 08:21,18,8038F5170,18935,8078CEA90,120.37,Yen,120.37,Yen,ACH,0,0.8638581886034161
2022/09/01 08:04,317400,807F6BC70,117946,807F6B950,0.47,Yen,0.47,Yen,ACH,0,0.003373044351944883
2022/09/01 08:19,322207,81570F780,216654,8157095E0,0.09,Yen,0.09,Yen,ACH,0,0.0006459021099468925
2022/09/01 08:14,323743,8090A20C0,223281,809069F40,0.03,Rupee,0.03,Rupee,ACH,0,0.0003771544950529902
2022/09/01 08:07,327785,80A2759E0,23544,80A27B7E0,0.06,Rupee,0.06,Rupee,ACH,0,0.0007543089901059804
2022/09/01 08:17,332760,80BF1E290,232125,80BED4CF0,0.05,Ruble,0.05,Ruble,ACH,0,0.0008282670995742707
2022/09/01 08:28,332119,80C0089F0,132448,80BF7EAA0,0.02,Ruble,0.02,Ruble,ACH,0,0.0003313068398297083
2022/09/01 08:03,18,80BD61360,230595,80C029E30,38.49,Ruble,38.49,Ruble,ACH,0,0.6376000132522737
2022/09/01 08:29,18,80BD61360,230595,80C029E30,41.62,Ruble,41.62,Ruble,Wire,0,0.6894495336856229
2022/09/01 08:10,235676,80D9A4F80,39213,80E6C3850,0.62,Canadian Dollar,0.62,Canadian Dollar,Wire,0,0.471841704718417
2022/09/01 08:17,341857,80FC82FF0,42646,80FC82980,0.02,Australian Dollar,0.02,Australian Dollar,ACH,0,0.013657470636438133
2022/09/01 08:29,346374,810DE1230,14,810DE10F0,0.01,Mexican Peso,0.01,Mexican Peso,ACH,0,0.000495319233245827
2022/09/01 08:28,246232,811279790,245772,8113A73F0,7.35,Mexican Peso,7.35,Mexican Peso,ACH,0,0.3640596364356828
2022/09/01 08:14,246232,811279790,245772,8113A73F0,12.02,Mexican Peso,12.02,Mexican Peso,Wire,0,0.595373718361484
2022/09/01 08:07,11,8125FE6E0,49411,81283E710,0.11,Brazil Real,0.11,Brazil Real,ACH,0,0.02123347167261847
2022/09/01 08:21,363603,8174B9F30,216,817514DC0,0.01,Saudi Riyal,0.01,Saudi Riyal,ACH,0,0.0026666666666666666
2022/09/01 08:07,363305,817B477E0,64057,817B496F0,0.06,Saudi Riyal,0.06,Saudi Riyal,ACH,0,0.016
2022/09/01 08:15,365542,8180EF1E0,163897,8180EF230,0.14,Saudi Riyal,0.14,Saudi Riyal,ACH,0,0.037333333333333336
2022/09/01 08:18,365559,818DC0E10,167860,818DBEAD0,0.21,Saudi Riyal,0.21,Saudi Riyal,ACH,0,0.056
2022/09/01 08:17,129888,80FA30121,129888,80FA30120,8e-06,Bitcoin,0.64,Yuan,ACH,0,0.0927536231884058
2022/09/01 08:05,342914,81BB89151,342914,81BB89150,4.7e-05,Bitcoin,0.79,Australian Dollar,ACH,0,0.5394700901393062
2022/09/01 08:49,1422,800A01540,1231,800E0CD30,0.17,US Dollar,0.17,US Dollar,ACH,0,0.17
2022/09/01 08:33,22435,802A9DE70,28625,8047CE2F0,0.94,US Dollar,0.94,US Dollar,Wire,0,0.94
2022/09/01 08:32,312407,806AEB230,113002,806AEB0A0,0.02,US Dollar,0.02,US Dollar,ACH,0,0.02
2022/09/01 08:46,31502,80767CBD0,18656,80767D260,0.01,US Dollar,0.01,US Dollar,ACH,0,0.01
2022/09/01 08:53,213123,8075651A0,220015,807F51820,0.1,US Dollar,0.1,US Dollar,ACH,0,0.1
2022/09/01 08:57,22661,801E74D70,3500,8095805B0,0.25,US Dollar,0.25,US Dollar,ACH,0,0.25
2022/09/01 08:53,22661,801E74D70,3500,8095805B0,0.41,US Dollar,0.41,US Dollar,Wire,0,0.41
2022/09/01 08:32,322466,8096FB8D0,25242,8096FB880,0.01,US Dollar,0.01,US Dollar,ACH,0,0.01
2022/09/01 08:43,22595,804394AC0,18656,80AF3A830,0.81,US Dollar,0.81,US Dollar,ACH,0,0.81
2022/09/01 08:41,16262,8063F8CC0,5033,80BEA76F0,0.91,US Dollar,0.91,US Dollar,ACH,0,0.91
2022/09/01 08:32,3500,81305F1D0,133539,81381B740,0.14,US Dollar,0.14,US Dollar,ACH,0,0.14
2022/09/01 08:53,310283,8146D4BD0,310283,8146D4BD0,0.01,US Dollar,0.06,Yuan,ACH,0,0.008695652173913042
2022/09/01 08:53,310283,8146D4BD0,5855,8146D4B80,0.01,US Dollar,0.01,US Dollar,ACH,0,0.01
2022/09/01 08:54,328564,816940E40,239886,816942BB0,0.01,US Dollar,0.01,US Dollar,ACH,0,0.01
2022/09/01 08:58,126991,8143B2580,66170,81864DCF0,0.09,US Dollar,0.09,US Dollar,ACH,0,0.09
2022/09/01 08:33,32076,81998A8C0,134720,81998A870,0.02,US Dollar,0.02,US Dollar,ACH,0,0.02
2022/09/01 08:54,360323,81A27E590,360323,81A27E590,0.01,US Dollar,0.02,Shekel,ACH,0,0.005963918294319368
2022/09/01 08:41,423,801FB4400,5981,806EBD820,0.18,Euro,0.18,Euro,Wire,0,0.1799640071985603
2022/09/01 08:59,123260,808EAC270,123260,808EAC270,0.78,Euro,66.75,Rupee,ACH,0,0.8391687514929032
2022/09/01 08:38,34699,8105A33C0,14620,8106C77E0,0.03,Euro,0.03,Euro,ACH,0,0.029994001199760048
2022/09/01 08:44,216208,80AE0A4E0,15461,813736C00,0.85,Euro,0.85,Euro,ACH,0,0.8498300339932013
2022/09/01 08:38,329167,8170E5C50,48087,8170E5B10,0.01,Euro,0.01,Euro,ACH,0,0.009998000399920017
2022/09/01 08:55,34224,8021E73C0,692,8021BFD40,0.16,Yuan,0.16,Yuan,ACH,0,0.02318840579710145
2022/09/01 08:38,39664,803A9A5A0,5923,803AA3720,6.87,Yuan,6.87,Yuan,ACH,0,0.9956521739130434
2022/09/01 08:46,39197,803C31D80,110134,803BF1420,0.05,Yuan,0.05,Yuan,ACH,0,0.007246376811594203
2022/09/01 08:47,310554,804306F60,9856,804304320,0.01,Yuan,0.01,Yuan,ACH,0,0.0014492753623188406
2022/09/01 08:45,7082,80340C570,110134,80499FBB0,1.49,Yuan,1.49,Yuan,Wire,0,0.21594202898550724
2022/09/01 08:43,5893,8043F9AA0,113394,80652D010,0.07,Yuan,0.07,Yuan,ACH,0,0.010144927536231885
2022/09/01 08:51,12,803729CD0,29592,80457D640,111.88,Yen,111.88,Yen,ACH,0,0.8029280895650925
2022/09/01 08:48,29572,805B57150,115648,808027E50,35.52,Yen,35.52,Yen,ACH,0,0.2549160327257069
2022/09/01 08:43,29572,805B57150,115648,808027E50,135.04,Yen,135.04,Yen,Wire,0,0.9691402325247594
2022/09/01 08:39,324518,809C60DF0,24816,809C60670,0.05,Rupee,0.05,Rupee,ACH,0,0.000628590825088317
2022/09/01 08:42,324989,809DA8C90,23486,809DA5E60,0.02,Rupee,0.02,Rupee,ACH,0,0.00025143633003532677
2022/09/01 08:39,323927,80A27A8D0,226871,80A2843F0,0.11,Rupee,0.11,Rupee,ACH,0,0.0013828998151942974
2022/09/01 08:37,340067,80E7B9A80,24202,80EE13A50,0.06,Rupee,0.06,Rupee,ACH,0,0.0007543089901059804
2022/09/01 08:39,328759,80B4D1500,16,80B4BD7E0,0.02,Ruble,0.02,Ruble,ACH,0,0.0003313068398297083
2022/09/01 08:32,331143,80BFD0F20,231975,80BFCB190,0.25,Ruble,0.25,Ruble,ACH,0,0.004141335497871354
2022/09/01 08:36,234142,80CFB3510,233674,81B473870,0.24,UK Pound,0.24,UK Pound,Wire,0,0.27818991097922846
2022/09/01 08:37,212,80EFF77E0,43378,8102D1170,0.83,Australian Dollar,0.83,Australian Dollar,Wire,0,0.5667850314121825
2022/09/01 08:33,14,810E30410,45907,810E5CFE0,16.44,Mexican Peso,16.44,Mexican Peso,Wire,0,0.8143048194561395
2022/09/01 08:39,346798,8111572F0,45907,8110BB8B0,0.05,Mexican Peso,0.05,Mexican Peso,ACH,0,0.002476596166229135
2022/09/01 08:58,11,811EB5990,151678,81309BB00,0.2,Brazil Real,0.2,Brazil Real,Wire,0,0.03860631213203359
2022/09/01 08:43,148894,8124586C0,52001,8132E4420,4.92,Brazil Real,4.92,Brazil Real,Wire,0,0.9497152784480262
2022/09/01 08:55,53905,813BD0E20,253379,813CBD670,0.11,Swiss Franc,0.11,Swiss Franc,ACH,0,0.11224604332697272
2022/09/01 08:37,359129,815E4AB50,58138,815E45EA0,0.01,Shekel,0.01,Shekel,ACH,0,0.002981959147159684
2022/09/01 08:39,360646,81619CA70,159167,81619D440,0.01,Shekel,0.01,Shekel,ACH,0,0.002981959147159684
2022/09/01 08:59,364119,818012510,18,8180124C0,0.01,Saudi Riyal,0.01,Saudi Riyal,ACH,0,0.0026666666666666666
2022/09/01 08:56,364503,818536280,216,8185361E0,0.01,Saudi Riyal,0.01,Saudi Riyal,ACH,0,0.0026666666666666666
2022/09/01 08:39,263574,817F7D170,164686,818963100,0.41,Saudi Riyal,0.41,Saudi Riyal,ACH,0,0.10933333333333332
2022/09/01 08:37,263574,817F7D170,164686,818963100,0.94,Saudi Riyal,0.94,Saudi Riyal,Wire,0,0.25066666666666665
2022/09/01 08:47,366915,818D98D20,166753,818DA19F0,0.04,Saudi Riyal,0.04,Saudi Riyal,ACH,0,0.010666666666666666
2022/09/01 08:59,8318,818FDB691,8318,818FDB690,3.7e-05,Bitcoin,0.44,US Dollar,ACH,0,0.44
2022/09/01 08:40,8318,818FDB691,8318,818FDB690,6.6e-05,Bitcoin,0.78,US Dollar,ACH,0,0.78
2022/09/01 08:42,152229,81B595BF1,152229,81B595BF0,4e-06,Bitcoin,0.05,US Dollar,ACH,0,0.05
2022/09/01 08:43,152229,81B595BF1,152229,81B595BF0,3e-06,Bitcoin,0.04,US Dollar,ACH,0,0.04
2022/09/01 09:03,31827,800A981E0,11222,800A98190,0.03,US Dollar,0.03,US Dollar,ACH,0,0.03
2022/09/01 09:22,1638,8010DC9B0,531,80349F4B0,0.78,US Dollar,0.78,US Dollar,ACH,0,0.78
2022/09/01 09:29,1638,8010DC9B0,531,80349F4B0,0.83,US Dollar,0.83,US Dollar,Wire,0,0.83
2022/09/01 09:26,11,8028E8F70,22129,8035B0670,0.61,US Dollar,0.61,US Dollar,ACH,0,0.61
2022/09/01 09:24,36261,806442620,12592,8064424E0,0.01,US Dollar,0.01,US Dollar,ACH,0,0.01
2022/09/01 09:19,110400,805565050,110400,805565050,0.83,US Dollar,5.55,Yuan,ACH,0,0.8043478260869564
2022/09/01 09:19,110400,805565050,1812,807CF5BA0,0.83,US Dollar,0.83,US Dollar,ACH,0,0.83
2022/09/01 09:08,316665,8091E5CB0,14648,8091E44F0,0.01,US Dollar,0.01,US Dollar,ACH,0,0.01
2022/09/01 09:11,11,800F03590,116473,80BC059B0,0.97,US Dollar,0.97,US Dollar,ACH,0,0.97
2022/09/01 09:25,1638,8061AC1C0,22185,80BF502B0,0.01,US Dollar,0.01,US Dollar,ACH,0,0.01
2022/09/01 09:14,335826,80D12E000,335826,80D12E000,0.02,US Dollar,0.02,Canadian Dollar,ACH,0,0.015220700152207
2022/09/01 09:06,1217,8001E84A0,28865,80D20E590,0.32,US Dollar,0.32,US Dollar,Wire,0,0.32
2022/09/01 09:07,1217,805D57100,17831,813C06A30,0.13,US Dollar,0.13,US Dollar,Wire,0,0.13
2022/09/01 09:28,22364,8018501D0,231905,814803420,0.78,US Dollar,0.78,US Dollar,Wire,0,0.78
2022/09/01 09:12,124222,80C93FAB0,45803,8157911F0,0.21,US Dollar,0.21,US Dollar,Wire,0,0.21
2022/09/01 09:22,1439,816318A80,21647,816461E90,0.57,US Dollar,0.57,US Dollar,Wire,0,0.57
2022/09/01 09:17,47060,812218220,45803,817BAA320,0.15,US Dollar,0.15,US Dollar,ACH,0,0.15
2022/09/01 09:00,47060,812218220,45803,817BAA320,0.01,US Dollar,0.01,US Dollar,Wire,0,0.01
2022/09/01 09:22,5617,80EF05DE0,142716,8189A0630,0.1,US Dollar,0.1,US Dollar,Wire,0,0.1
2022/09/01 09:08,237253,81255BD60,175159,81BC09830,0.59,US Dollar,0.59,US Dollar,ACH,0,0.59
2022/09/01 09:07,14851,801ACB400,24643,8026EBB00,0.01,Euro,0.01,Euro,Wire,0,0.009998000399920017
2022/09/01 09:07,36533,80948B030,114983,809483730,0.01,Euro,0.01,Euro,ACH,0,0.009998000399920017
2022/09/01 09:01,24455,8026EF280,6058,80E1C79E0,0.97,Euro,0.97,Euro,ACH,0,0.9698060387922416
2022/09/01 09:21,13590,8058B1690,217519,80F10B360,0.51,Euro,0.51,Euro,ACH,0,0.5098980203959208
2022/09/01 09:25,117105,80E97A0E0,244413,811B7C300,0.62,Euro,0.62,Euro,ACH,0,0.619876024795041
2022/09/01 09:24,117105,80E97A0E0,244413,811B7C300,0.94,Euro,0.94,Euro,Wire,0,0.9398120375924814
2022/09/01 09:05,21048,80A183750,7839,811BBCBA0,0.56,Euro,0.56,Euro,ACH,0,0.5598880223955209
2022/09/01 09:20,12274,802B9E8A0,235977,8123CA8A0,0.4,Euro,0.4,Euro,ACH,0,0.39992001599680066
2022/09/01 09:29,12202,806CEE9B0,125589,814576710,0.1,Euro,0.1,Euro,ACH,0,0.09998000399920016
2022/09/01 09:08,3,808BB4070,18355,81652FAF0,0.04,Euro,0.04,Euro,Wire,0,0.03999200159968007
2022/09/01 09:16,12274,80945F030,158363,81AB03E80,0.13,Euro,0.13,Euro,ACH,0,0.1299740051989602
2022/09/01 09:03,12274,80945F030,158363,81AB03E80,0.28,Euro,0.28,Euro,Wire,0,0.27994401119776047
2022/09/01 09:24,35896,8033AFA00,15885,8028C64F0,0.12,Yuan,0.12,Yuan,ACH,0,0.017391304347826084
2022/09/01 09:16,110265,803C05030,692,803E7BB60,4.53,Yuan,4.53,Yuan,ACH,0,0.6565217391304348
2022/09/01 09:07,110265,803C05030,692,803E7BB60,4.57,Yuan,4.57,Yuan,Wire,0,0.6623188405797101
2022/09/01 09:00,7080,803410660,110080,804A56960,2.4,Yuan,2.4,Yuan,ACH,0,0.34782608695652173
2022/09/01 09:23,7080,803410660,110080,804A56960,5.44,Yuan,5.44,Yuan,Wire,0,0.7884057971014493
2022/09/01 09:11,35923,804DA6E20,111615,804DAD450,0.02,Yuan,0.02,Yuan,ACH,0,0.002898550724637681
2022/09/01 09:25,313705,805362F30,10488,805362C70,0.01,Yuan,0.01,Yuan,ACH,0,0.0014492753623188406
2022/09/01 09:09,314334,8086BB600,110198,8086BB3D0,0.01,Yuan,0.01,Yuan,ACH,0,0.0014492753623188406
2022/09/01 09:19,110265,804347AF0,121480,80AA9D280,2.33,Yuan,2.33,Yuan,Wire,0,0.33768115942028987
2022/09/01 09:24,17096,806A222E0,17891,807975910,51.6,Yen,51.6,Yen,ACH,0,0.370317209702885
2022/09/01 09:24,318418,80869CEF0,12,80869F080,0.04,Yen,0.04,Yen,ACH,0,0.00028706760442084113
2022/09/01 09:25,319802,8089AF430,26,8089B46C0,0.25,Rupee,0.25,Rupee,ACH,0,0.003142954125441585
2022/09/01 09:29,26,8087E39A0,72,808C3E940,36.91,Rupee,36.91,Rupee,Wire,0,0.46402574708019556
2022/09/01 09:24,324068,80968DB90,224943,80968C7B0,0.07,Rupee,0.07,Rupee,ACH,0,0.0008800271551236439
2022/09/01 09:19,326038,80A265730,224574,80A260270,0.02,Rupee,0.02,Rupee,ACH,0,0.00025143633003532677
2022/09/01 09:25,327721,80A2FFBF0,25892,80A2F0C70,0.03,Rupee,0.03,Rupee,ACH,0,0.0003771544950529902
2022/09/01 09:18,325387,80A5DA570,124304,80A5D6CE0,0.06,Rupee,0.06,Rupee,ACH,0,0.0007543089901059804
2022/09/01 09:07,332473,80BCE0EB0,30959,80BCE0DC0,0.08,Ruble,0.08,Ruble,ACH,0,0.0013252273593188332
2022/09/01 09:24,35777,80E366910,38682,80E42B1B0,0.11,Canadian Dollar,0.11,Canadian Dollar,ACH,0,0.0837138508371385
2022/09/01 09:28,19,80F01CFD0,41428,80F4A01E0,0.25,Australian Dollar,0.25,Australian Dollar,ACH,0,0.17071838295547664
2022/09/01 09:12,19,80F01CFD0,41428,80F4A01E0,0.41,Australian Dollar,0.41,Australian Dollar,Wire,0,0.2799781480469817
2022/09/01 09:10,46228,81116AB10,146738,811310FF0,18.15,Mexican Peso,18.15,Mexican Peso,ACH,0,0.8990044083411758
2022/09/01 09:00,46228,81116AB10,146738,811310FF0,7.74,Mexican Peso,7.74,Mexican Peso,Wire,0,0.38337708653227004
2022/09/01 09:06,349595,812442B00,116,812443670,0.05,Brazil Real,0.05,Brazil Real,ACH,0,0.009651578033008397
2022/09/01 09:18,349431,8124855C0,48719,812485750,0.03,Brazil Real,0.03,Brazil Real,ACH,0,0.005790946819805037
2022/09/01 09:24,350308,812814FA0,48858,812814820,0.01,Brazil Real,0.01,Brazil Real,ACH,0,0.0019303156066016792
2022/09/01 09:15,48719,8127682E0,149891,812876270,5.04,Brazil Real,5.04,Brazil Real,ACH,0,0.9728790657272464
2022/09/01 09:12,350069,8128D3B60,48719,8128D3A20,0.04,Brazil Real,0.04,Brazil Real,ACH,0,0.007721262426406717
2022/09/01 09:06,53874,813DB7650,53933,814314570,0.63,Swiss Franc,0.63,Swiss Franc,ACH,0,0.6428637026908438
2022/09/01 09:06,14,8000D2820,115,8158B4EC0,2.77,Shekel,2.77,Shekel,ACH,0,0.8260026837632325
2022/09/01 09:27,14,8000D2820,115,8158B4EC0,0.86,Shekel,0.86,Shekel,Wire,0,0.25644848665573283
2022/09/01 09:01,360045,815EB3F20,58138,815EB3ED0,0.02,Shekel,0.02,Shekel,ACH,0,0.005963918294319368
2022/09/01 09:24,350109,81683CC30,350109,81683CC30,0.01,Shekel,0.01,Brazil Real,ACH,0,0.0019303156066016792
2022/09/01 09:11,163233,8172D6B20,263186,81758D5E0,0.01,Saudi Riyal,0.01,Saudi Riyal,Wire,0,0.0026666666666666666
2022/09/01 09:26,363535,81811C800,63587,81811AD80,0.01,Saudi Riyal,0.01,Saudi Riyal,ACH,0,0.0026666666666666666
2022/09/01 09:25,21828,801A2BCE1,21828,801A2BCE0,4e-05,Bitcoin,0.48,US Dollar,ACH,0,0.48
2022/09/01 09:06,21828,801A2BCE1,21828,801A2BCE0,2e-05,Bitcoin,0.24,US Dollar,Wire,0,0.24
2022/09/01 09:12,21828,801A2BCE1,21828,801A2BCE0,5e-06,Bitcoin,0.06,US Dollar,ACH,0,0.06
2022/09/01 09:03,21828,801A2BCE1,21828,801A2BCE0,9e-06,Bitcoin,0.11,US Dollar,ACH,0,0.11
2022/09/01 09:21,21414,807791041,21414,807791040,4e-05,Bitcoin,0.47,US Dollar,ACH,0,0.47
2022/09/01 09:05,30515,81A51A641,30515,81A51A640,6e-06,Bitcoin,0.07,US Dollar,ACH,0,0.07
2022/09/01 09:15,30515,81A51A641,30515,81A51A640,9e-06,Bitcoin,0.1,US Dollar,ACH,0,0.1
2022/09/01 09:09,210472,812C2A4E1,210472,812C2A4E0,4.5e-05,Bitcoin,0.53,US Dollar,ACH,0,0.53
2022/09/01 09:09,234116,80CA1C091,234116,80CA1C090,5e-06,Bitcoin,0.04,UK Pound,ACH,0,0.046364985163204746
2022/09/01 09:26,234116,80CA1C091,234116,80CA1C090,1.7e-05,Bitcoin,0.15,UK Pound,ACH,0,0.1738686943620178
2022/09/01 09:01,115114,808D85791,115114,808D85790,4e-06,Bitcoin,0.05,US Dollar,ACH,0,0.05
2022/09/01 09:13,115114,808D85791,115114,808D85790,1.3e-05,Bitcoin,0.16,US Dollar,ACH,0,0.16
2022/09/01 09:41,20,80030DD60,20,800D1D650,0.48,US Dollar,0.48,US Dollar,ACH,0,0.48
2022/09/01 09:37,1217,8007A6EB0,22086,800E78CF0,0.32,US Dollar,0.32,US Dollar,Wire,0,0.32
2022/09/01 09:55,1422,8003531A0,1291,8011820F0,0.15,US Dollar,0.15,US Dollar,ACH,0,0.15
2022/09/01 09:48,1291,80062D190,1807,80231B860,0.37,US Dollar,0.37,US Dollar,ACH,0,0.37
2022/09/01 09:55,32167,8063B9260,24317,8063B9170,0.03,US Dollar,0.03,US Dollar,ACH,0,0.03
2022/09/01 09:54,22124,80121A260,11265,806C3B800,0.1,US Dollar,0.1,US Dollar,ACH,0,0.1
2022/09/01 09:34,31928,809E6CDC0,16739,809E6BBD0,0.01,US Dollar,0.01,US Dollar,ACH,0,0.01
2022/09/01 09:58,3440,807FA2640,28958,80F5A6190,0.26,US Dollar,0.26,US Dollar,Wire,0,0.26
2022/09/01 09:52,316503,811176FC0,211374,81117D4A0,0.01,US Dollar,0.01,US Dollar,ACH,0,0.01
2022/09/01 09:44,22595,80F5A4DB0,237246,814046C30,0.08,US Dollar,0.08,US Dollar,Wire,0,0.08
2022/09/01 09:40,24317,8030C5DA0,231651,8170D9D30,0.46,US Dollar,0.46,US Dollar,ACH,0,0.46
2022/09/01 09:47,354608,819C08BF0,354608,819C08BF0,0.01,US Dollar,0.01,Swiss Franc,ACH,0,0.01020418575699752
2022/09/01 09:47,354608,819C08BF0,235053,819C02750,0.01,US Dollar,0.01,US Dollar,ACH,0,0.01
2022/09/01 09:35,3666,801FB2E10,22264,801FFBCA0,0.01,Euro,0.01,Euro,ACH,0,0.009998000399920017
2022/09/01 09:41,12055,8015CEC50,14195,80225DA50,0.23,Euro,0.23,Euro,ACH,0,0.2299540091981604
2022/09/01 09:53,34508,8029C3C60,16293,8029C37B0,0.05,Euro,0.05,Euro,ACH,0,0.04999000199960008
2022/09/01 09:54,12274,802A2D930,17059,802B13060,0.62,Euro,0.62,Euro,ACH,0,0.619876024795041
2022/09/01 09:38,24029,802B02840,600,80460EA00,0.97,Euro,0.97,Euro,Wire,0,0.9698060387922416
2022/09/01 09:42,14620,801A72250,3,807437260,0.11,Euro,0.11,Euro,ACH,0,0.10997800439912019
2022/09/01 09:52,14620,801A72250,3,807437260,0.13,Euro,0.13,Euro,Wire,0,0.1299740051989602
2022/09/01 09:52,21444,80107E2C0,6058,807718660,0.04,Euro,0.04,Euro,ACH,0,0.03999200159968007
2022/09/01 09:45,12386,802C4C840,211018,8087FF370,0.98,Euro,0.98,Euro,ACH,0,0.9798040391921615
2022/09/01 09:38,498,80B475ED0,19622,80E9E0B80,0.57,Euro,0.57,Euro,Wire,0,0.5698860227954409
2022/09/01 09:35,600,80EDDA580,234539,8107BA900,0.13,Euro,0.13,Euro,ACH,0,0.1299740051989602
2022/09/01 09:41,345332,811464A80,244413,811464A30,0.02,Euro,0.02,Euro,ACH,0,0.019996000799840034
2022/09/01 09:45,231422,81010FF60,1126,811CFBC70,0.1,Euro,0.1,Euro,Wire,0,0.09998000399920016
2022/09/01 09:36,34567,8127D5FC0,15400,8127D5CA0,0.01,Euro,0.01,Euro,ACH,0,0.009998000399920017
2022/09/01 09:45,29154,814D883D0,62088,8176D9090,0.62,Euro,0.62,Euro,ACH,0,0.619876024795041
2022/09/01 09:54,12055,800D06700,120478,817BB8B20,0.45,Euro,0.45,Euro,Wire,0,0.44991001799640074
2022/09/01 09:58,37184,80299CA90,27,802996430,0.04,Yuan,0.04,Yuan,ACH,0,0.005797101449275362
2022/09/01 09:45,312070,80475B380,312070,80475B380,0.03,Yuan,0.51,Yen,ACH,0,0.003660111956365724
2022/09/01 09:45,312070,80475B380,110080,80475D040,0.03,Yuan,0.03,Yuan,ACH,0,0.004347826086956521
2022/09/01 09:39,319523,80FA40530,112926,80FA30320,0.02,Yuan,0.02,Yuan,ACH,0,0.002898550724637681
2022/09/01 09:49,312256,80FA99E90,27425,80FA9F8D0,0.01,Yuan,0.01,Yuan,ACH,0,0.0014492753623188406
2022/09/01 09:44,375242,81B86F080,19521,81B85CCF0,0.01,Yuan,0.01,Yuan,ACH,0,0.0014492753623188406
2022/09/01 09:32,4,804018930,19856,8059B7ED0,21.08,Yen,21.08,Yen,ACH,0,0.15128462752978325
2022/09/01 09:56,4,804018930,19856,8059B7ED0,93.66,Yen,93.66,Yen,Wire,0,0.6721687957513994
2022/09/01 09:47,315647,8067FBC30,117743,8067FA0B0,0.22,Yen,0.22,Yen,ACH,0,0.001578871824314626
2022/09/01 09:43,312044,80693BF70,15740,8069422E0,0.12,Yen,0.12,Yen,ACH,0,0.0008612028132625232
2022/09/01 09:44,317362,808045440,118088,8080452B0,0.03,Yen,0.03,Yen,ACH,0,0.0002153007033156308
2022/09/01 09:34,119732,8089CEE00,123568,808E5D450,11.78,Rupee,11.78,Rupee,ACH,0,0.14809599839080748
2022/09/01 09:40,119732,8089CEE00,123568,808E5D450,42.67,Rupee,42.67,Rupee,Wire,0,0.5364394101303697
2022/09/01 09:47,123957,809202DC0,125222,809842880,77.75,Rupee,77.75,Rupee,ACH,0,0.9774587330123329
2022/09/01 09:55,323662,809DA8D80,224257,809DA9950,3.09,Rupee,3.09,Rupee,ACH,0,0.038846912990457984
2022/09/01 09:33,5,8099631B0,5,80A1C7580,73.36,Rupee,73.36,Rupee,ACH,0,0.9222684585695786
2022/09/01 09:54,328798,80AC341E0,27831,80AC32C70,0.07,Rupee,0.07,Rupee,ACH,0,0.0008800271551236439
2022/09/01 09:42,325593,80E8A1B90,23494,80E8861B0,0.05,Rupee,0.05,Rupee,ACH,0,0.000628590825088317
2022/09/01 09:42,141204,80F488600,41019,80F2018A0,0.22,Australian Dollar,0.22,Australian Dollar,Wire,0,0.15023217700081945
2022/09/01 09:36,141352,80F1C9050,141632,80F77F060,0.32,Australian Dollar,0.32,Australian Dollar,Wire,0,0.21851953018301012
2022/09/01 09:32,346102,8112824B0,46152,811282770,0.1,Mexican Peso,0.1,Mexican Peso,ACH,0,0.00495319233245827
2022/09/01 09:52,352157,8130DAAB0,50453,8130DA310,0.12,Brazil Real,0.12,Brazil Real,ACH,0,0.02316378727922015
2022/09/01 09:46,248957,8129AF640,48858,8130EA6C0,4.04,Brazil Real,4.04,Brazil Real,ACH,0,0.7798475050670785
2022/09/01 09:57,353007,813445790,249523,8134652A0,0.01,Brazil Real,0.01,Brazil Real,ACH,0,0.0019303156066016792
2022/09/01 09:51,59033,815F8D890,59157,8162E66C0,0.06,Shekel,0.06,Shekel,ACH,0,0.017891754882958102
2022/09/01 09:59,163233,8175EF040,65300,818E4C2A0,1.72,Saudi Riyal,1.72,Saudi Riyal,ACH,0,0.45866666666666667
2022/09/01 09:49,28625,80EB594C1,28625,80EB594C0,1.6e-05,Bitcoin,0.19,US Dollar,ACH,0,0.19
2022/09/01 09:41,28625,80EB594C1,28625,80EB594C0,3.8e-05,Bitcoin,0.45,US Dollar,ACH,0,0.45
2022/09/01 09:51,134019,80F5E25F1,134019,80F5E25F0,5e-06,Bitcoin,0.06,US Dollar,Wire,0,0.06
2022/09/01 09:54,3653,805D391F1,3653,805D391F0,2.2e-05,Bitcoin,0.27,US Dollar,ACH,0,0.27
2022/09/01 09:56,3653,805D391F1,3653,805D391F0,1e-05,Bitcoin,0.12,US Dollar,Wire,0,0.12
2022/09/01 09:59,36392,8112A8E01,36392,8112A8E00,5e-06,Bitcoin,0.06,US Dollar,Wire,0,0.06
2022/09/01 09:31,36392,8112A8E01,36392,8112A8E00,4e-06,Bitcoin,0.04,US Dollar,ACH,0,0.04
2022/09/01 09:49,22086,80147C081,22086,80147C080,2e-06,Bitcoin,0.03,US Dollar,Wire,0,0.03
2022/09/01 09:55,22086,80147C081,22086,80147C080,1e-06,Bitcoin,0.01,US Dollar,ACH,0,0.01
2022/09/01 09:41,21260,801141221,21260,801141220,5e-06,Bitcoin,0.06,US Dollar,Wire,0,0.06
2022/09/01 09:43,21260,801141221,21260,801141220,2.6e-05,Bitcoin,0.31,US Dollar,ACH,0,0.31
2022/09/01 10:23,11,8000ECA90,21393,800AC5040,0.47,US Dollar,0.47,US Dollar,Wire,0,0.47
2022/09/01 10:13,3705,800E45640,1,800E43600,0.01,US Dollar,0.01,US Dollar,ACH,0,0.01
2022/09/01 10:20,22185,80100EE40,394,8006B4840,0.33,US Dollar,0.33,US Dollar,Wire,0,0.33
2022/09/01 10:12,21260,801AA7150,13354,801D4D9D0,0.84,US Dollar,0.84,US Dollar,ACH,0,0.84
2022/09/01 10:06,1277,80099C830,110821,804372930,0.76,US Dollar,0.76,US Dollar,Wire,0,0.76
2022/09/01 10:22,31375,80438A310,2368,8043889C0,0.01,US Dollar,0.01,US Dollar,ACH,0,0.01
2022/09/01 10:10,349,800249990,23319,8058264B0,0.04,US Dollar,0.04,US Dollar,ACH,0,0.04
2022/09/01 10:01,10416,803CDCF80,1807,80A1F9EC0,0.76,US Dollar,0.76,US Dollar,Wire,0,0.76
2022/09/01 10:18,221100,808275780,110777,80A622CF0,0.64,US Dollar,0.64,US Dollar,Wire,0,0.64
2022/09/01 10:00,2368,801186380,1638,80C7A5AA0,0.05,US Dollar,0.05,US Dollar,Wire,0,0.05
2022/09/01 10:10,218072,806E240E0,134085,80DD40CF0,0.6,US Dollar,0.6,US Dollar,ACH,0,0.6
2022/09/01 10:03,113317,80766E5E0,221284,80E1BDB40,0.37,US Dollar,0.37,US Dollar,ACH,0,0.37
2022/09/01 10:28,3560,80F118B40,12702,80F118730,0.04,US Dollar,0.04,US Dollar,ACH,0,0.04
2022/09/01 10:22,3718,811575D30,234717,8121FD5C0,0.1,US Dollar,0.1,US Dollar,ACH,0,0.1
2022/09/01 10:17,353586,8137E4E00,144315,8137C13F0,0.1,US Dollar,0.1,US Dollar,ACH,0,0.1
2022/09/01 10:06,366016,81824CDB0,234736,8181FAEE0,0.01,US Dollar,0.01,US Dollar,ACH,0,0.01
2022/09/01 10:04,11265,800B53130,142529,818A75BE0,0.33,US Dollar,0.33,US Dollar,Wire,0,0.33
2022/09/01 10:10,394,8009F63A0,11255,8196DA800,0.85,US Dollar,0.85,US Dollar,ACH,0,0.85
2022/09/01 10:22,370588,819DF49D0,146287,819DF5320,0.03,US Dollar,0.03,US Dollar,ACH,0,0.03
2022/09/01 10:27,20,8016595E0,12202,801B60060,0.07,Euro,0.07,Euro,Wire,0,0.06998600279944012
2022/09/01 10:20,12274,8017E8760,14851,801F518D0,0.94,Euro,0.94,Euro,Wire,0,0.9398120375924814
2022/09/01 10:26,34339,801F7B540,2557,802194050,0.01,Euro,0.01,Euro,ACH,0,0.009998000399920017
2022/09/01 10:26,425,80186EF50,14003,8032CB7F0,0.48,Euro,0.48,Euro,ACH,0,0.47990401919616077
2022/09/01 10:27,3724,80574AAC0,211012,80574D470,0.03,Euro,0.03,Euro,ACH,0,0.029994001199760048
2022/09/01 10:20,12503,801501E10,17289,808607270,0.05,Euro,0.05,Euro,ACH,0,0.04999000199960008
2022/09/01 10:07,600,8035419A0,14172,80D98AB00,0.07,Euro,0.07,Euro,Wire,0,0.06998600279944012
2022/09/01 10:16,223762,80BBFC1B0,215505,80EF17A90,0.25,Euro,0.25,Euro,Wire,0,0.2499500099980004
2022/09/01 10:27,33067,80E7166B0,21316,80F8CF7C0,0.42,Euro,0.42,Euro,ACH,0,0.41991601679664065
2022/09/01 10:28,320668,814218CB0,150317,814218E90,0.02,Euro,0.02,Euro,ACH,0,0.019996000799840034
2022/09/01 10:29,12055,802411EE0,117105,8150F8950,0.57,Euro,0.57,Euro,ACH,0,0.5698860227954409
2022/09/01 10:26,12055,802411EE0,117105,8150F8950,0.22,Euro,0.22,Euro,Wire,0,0.21995600879824037
2022/09/01 10:20,316351,816A51EB0,24562,816A51B90,0.01,Euro,0.01,Euro,ACH,0,0.009998000399920017
2022/09/01 10:26,212854,805622F50,32453,817C4EF10,0.47,Euro,0.47,Euro,ACH,0,0.4699060187962407
2022/09/01 10:21,212854,805622F50,32453,817C4EF10,0.89,Euro,0.89,Euro,Wire,0,0.8898220355928814
2022/09/01 10:03,349833,8188AD180,233640,8188AD090,0.44,Euro,0.44,Euro,ACH,0,0.43991201759648074
2022/09/01 10:13,17831,80E3351F0,17831,80E3351F0,0.46,Euro,0.54,US Dollar,ACH,0,0.54
2022/09/01 10:03,17831,80E3351F0,17831,80E3351F0,0.49,Euro,0.58,US Dollar,ACH,0,0.58
2022/09/01 10:23,17831,80E3351F0,17831,80E3351F0,0.08,Euro,0.1,US Dollar,ACH,0,0.1
2022/09/01 10:15,27356,8033CC130,15,80133DAB0,2.86,Yuan,2.86,Yuan,Wire,0,0.4144927536231884
2022/09/01 10:15,310581,803CFDF20,9735,803CE0390,0.01,Yuan,0.01,Yuan,ACH,0,0.0014492753623188406
2022/09/01 10:26,11,8044AF8F0,110164,804675E70,1.13,Yuan,1.13,Yuan,Wire,0,0.16376811594202897
2022/09/01 10:15,312480,809236220,27425,809236130,0.01,Yuan,0.01,Yuan,ACH,0,0.0014492753623188406
2022/09/01 10:19,5923,803D91A00,138046,8122C7A80,3.15,Yuan,3.15,Yuan,Wire,0,0.45652173913043476
2022/09/01 10:04,312080,8067654E0,13,80669C710,0.01,Yen,0.01,Yen,ACH,0,7.176690110521028e-05
2022/09/01 10:21,317968,806F61E90,17380,806F606F0,0.08,Yen,0.08,Yen,ACH,0,0.0005741352088416823
2022/09/01 10:15,318248,812609890,220421,812608EE0,0.03,Yen,0.03,Yen,ACH,0,0.0002153007033156308
2022/09/01 10:07,319828,808EDED90,119699,808EED5A0,0.01,Rupee,0.01,Rupee,ACH,0,0.00012571816501766338
2022/09/01 10:04,327369,809F50E10,24202,809F557A0,0.16,Rupee,0.16,Rupee,ACH,0,0.002011490640282614
2022/09/01 10:06,319735,80A1E9DC0,126843,80A1776B0,0.02,Rupee,0.02,Rupee,ACH,0,0.00025143633003532677
2022/09/01 10:28,25892,80A24CCC0,225897,80A7ADDA0,76.03,Rupee,76.03,Rupee,ACH,0,0.9558352086292948
2022/09/01 10:19,329084,80AAE1630,125103,80AAE3060,0.07,Rupee,0.07,Rupee,ACH,0,0.0008800271551236439
2022/09/01 10:27,235735,80D39EC50,235735,80D5DCBA0,0.07,Canadian Dollar,0.07,Canadian Dollar,ACH,0,0.05327245053272451
2022/09/01 10:18,235735,80D39EC50,235735,80D5DCBA0,0.08,Canadian Dollar,0.08,Canadian Dollar,Wire,0,0.060882800608828
2022/09/01 10:05,135933,80D87E090,16,80E0C3A80,0.88,Canadian Dollar,0.88,Canadian Dollar,ACH,0,0.669710806697108
2022/09/01 10:28,8,80CFF0350,236335,80E3BBDC0,0.29,Canadian Dollar,0.29,Canadian Dollar,Wire,0,0.2207001522070015
2022/09/01 10:03,342172,80F779240,241469,80F778700,0.01,Australian Dollar,0.01,Australian Dollar,ACH,0,0.006828735318219066
2022/09/01 10:27,212,80EFEA500,241503,80F7CB100,0.03,Australian Dollar,0.03,Australian Dollar,ACH,0,0.020486205954657197
2022/09/01 10:15,212,80EFEA500,241503,80F7CB100,0.04,Australian Dollar,0.04,Australian Dollar,Wire,0,0.027314941272876266
2022/09/01 10:12,41335,8100C0910,42234,8108CE110,0.85,Australian Dollar,0.85,Australian Dollar,Wire,0,0.5804425020486206
2022/09/01 10:27,346888,8111B5970,246269,8111B48F0,0.01,Mexican Peso,0.01,Mexican Peso,ACH,0,0.000495319233245827
2022/09/01 10:28,252477,813AA11C0,52898,813C61ED0,0.87,Swiss Franc,0.87,Swiss Franc,ACH,0,0.8877641608587843
2022/09/01 10:15,112,8156714B0,58138,81596B1C0,0.81,Shekel,0.81,Shekel,ACH,0,0.2415386909199344
2022/09/01 10:11,157948,815E4E900,59157,81620F460,0.9,Shekel,0.9,Shekel,Wire,0,0.26837632324437155
2022/09/01 10:29,257858,8165D7A90,59954,816963AE0,1.4,Shekel,1.4,Shekel,ACH,0,0.41747428060235575
2022/09/01 10:25,366784,818733AA0,263186,8187344A0,0.01,Saudi Riyal,0.01,Saudi Riyal,ACH,0,0.0026666666666666666
2022/09/01 10:00,110400,8135B5C01,110400,8135B5C00,5.1e-05,Bitcoin,4.02,Yuan,Wire,0,0.5826086956521738
2022/09/01 10:18,28932,8181585B1,28932,8181585B0,2e-06,Bitcoin,0.03,US Dollar,ACH,0,0.03
2022/09/01 10:27,28932,8181585B1,28932,8181585B0,7e-06,Bitcoin,0.08,US Dollar,ACH,0,0.08
2022/09/01 10:12,233005,80D383DE1,233005,80D383DE0,9e-06,Bitcoin,0.11,US Dollar,ACH,0,0.11
2022/09/01 10:15,233005,80D383DE1,233005,80D383DE0,5e-06,Bitcoin,0.06,US Dollar,ACH,0,0.06
2022/09/01 10:23,123520,80B895EB1,123520,80B895EB0,1.4e-05,Bitcoin,0.14,Euro,ACH,0,0.13997200559888023
2022/09/01 10:20,2860,801015AA1,2860,801015AA0,1e-06,Bitcoin,0.01,US Dollar,ACH,0,0.01
2022/09/01 10:53,20,800179890,349,8005C62E0,0.79,US Dollar,0.79,US Dollar,ACH,0,0.79
2022/09/01 10:34,11,800D1AD80,28932,804F52230,0.69,US Dollar,0.69,US Dollar,ACH,0,0.69
2022/09/01 10:37,1291,80042BEF0,22547,805442730,0.36,US Dollar,0.36,US Dollar,ACH,0,0.36
2022/09/01 10:55,1291,80042BEF0,22547,805442730,0.43,US Dollar,0.43,US Dollar,Wire,0,0.43
2022/09/01 10:37,110821,804256540,21260,8064F4DC0,0.18,US Dollar,0.18,US Dollar,ACH,0,0.18
2022/09/01 10:30,1,80132E300,8814,80854BBA0,0.58,US Dollar,0.58,US Dollar,ACH,0,0.58
2022/09/01 10:40,1,80132E300,8814,80854BBA0,0.53,US Dollar,0.53,US Dollar,Wire,0,0.53
2022/09/01 10:33,324307,809322CC0,17831,80931E330,0.01,US Dollar,0.01,US Dollar,ACH,0,0.01
2022/09/01 10:35,2196,8064571A0,18324,809509B80,0.76,US Dollar,0.76,US Dollar,ACH,0,0.76
2022/09/01 10:50,2860,8005B73A0,115771,80A4F0230,0.9,US Dollar,0.9,US Dollar,Wire,0,0.9
2022/09/01 10:37,330851,80B365680,24523,80B3654F0,0.01,US Dollar,0.01,US Dollar,ACH,0,0.01
2022/09/01 10:55,217073,80665E550,217073,80665E550,1.05,US Dollar,110.57,Yen,ACH,0,0.79352662552031
2022/09/01 10:38,22432,810C22410,43217,8117794E0,0.68,US Dollar,0.68,US Dollar,ACH,0,0.68
2022/09/01 10:58,336468,815B08860,336468,815B08860,0.02,US Dollar,0.02,Canadian Dollar,ACH,0,0.015220700152207
2022/09/01 10:38,115771,806194DE0,5855,816CF3FB0,0.03,US Dollar,0.03,US Dollar,Wire,0,0.03
2022/09/01 10:40,15194,805CD1C80,147509,81708F5E0,0.44,US Dollar,0.44,US Dollar,ACH,0,0.44
2022/09/01 10:50,19,80AFABC80,19,80AFABC80,0.55,US Dollar,43.16,Ruble,ACH,0,0.7149601603525104
2022/09/01 10:35,341119,81BF27900,262530,81BF27950,0.01,US Dollar,0.01,US Dollar,ACH,0,0.01
2022/09/01 10:36,11,80021E2E0,11,80021E2E0,0.66,Euro,0.77,US Dollar,ACH,0,0.77
2022/09/01 10:38,1768,8004940E0,5724,8027E76E0,0.64,Euro,0.64,Euro,Wire,0,0.6398720255948811
2022/09/01 10:31,34088,804CAA6D0,27737,804CA98C0,0.01,Euro,0.01,Euro,ACH,0,0.009998000399920017
2022/09/01 10:36,23726,80292EDE0,23848,804D96F50,0.06,Euro,0.06,Euro,ACH,0,0.059988002399520096
2022/09/01 10:51,6058,806C17E20,4308,8090B1D30,0.91,Euro,0.91,Euro,ACH,0,0.9098180363927215
2022/09/01 10:44,38548,8093398E0,25304,80939FBF0,0.01,Euro,0.01,Euro,ACH,0,0.009998000399920017
2022/09/01 10:31,329780,80C627320,118293,80C6234F0,0.01,Euro,0.01,Euro,ACH,0,0.009998000399920017
2022/09/01 10:36,15763,802FB70E0,235805,811B40110,0.71,Euro,0.71,Euro,ACH,0,0.7098580283943211
2022/09/01 10:50,359401,815AB0F00,24029,815AB0D20,0.04,Euro,0.04,Euro,ACH,0,0.03999200159968007
2022/09/01 10:31,35869,803AF8EF0,12,803AF7D20,0.01,Yuan,0.01,Yuan,ACH,0,0.0014492753623188406
2022/09/01 10:33,310263,802C33790,26,802C33740,0.01,Yuan,0.01,Yuan,ACH,0,0.0014492753623188406
2022/09/01 10:55,9856,80496F480,11587,80502F680,1.3,Yuan,1.3,Yuan,Wire,0,0.18840579710144928
2022/09/01 10:56,311522,80E3EFC20,12066,80E3F1F20,0.01,Yuan,0.01,Yuan,ACH,0,0.0014492753623188406
2022/09/01 10:44,315610,80699C370,17380,80699CF50,0.03,Yen,0.03,Yen,ACH,0,0.0002153007033156308
2022/09/01 10:39,322056,808404400,20511,808409850,0.15,Yen,0.15,Yen,ACH,0,0.001076503516578154
2022/09/01 10:56,18,80452F4B0,116914,8086B4B40,80.7,Yen,80.7,Yen,Wire,0,0.5791588919190469
2022/09/01 10:30,318225,81A7EC490,29592,81A7E9560,0.02,Yen,0.02,Yen,ACH,0,0.00014353380221042057
2022/09/01 10:57,325837,809696DD0,23494,809689B50,0.01,Rupee,0.01,Rupee,ACH,0,0.00012571816501766338
2022/09/01 10:58,2,808C2F3E0,124503,809791C40,1.91,Rupee,1.91,Rupee,ACH,0,0.02401216951837371
2022/09/01 10:50,2,808C2F3E0,124503,809791C40,1.8,Rupee,1.8,Rupee,Wire,0,0.02262926970317941
2022/09/01 10:55,326992,80A0CAC80,25526,80A0D1DB0,0.04,Rupee,0.04,Rupee,ACH,0,0.0005028726600706535
2022/09/01 10:56,328046,80A38B680,27162,80A38B180,0.08,Rupee,0.08,Rupee,ACH,0,0.001005745320141307
2022/09/01 10:49,324416,80E8910B0,24816,80E8904D0,0.01,Rupee,0.01,Rupee,ACH,0,0.00012571816501766338
2022/09/01 10:31,319828,80ED32330,224943,80EA3E4A0,0.01,Rupee,0.01,Rupee,ACH,0,0.00012571816501766338
2022/09/01 10:34,331052,80B52AC00,285,80B52E8A0,1.16,Ruble,1.16,Ruble,ACH,0,0.01921579671012308
2022/09/01 10:30,330398,80C1ADBC0,18,80BF36610,0.11,Ruble,0.11,Ruble,ACH,0,0.0018221876190633957
2022/09/01 10:53,336592,80E024520,38023,80E024210,0.01,Canadian Dollar,0.01,Canadian Dollar,ACH,0,0.0076103500761035
2022/09/01 10:47,136474,80D9D4770,138426,80E2B3780,0.68,Canadian Dollar,0.68,Canadian Dollar,ACH,0,0.517503805175038
2022/09/01 10:49,212,80F0CA4F0,212,80F7C3740,0.19,Australian Dollar,0.19,Australian Dollar,Wire,0,0.12974597104616226
2022/09/01 10:44,142223,80F7EB550,141465,8104E6840,0.14,Australian Dollar,0.14,Australian Dollar,ACH,0,0.09560229445506693
2022/09/01 10:51,142223,80F7EB550,141465,8104E6840,0.16,Australian Dollar,0.16,Australian Dollar,Wire,0,0.10925976509150506
2022/09/01 10:40,13,810E56D30,245729,810EF0430,16.98,Mexican Peso,16.98,Mexican Peso,ACH,0,0.8410520580514141
2022/09/01 10:32,346663,8111DD6C0,246269,8111DB960,0.04,Mexican Peso,0.04,Mexican Peso,ACH,0,0.001981276932983308
2022/09/01 10:49,347108,811453590,246528,811453540,0.01,Mexican Peso,0.01,Mexican Peso,ACH,0,0.000495319233245827
2022/09/01 10:53,347090,8154CC920,147006,8154CBF70,0.01,Mexican Peso,0.01,Mexican Peso,ACH,0,0.000495319233245827
2022/09/01 10:38,249523,812695720,11,813477530,3.23,Brazil Real,3.23,Brazil Real,ACH,0,0.6234919409323424
2022/09/01 10:40,112,8135FE590,154228,813EBE5A0,0.96,Swiss Franc,0.96,Swiss Franc,Wire,0,0.9796018326717619
2022/09/01 10:30,59847,816783B30,112,81677CB30,3.0,Shekel,3.0,Shekel,ACH,0,0.8945877441479052
2022/09/01 10:31,216,81730B150,63587,8174D89C0,0.82,Saudi Riyal,0.82,Saudi Riyal,ACH,0,0.21866666666666665
2022/09/01 10:52,115,817551900,63587,8175DB870,0.6,Saudi Riyal,0.6,Saudi Riyal,Wire,0,0.16
2022/09/01 10:48,263025,817385330,163897,8179BB6A0,3.29,Saudi Riyal,3.29,Saudi Riyal,ACH,0,0.8773333333333333
2022/09/01 10:37,39265,817991B20,39265,817991B20,0.06,Saudi Riyal,0.12,Yuan,ACH,0,0.017391304347826084
2022/09/01 10:52,364710,817AF4850,163897,817AFC2F0,0.04,Saudi Riyal,0.04,Saudi Riyal,ACH,0,0.010666666666666666
2022/09/01 10:46,18,81739E770,263431,817D4DE50,0.08,Saudi Riyal,0.08,Saudi Riyal,ACH,0,0.021333333333333333
2022/09/01 10:43,216,817DD91A0,265216,818751520,2.17,Saudi Riyal,2.17,Saudi Riyal,ACH,0,0.5786666666666667
2022/09/01 10:34,216,817DD91A0,265216,818751520,1.07,Saudi Riyal,1.07,Saudi Riyal,Wire,0,0.2853333333333333
2022/09/01 10:48,214342,8167FBBF1,214342,8167FBBF0,2.1e-05,Bitcoin,0.25,US Dollar,ACH,0,0.25
2022/09/01 10:45,394,800218631,394,800218630,2e-06,Bitcoin,0.02,US Dollar,Wire,0,0.02
2022/09/01 10:36,394,800218631,394,800218630,1e-06,Bitcoin,0.01,US Dollar,ACH,0,0.01
2022/09/01 10:55,8,80CB694C1,8,80CB694C0,2e-06,Bitcoin,0.02,UK Pound,Wire,0,0.023182492581602373
2022/09/01 10:42,8,80CB694C1,8,80CB694C0,2e-06,Bitcoin,0.02,UK Pound,Wire,0,0.023182492581602373
2022/09/01 10:31,23571,80ADBA9E1,23571,80ADBA9E0,2e-06,Bitcoin,0.03,US Dollar,Wire,0,0.03
2022/09/01 10:43,23571,80ADBA9E1,23571,80ADBA9E0,1e-06,Bitcoin,0.01,US Dollar,ACH,0,0.01
2022/09/01 11:09,3237,80079BEB0,1231,800799780,0.01,US Dollar,0.01,US Dollar,ACH,0,0.01
2022/09/01 11:13,33149,8012195A0,1439,800F7D7F0,0.01,US Dollar,0.01,US Dollar,ACH,0,0.01
2022/09/01 11:08,1277,80080E9B0,6314,8057FE0B0,0.19,US Dollar,0.19,US Dollar,Wire,0,0.19
2022/09/01 11:16,317574,8070C37B0,212996,8070C79F0,0.01,US Dollar,0.01,US Dollar,ACH,0,0.01
2022/09/01 11:12,36305,8074977D0,113002,807497020,0.01,US Dollar,0.01,US Dollar,ACH,0,0.01
2022/09/01 11:16,4894,8031A2830,112568,80763EF30,0.95,US Dollar,0.95,US Dollar,Wire,0,0.95
2022/09/01 11:00,31809,80A9E5190,25443,80A9DF4A0,0.01,US Dollar,0.01,US Dollar,ACH,0,0.01
2022/09/01 11:02,1217,800B2D530,11337,80DC60F30,0.34,US Dollar,0.34,US Dollar,ACH,0,0.34
2022/09/01 11:05,16456,808164E40,137952,80FD33CA0,0.49,US Dollar,0.49,US Dollar,Wire,0,0.49
2022/09/01 11:22,20,80030DD60,212996,811FC1FB0,0.27,US Dollar,0.27,US Dollar,ACH,0,0.27
2022/09/01 11:22,19325,80BC249A0,137029,813324550,0.53,US Dollar,0.53,US Dollar,Wire,0,0.53
2022/09/01 11:02,24029,811A8E770,24029,811A8E770,0.34,US Dollar,0.29,Euro,ACH,0,0.28994201159768046
2022/09/01 11:02,24029,811A8E770,26894,813A1C250,0.34,US Dollar,0.34,US Dollar,Wire,0,0.34
2022/09/01 11:19,35875,818A6D2F0,18247,818A6D1B0,0.01,US Dollar,0.01,US Dollar,ACH,0,0.01
2022/09/01 11:25,316492,818AE38D0,12204,818AD6F90,0.01,US Dollar,0.01,US Dollar,ACH,0,0.01
2022/09/01 11:10,37671,819C49260,37671,819C49260,0.02,US Dollar,0.12,Yuan,ACH,0,0.017391304347826084
2022/09/01 11:20,13,800086730,13,800086730,0.09,US Dollar,1.97,Mexican Peso,ACH,0,0.0975778889494279
2022/09/01 11:26,13,800086730,13,800086730,0.21,US Dollar,4.34,Mexican Peso,ACH,0,0.21496854722868888
2022/09/01 11:09,158841,817D568B0,165132,81B894560,0.04,US Dollar,0.04,US Dollar,ACH,0,0.04
2022/09/01 11:10,31318,8008B3BB0,11,8008B0410,0.01,Euro,0.01,Euro,ACH,0,0.009998000399920017
2022/09/01 11:18,24643,8023A1800,0,8025763C0,0.9,Euro,0.9,Euro,ACH,0,0.8998200359928015
2022/09/01 11:08,35110,80323DD30,600,80323D820,0.01,Euro,0.01,Euro,ACH,0,0.009998000399920017
2022/09/01 11:11,14172,80240E8D0,16934,8041B5750,0.37,Euro,0.37,Euro,ACH,0,0.36992601479704057
2022/09/01 11:07,498,802E1A550,11314,805E158D0,0.88,Euro,0.88,Euro,ACH,0,0.8798240351929615
2022/09/01 11:06,37020,808604BF0,423,80860D560,0.02,Euro,0.02,Euro,ACH,0,0.019996000799840034
2022/09/01 11:15,36653,813F9A590,125589,813F99FA0,0.02,Euro,0.02,Euro,ACH,0,0.019996000799840034
2022/09/01 11:18,44720,812E417B0,22026,816B13920,0.44,Euro,0.44,Euro,Wire,0,0.43991201759648074
2022/09/01 11:22,249868,8140C1020,38920,81AB08D40,0.02,Euro,0.02,Euro,ACH,0,0.019996000799840034
2022/09/01 11:05,39166,803DC86F0,9976,803DC8390,0.01,Yuan,0.01,Yuan,ACH,0,0.0014492753623188406
2022/09/01 11:00,28335,803E36950,8997,804BADD20,2.61,Yuan,2.61,Yuan,Wire,0,0.3782608695652174
2022/09/01 11:29,311565,804F10D70,12469,804F10D20,0.02,Yuan,0.02,Yuan,ACH,0,0.002898550724637681
2022/09/01 11:19,311118,806856FF0,110400,806855070,0.01,Yuan,0.01,Yuan,ACH,0,0.0014492753623188406
2022/09/01 11:15,332409,80BC9DCB0,14449,80BCA07B0,0.01,Yuan,0.01,Yuan,ACH,0,0.0014492753623188406
2022/09/01 11:05,9534,8042DDB50,9735,814E3F330,4.15,Yuan,4.15,Yuan,ACH,0,0.6014492753623188
2022/09/01 11:09,9534,8042DDB50,9735,814E3F330,0.66,Yuan,0.66,Yuan,Wire,0,0.09565217391304348
2022/09/01 11:18,5,800080760,72,808B96950,72.08,Rupee,72.08,Rupee,Wire,0,0.9061765334473177
2022/09/01 11:22,323947,8098352C0,23642,809834630,0.6,Rupee,0.6,Rupee,ACH,0,0.007543089901059803
2022/09/01 11:26,325163,809B412F0,26272,809B413E0,0.11,Rupee,0.11,Rupee,ACH,0,0.0013828998151942974
2022/09/01 11:01,332514,80BD2F590,32245,80BD2F150,0.01,Ruble,0.01,Ruble,ACH,0,0.00016565341991485414
2022/09/01 11:13,331143,80BD5CAB0,31879,80BD5E140,2.72,Ruble,2.72,Ruble,ACH,0,0.045057730216840335
2022/09/01 11:27,27,80B4C76A0,131036,80BDA2B50,46.67,Ruble,46.67,Ruble,ACH,0,0.7731045107426243
2022/09/01 11:15,40904,80F160BA0,40904,80F9CD4F0,0.8,Australian Dollar,0.8,Australian Dollar,ACH,0,0.5462988254575253
2022/09/01 11:10,18,81352DA40,152768,813B45840,0.56,Swiss Franc,0.56,Swiss Franc,Wire,0,0.5714344023918612
2022/09/01 11:16,53933,813EC21B0,254535,814E7E080,0.02,Swiss Franc,0.02,Swiss Franc,ACH,0,0.02040837151399504
2022/09/01 11:17,358114,8153A1380,257433,8154155D0,0.01,Shekel,0.01,Shekel,ACH,0,0.002981959147159684
2022/09/01 11:04,364076,817A706B0,64657,817A6A600,0.4,Saudi Riyal,0.4,Saudi Riyal,ACH,0,0.10666666666666667
2022/09/01 11:17,34117,818B73D51,34117,818B73D50,2e-05,Bitcoin,0.23,US Dollar,Wire,0,0.23
2022/09/01 11:26,34117,818B73D51,34117,818B73D50,5e-06,Bitcoin,0.06,US Dollar,ACH,0,0.06
2022/09/01 11:07,126588,816CA6A01,126588,816CA6A00,1e-05,Bitcoin,0.12,US Dollar,ACH,0,0.12
2022/09/01 11:00,126588,816CA6A01,126588,816CA6A00,2e-05,Bitcoin,0.24,US Dollar,ACH,0,0.24
2022/09/01 11:21,244647,81409D6B1,244647,81409D6B0,4e-06,Bitcoin,0.05,US Dollar,ACH,0,0.05
2022/09/01 11:08,244647,81409D6B1,244647,81409D6B0,6e-06,Bitcoin,0.07,US Dollar,ACH,0,0.07
2022/09/01 11:02,1217,800825071,1217,800825070,2.1e-05,Bitcoin,0.25,US Dollar,Wire,0,0.25
2022/09/01 11:03,1217,800825071,1217,800825070,5.8e-05,Bitcoin,0.69,US Dollar,ACH,0,0.69
2022/09/01 11:15,16584,810FE5E41,16584,810FE5E40,4e-06,Bitcoin,0.05,US Dollar,ACH,0,0.05
2022/09/01 11:12,16584,810FE5E41,16584,810FE5E40,1.3e-05,Bitcoin,0.15,US Dollar,ACH,0,0.15
2022/09/01 11:10,16584,810FE5E41,16584,810FE5E40,2e-06,Bitcoin,0.03,US Dollar,ACH,0,0.03
2022/09/01 11:02,16584,810FE5E41,16584,810FE5E40,6e-06,Bitcoin,0.07,US Dollar,ACH,0,0.07
2022/09/01 11:16,116703,80DC8E751,116703,80DC8E750,4e-06,Bitcoin,0.05,US Dollar,ACH,0,0.05
2022/09/01 11:13,116703,80DC8E751,116703,80DC8E750,1e-06,Bitcoin,0.01,US Dollar,ACH,0,0.01
2022/09/01 11:25,122779,80EA05A61,122779,80EA05A60,3.5e-05,Bitcoin,0.41,US Dollar,ACH,0,0.41
2022/09/01 11:02,115966,8123EA1D1,115966,8123EA1D0,2e-06,Bitcoin,0.02,US Dollar,ACH,0,0.02
2022/09/01 11:44,12204,800CBEA10,20,800E2F720,0.13,US Dollar,0.13,US Dollar,ACH,0,0.13
2022/09/01 11:59,1291,8003CF060,13354,8014D32F0,0.79,US Dollar,0.79,US Dollar,Wire,0,0.79
2022/09/01 11:32,224,80018CB10,13395,801B72A50,0.24,US Dollar,0.24,US Dollar,ACH,0,0.24
2022/09/01 11:40,36780,80349D100,18890,80349B830,0.01,US Dollar,0.01,US Dollar,ACH,0,0.01
2022/09/01 11:35,15,8043C2130,15,8043C2130,0.5,US Dollar,3.33,Yuan,ACH,0,0.4826086956521739
2022/09/01 11:31,26453,803394DB0,21414,809874B30,0.37,US Dollar,0.37,US Dollar,Wire,0,0.37
2022/09/01 11:59,5617,805E22500,24999,80CB36890,0.98,US Dollar,0.98,US Dollar,Wire,0,0.98
2022/09/01 11:45,212996,8075A4A90,222439,80DFD5BC0,0.1,US Dollar,0.1,US Dollar,Wire,0,0.1
2022/09/01 11:32,317333,80EE34990,3389,80EE346D0,0.01,US Dollar,0.01,US Dollar,ACH,0,0.01
2022/09/01 11:31,35798,811F6D910,148288,81306A3F0,0.71,US Dollar,0.71,US Dollar,ACH,0,0.71
2022/09/01 11:46,219425,80EB54E70,152229,8136566D0,0.87,US Dollar,0.87,US Dollar,Wire,0,0.87
2022/09/01 11:49,36442,813E65A30,136360,813E63CC0,0.02,US Dollar,0.02,US Dollar,ACH,0,0.02
2022/09/01 11:38,357452,814F836A0,1807,814F73DD0,0.01,US Dollar,0.01,US Dollar,ACH,0,0.01
2022/09/01 11:59,324432,8155CDD10,254751,815646590,0.01,US Dollar,0.01,US Dollar,ACH,0,0.01
2022/09/01 11:46,341678,816574DE0,230733,8165755B0,0.11,US Dollar,0.11,US Dollar,ACH,0,0.11
2022/09/01 11:56,2860,80053BB60,217226,817039E90,0.82,US Dollar,0.82,US Dollar,Wire,0,0.82
2022/09/01 11:30,229487,80B995250,239632,818BDDB90,0.73,US Dollar,0.73,US Dollar,ACH,0,0.73
2022/09/01 11:31,20,8000F29B0,0,8000F3250,0.67,Euro,0.67,Euro,Wire,0,0.6698660267946411
2022/09/01 11:58,3585,8013A86C0,12503,8013A89E0,0.01,Euro,0.01,Euro,ACH,0,0.009998000399920017
2022/09/01 11:30,20,800EA7710,425,8016F9C00,0.73,Euro,0.73,Euro,ACH,0,0.7298540291941612
2022/09/01 11:44,117861,807757D90,27737,807B747E0,0.08,Euro,0.08,Euro,ACH,0,0.07998400319936014
2022/09/01 11:52,117861,807757D90,27737,807B747E0,0.2,Euro,0.2,Euro,Wire,0,0.19996000799840033
2022/09/01 11:36,326194,80988CBD0,20,809884000,0.01,Euro,0.01,Euro,ACH,0,0.009998000399920017
2022/09/01 11:53,22264,801882260,122416,80D09F6C0,0.48,Euro,0.48,Euro,ACH,0,0.47990401919616077
2022/09/01 11:44,211012,80AF441C0,18586,80E1852F0,0.47,Euro,0.47,Euro,ACH,0,0.4699060187962407
2022/09/01 11:52,39504,80F36E4D0,231387,80F36E480,0.15,Euro,0.15,Euro,ACH,0,0.14997000599880023
2022/09/01 11:39,343968,810D05490,129765,810D05A00,0.01,Euro,0.01,Euro,ACH,0,0.009998000399920017
2022/09/01 11:51,323508,814AA3BB0,255671,814A93980,0.07,Euro,0.07,Euro,ACH,0,0.06998600279944012
2022/09/01 11:51,347859,816F92600,225430,816F92F60,0.04,Euro,0.04,Euro,ACH,0,0.03999200159968007
2022/09/01 11:36,24070,80CEF6200,29154,81B7E52C0,0.71,Euro,0.71,Euro,Wire,0,0.7098580283943211
2022/09/01 11:54,310581,8051F1700,213504,8052095F0,0.01,Yuan,0.01,Yuan,ACH,0,0.0014492753623188406
2022/09/01 11:49,39282,805222960,211204,8051D7980,0.05,Yuan,0.05,Yuan,ACH,0,0.007246376811594203
2022/09/01 11:44,325140,8095004E0,23544,8094FBD50,0.02,Rupee,0.02,Rupee,ACH,0,0.00025143633003532677
2022/09/01 11:42,325875,8097E76F0,5,8097E67B0,0.03,Rupee,0.03,Rupee,ACH,0,0.0003771544950529902
2022/09/01 11:31,124503,80986AFF0,124359,809D0F7C0,10.72,Rupee,10.72,Rupee,ACH,0,0.13476987289893516
2022/09/01 11:37,325951,80E1FBE50,72,80E1FBEF0,0.26,Rupee,0.26,Rupee,ACH,0,0.0032686722904592485
2022/09/01 11:37,123957,809001310,5,80E225950,43.98,Rupee,43.98,Rupee,Wire,0,0.5529084897476836
2022/09/01 11:38,326354,80E833F20,2,80E836250,0.03,Rupee,0.03,Rupee,ACH,0,0.0003771544950529902
2022/09/01 11:50,331102,80BEC64C0,232081,80BEC8200,0.12,Ruble,0.12,Ruble,ACH,0,0.0019878410389782496
2022/09/01 11:47,333831,80C9483E0,233601,80C94A2A0,0.01,UK Pound,0.01,UK Pound,ACH,0,0.011591246290801186
2022/09/01 11:36,333569,80CB6FA30,133372,80CB821D0,0.01,UK Pound,0.01,UK Pound,ACH,0,0.011591246290801186
2022/09/01 11:33,17,80CFDB080,135933,80D256DC0,0.58,Canadian Dollar,0.58,Canadian Dollar,ACH,0,0.441400304414003
2022/09/01 11:37,17,80CFDB080,135933,80D256DC0,0.15,Canadian Dollar,0.15,Canadian Dollar,Wire,0,0.1141552511415525
2022/09/01 11:55,136678,80DF20BD0,237958,80E2FFE80,0.52,Canadian Dollar,0.52,Canadian Dollar,Wire,0,0.395738203957382
2022/09/01 11:37,241256,80F6C1C30,141465,8101C5930,0.97,Australian Dollar,0.97,Australian Dollar,ACH,0,0.6623873258672494
2022/09/01 11:43,241503,80F7E6570,241036,8101CD640,0.57,Australian Dollar,0.57,Australian Dollar,Wire,0,0.3892379131384867
2022/09/01 11:32,344879,8104866B0,243063,81047B0E0,0.01,Australian Dollar,0.01,Australian Dollar,ACH,0,0.006828735318219066
2022/09/01 11:41,346524,810EAC130,245768,810EACEA0,0.02,Mexican Peso,0.02,Mexican Peso,ACH,0,0.000990638466491654
2022/09/01 11:38,10,8122DD860,116,8123219F0,2.83,Brazil Real,2.83,Brazil Real,ACH,0,0.5462793166682752
2022/09/01 11:30,350233,812404570,48858,812408940,0.01,Brazil Real,0.01,Brazil Real,ACH,0,0.0019303156066016792
2022/09/01 11:33,350048,812A43F60,50453,812A5CD50,0.02,Brazil Real,0.02,Brazil Real,ACH,0,0.0038606312132033584
2022/09/01 11:32,63940,817B15D20,165768,81819BA10,0.53,Saudi Riyal,0.53,Saudi Riyal,ACH,0,0.14133333333333334
2022/09/01 11:48,364374,81870A2A0,63940,818709AA0,0.02,Saudi Riyal,0.02,Saudi Riyal,ACH,0,0.005333333333333333
2022/09/01 11:56,63940,818751D90,263186,819185400,3.23,Saudi Riyal,3.23,Saudi Riyal,ACH,0,0.8613333333333333
2022/09/01 11:38,63940,818751D90,263186,819185400,0.55,Saudi Riyal,0.55,Saudi Riyal,Wire,0,0.14666666666666667
2022/09/01 11:48,263431,818528FD0,264772,8191EAFE0,3.11,Saudi Riyal,3.11,Saudi Riyal,ACH,0,0.8293333333333333
2022/09/01 11:35,19182,80B367311,19182,80B367310,2.2e-05,Bitcoin,0.26,US Dollar,ACH,0,0.26
2022/09/01 11:37,229512,81B0B1C41,229512,81B0B1C40,1e-06,Bitcoin,0.01,US Dollar,ACH,0,0.01
2022/09/01 11:57,229512,81B0B1C41,229512,81B0B1C40,1e-06,Bitcoin,0.01,US Dollar,ACH,0,0.01
2022/09/01 12:05,1231,800A90040,11265,8055B0930,0.33,US Dollar,0.33,US Dollar,ACH,0,0.33
2022/09/01 12:01,5621,807358CE0,110821,80817ABF0,0.27,US Dollar,0.27,US Dollar,Wire,0,0.27
2022/09/01 12:22,117301,806CA4410,13821,8083F7FE0,0.56,US Dollar,0.56,US Dollar,Wire,0,0.56
2022/09/01 12:25,5206,808761DE0,5571,80A9634C0,0.22,US Dollar,0.22,US Dollar,Wire,0,0.22
2022/09/01 12:08,338917,8125B3580,39697,8125B35D0,0.01,US Dollar,0.01,US Dollar,ACH,0,0.01
2022/09/01 12:08,217226,80B9A50B0,24633,812E98110,0.15,US Dollar,0.15,US Dollar,Wire,0,0.15
2022/09/01 12:02,15331,801E73790,137383,8134079A0,0.16,US Dollar,0.16,US Dollar,ACH,0,0.16
2022/09/01 12:17,4,8066282F0,4,8066282F0,0.25,US Dollar,26.22,Yen,ACH,0,0.18817281469786135
2022/09/01 12:17,4,8066282F0,4,8066282F0,0.34,US Dollar,35.58,Yen,ACH,0,0.25534663413233816
2022/09/01 12:17,4,8066282F0,152943,8165042A0,0.34,US Dollar,0.34,US Dollar,ACH,0,0.34
2022/09/01 12:17,11968,8005D27A0,22264,8016D1150,0.92,Euro,0.92,Euro,ACH,0,0.9198160367926416
2022/09/01 12:12,425,802260690,5436,8032E6110,0.3,Euro,0.3,Euro,ACH,0,0.29994001199760045
2022/09/01 12:11,20,804CEA780,20,804CEA780,0.15,Euro,0.18,US Dollar,ACH,0,0.18
2022/09/01 12:08,13590,802EA3850,15461,807C4C440,0.91,Euro,0.91,Euro,ACH,0,0.9098180363927215
2022/09/01 12:15,334055,80CCDB240,21444,80CCDAED0,0.02,Euro,0.02,Euro,ACH,0,0.019996000799840034
2022/09/01 12:20,26262,80E5E49A0,14,81127EC30,0.83,Euro,0.83,Euro,ACH,0,0.8298340331933614
2022/09/01 12:23,231908,811D4A320,130803,8149C3320,0.4,Euro,0.4,Euro,ACH,0,0.39992001599680066
2022/09/01 12:07,341335,816EEC340,29559,816EEC250,0.01,Euro,0.01,Euro,ACH,0,0.009998000399920017
2022/09/01 12:24,27356,802C29890,15,80344D460,4.7,Yuan,4.7,Yuan,Wire,0,0.6811594202898551
2022/09/01 12:26,312564,8048C6C80,110080,8048BF7C0,0.35,Yuan,0.35,Yuan,ACH,0,0.05072463768115942
2022/09/01 12:23,26,80290ABE0,19521,8049B42B0,2.68,Yuan,2.68,Yuan,Wire,0,0.3884057971014493
2022/09/01 12:05,27356,804403DC0,110522,80448EC40,2.53,Yuan,2.53,Yuan,ACH,0,0.36666666666666664
2022/09/01 12:14,27356,804403DC0,110522,80448EC40,2.06,Yuan,2.06,Yuan,Wire,0,0.2985507246376812
2022/09/01 12:27,35505,805478610,213504,805477B80,0.02,Yuan,0.02,Yuan,ACH,0,0.002898550724637681
2022/09/01 12:24,15,803BAA830,9534,80DE2E9F0,1.63,Yuan,1.63,Yuan,Wire,0,0.236231884057971
2022/09/01 12:15,37551,814107860,13493,814107CC0,0.02,Yuan,0.02,Yuan,ACH,0,0.002898550724637681
2022/09/01 12:15,310812,817BF9510,211860,817BFB610,0.02,Yuan,0.02,Yuan,ACH,0,0.002898550724637681
2022/09/01 12:23,314504,81B86E4E0,110593,81B86B9B0,0.01,Yuan,0.01,Yuan,ACH,0,0.0014492753623188406
2022/09/01 12:14,312081,805C571D0,13,805C49A80,0.21,Yen,0.21,Yen,ACH,0,0.0015071049232094158
2022/09/01 12:16,19836,8038F5E80,215478,8064BFDE0,137.16,Yen,137.16,Yen,ACH,0,0.9843548155590641
2022/09/01 12:26,312070,806826F30,217662,806828960,0.11,Yen,0.11,Yen,ACH,0,0.000789435912157313
2022/09/01 12:28,315927,80697BFD0,19856,8069C4D00,0.02,Yen,0.02,Yen,ACH,0,0.00014353380221042057
2022/09/01 12:28,319212,8087642D0,221585,8087650C0,0.42,Yen,0.42,Yen,ACH,0,0.0030142098464188316
2022/09/01 12:05,323947,8097F4940,119699,8097E2560,0.31,Rupee,0.31,Rupee,ACH,0,0.003897263115547565
2022/09/01 12:14,328096,80A3C1CF0,27836,80A3C1CA0,0.38,Rupee,0.38,Rupee,ACH,0,0.0047772902706712085
2022/09/01 12:01,325202,80A760D90,123568,80A760D40,0.24,Rupee,0.24,Rupee,ACH,0,0.0030172359604239214
2022/09/01 12:18,224371,80A63CDF0,226119,80D9CB6E0,40.32,Rupee,40.32,Rupee,ACH,0,0.5068956413512188
2022/09/01 12:26,327730,80EAD4F90,23494,80EAD51C0,0.01,Rupee,0.01,Rupee,ACH,0,0.00012571816501766338
2022/09/01 12:05,330281,80BE96F90,232081,80BE96AC0,0.04,Ruble,0.04,Ruble,ACH,0,0.0006626136796594166
2022/09/01 12:03,332715,80BFEE930,231975,80C007E50,0.1,Ruble,0.1,Ruble,ACH,0,0.0016565341991485415
2022/09/01 12:08,134489,80CF154D0,34749,817E84D80,0.1,UK Pound,0.1,UK Pound,Wire,0,0.11591246290801187
2022/09/01 12:09,110,80F01A570,110,80F349090,0.68,Australian Dollar,0.68,Australian Dollar,Wire,0,0.4643540016388965
2022/09/01 12:20,40989,810860C50,143711,810B29500,1.05,Australian Dollar,1.05,Australian Dollar,Wire,0,0.717017208413002
2022/09/01 12:07,346363,8110A3FD0,245768,8110A4B90,0.01,Mexican Peso,0.01,Mexican Peso,ACH,0,0.000495319233245827
2022/09/01 12:19,346735,8111A65A0,113,8111A3E40,0.13,Mexican Peso,0.13,Mexican Peso,ACH,0,0.006439150032195751
2022/09/01 12:14,214,812342D10,49096,812477AB0,0.04,Brazil Real,0.04,Brazil Real,ACH,0,0.007721262426406717
2022/09/01 12:19,248756,8122EF900,49700,812918580,0.14,Brazil Real,0.14,Brazil Real,Wire,0,0.027024418492423513
2022/09/01 12:23,354172,813B4E570,153802,813B4E480,0.01,Swiss Franc,0.01,Swiss Franc,ACH,0,0.01020418575699752
2022/09/01 12:23,364604,8189CF810,66415,8189CFB80,0.02,Saudi Riyal,0.02,Saudi Riyal,ACH,0,0.005333333333333333
2022/09/01 12:20,10073,804076411,10073,804076410,2e-06,Bitcoin,0.14,Yuan,ACH,0,0.02028985507246377
2022/09/01 12:21,10073,804076411,10073,804076410,2e-06,Bitcoin,0.13,Yuan,ACH,0,0.01884057971014493
2022/09/01 12:02,215571,806379E41,215571,806379E40,1.2e-05,Bitcoin,0.15,US Dollar,ACH,0,0.15
2022/09/01 12:22,215571,806379E41,215571,806379E40,2.3e-05,Bitcoin,0.28,US Dollar,ACH,0,0.28
2022/09/01 12:07,215571,806379E41,215571,806379E40,1.6e-05,Bitcoin,0.18,US Dollar,Wire,0,0.18
2022/09/01 12:03,25443,81B097DB1,25443,81B097DB0,7e-06,Bitcoin,0.09,US Dollar,Wire,0,0.09
2022/09/01 12:12,113016,8169647B1,113016,8169647B0,2e-06,Bitcoin,0.02,US Dollar,ACH,0,0.02
2022/09/01 12:39,1394,800913480,21414,800F0EAA0,0.07,US Dollar,0.07,US Dollar,Wire,0,0.07
2022/09/01 12:57,33352,8016F35A0,21414,8016D5D30,0.01,US Dollar,0.01,US Dollar,ACH,0,0.01
2022/09/01 12:52,1812,800BB2070,15331,8030EA040,0.17,US Dollar,0.17,US Dollar,Wire,0,0.17
2022/09/01 12:47,35685,805387050,22129,805388A30,0.01,US Dollar,0.01,US Dollar,ACH,0,0.01
2022/09/01 12:37,1638,802514A30,2175,8061F6690,0.41,US Dollar,0.41,US Dollar,ACH,0,0.41
2022/09/01 12:30,3100,8054FAC70,6314,806A99460,0.44,US Dollar,0.44,US Dollar,ACH,0,0.44
2022/09/01 12:56,1812,801E9D7D0,117301,806D04430,0.18,US Dollar,0.18,US Dollar,ACH,0,0.18
2022/09/01 12:44,1812,801E9D7D0,117301,806D04430,0.33,US Dollar,0.33,US Dollar,Wire,0,0.33
2022/09/01 12:55,1277,804029000,3389,808599900,0.4,US Dollar,0.4,US Dollar,Wire,0,0.4
2022/09/01 12:57,31393,80FA27DB0,130821,80FA27AE0,0.01,US Dollar,0.01,US Dollar,ACH,0,0.01
2022/09/01 12:41,118536,807C93C40,127980,814B5D520,0.82,US Dollar,0.82,US Dollar,ACH,0,0.82
2022/09/01 12:46,118536,807C93C40,127980,814B5D520,0.59,US Dollar,0.59,US Dollar,Wire,0,0.59
2022/09/01 12:49,24999,809E917E0,22106,81519D650,0.85,US Dollar,0.85,US Dollar,Wire,0,0.85
2022/09/01 12:44,2692,80243E570,135982,81583FE20,0.73,US Dollar,0.73,US Dollar,Wire,0,0.73
2022/09/01 12:58,372586,81A9A8080,242412,81A9C8EB0,0.01,US Dollar,0.01,US Dollar,ACH,0,0.01
2022/09/01 12:49,25,809793840,25,809793840,0.13,US Dollar,9.6,Rupee,ACH,0,0.12068943841695685
2022/09/01 12:38,25,809793840,25,809793840,0.01,US Dollar,0.73,Rupee,ACH,0,0.009177426046289428
2022/09/01 12:50,14213,8026D54D0,20,802E22E10,0.01,Euro,0.01,Euro,ACH,0,0.009998000399920017
2022/09/01 12:35,37746,80588EE10,18624,805891E80,0.01,Euro,0.01,Euro,ACH,0,0.009998000399920017
2022/09/01 12:59,39842,80B2437E0,13590,80B242B50,0.07,Euro,0.07,Euro,ACH,0,0.06998600279944012
2022/09/01 12:46,14003,802D10AD0,27737,80B5F9F80,0.04,Euro,0.04,Euro,ACH,0,0.03999200159968007
2022/09/01 12:38,14003,802D10AD0,27737,80B5F9F80,0.02,Euro,0.02,Euro,Wire,0,0.019996000799840034
2022/09/01 12:44,219054,808D7DB60,219054,808D7DB60,0.67,Euro,0.79,US Dollar,ACH,0,0.79
2022/09/01 12:35,219054,808D7DB60,219054,808D7DB60,0.16,Euro,0.19,US Dollar,ACH,0,0.19
2022/09/01 12:35,219054,808D7DB60,211018,80B764150,0.16,Euro,0.16,Euro,ACH,0,0.15996800639872027
2022/09/01 12:49,16505,8085CE9A0,5312,80BBF7870,0.64,Euro,0.64,Euro,ACH,0,0.6398720255948811
2022/09/01 12:31,38836,803214B90,2514,80E5D3340,0.74,Euro,0.74,Euro,ACH,0,0.7398520295940811
2022/09/01 12:35,13590,803086970,230153,80F6966C0,0.9,Euro,0.9,Euro,Wire,0,0.8998200359928015
2022/09/01 12:42,600,800D6AD10,25307,81BCDA1F0,0.93,Euro,0.93,Euro,Wire,0,0.9298140371925615
2022/09/01 12:31,310593,803E8A4D0,110164,803E048C0,0.01,Yuan,0.01,Yuan,ACH,0,0.0014492753623188406
2022/09/01 12:42,27,802C09D10,210812,80433DE60,4.01,Yuan,4.01,Yuan,ACH,0,0.581159420289855
2022/09/01 12:55,311950,80450C130,28335,80450BD40,0.01,Yuan,0.01,Yuan,ACH,0,0.0014492753623188406
2022/09/01 12:38,110080,80461CAA0,112926,804EA44B0,2.81,Yuan,2.81,Yuan,Wire,0,0.4072463768115942
2022/09/01 12:33,312612,804FE9B30,110134,804FEC790,0.01,Yuan,0.01,Yuan,ACH,0,0.0014492753623188406
2022/09/01 12:32,314367,8052BEA00,110682,8052C1130,1.55,Yuan,1.55,Yuan,ACH,0,0.2246376811594203
2022/09/01 12:58,332423,8048872C0,211738,804887130,0.01,Yuan,0.01,Yuan,ACH,0,0.0014492753623188406
2022/09/01 12:50,37679,81080A300,13917,81080A3A0,0.13,Yuan,0.13,Yuan,ACH,0,0.01884057971014493
2022/09/01 12:43,315954,80695F860,117743,806959D30,0.75,Yen,0.75,Yen,ACH,0,0.00538251758289077
2022/09/01 12:35,317807,806A4C510,29640,806A4C1B0,0.01,Yen,0.01,Yen,ACH,0,7.176690110521028e-05
2022/09/01 12:36,322320,8081AF6F0,19836,8081AF2B0,0.07,Yen,0.07,Yen,ACH,0,0.0005023683077364719
2022/09/01 12:47,325006,809524070,25,8094D8C40,0.03,Rupee,0.03,Rupee,ACH,0,0.0003771544950529902
2022/09/01 12:49,323822,809A04730,23494,809A04A50,0.08,Rupee,0.08,Rupee,ACH,0,0.001005745320141307
2022/09/01 12:58,326356,80A1915B0,26,80A18E3D0,0.02,Rupee,0.02,Rupee,ACH,0,0.00025143633003532677
2022/09/01 12:57,328431,80A687FF0,223950,80A687F00,0.06,Rupee,0.06,Rupee,ACH,0,0.0007543089901059804
2022/09/01 12:37,23494,8095322C0,23033,80A7326C0,25.48,Rupee,25.48,Rupee,ACH,0,0.3203298844650063
2022/09/01 12:32,124359,80A6C9810,226937,80A940650,54.08,Rupee,54.08,Rupee,ACH,0,0.6798838364155236
2022/09/01 12:39,340804,80EC997A0,123260,80EC99060,0.04,Rupee,0.04,Rupee,ACH,0,0.0005028726600706535
2022/09/01 12:50,330201,80B004000,27,80B003380,0.09,Ruble,0.09,Ruble,ACH,0,0.0014908807792336873
2022/09/01 12:56,329736,80BDA1400,23,80BDA3630,0.2,Ruble,0.2,Ruble,ACH,0,0.003313068398297083
2022/09/01 12:55,333334,80C218570,7,80C217D40,0.02,UK Pound,0.02,UK Pound,ACH,0,0.023182492581602373
2022/09/01 12:57,334144,80C6E24B0,8,80C6E2160,0.01,UK Pound,0.01,UK Pound,ACH,0,0.011591246290801186
2022/09/01 12:37,212,8000AA410,42234,8101E08B0,0.45,Australian Dollar,0.45,Australian Dollar,ACH,0,0.307293089319858
2022/09/01 12:43,346562,811249C70,14,811264F10,0.01,Mexican Peso,0.01,Mexican Peso,ACH,0,0.000495319233245827
2022/09/01 12:56,349338,811E4E480,148894,811E4DA80,0.01,Brazil Real,0.01,Brazil Real,ACH,0,0.0019303156066016792
2022/09/01 12:55,346254,81246EEA0,346254,81246EEA0,0.05,Brazil Real,0.01,US Dollar,ACH,0,0.01
2022/09/01 12:44,248575,812377C40,149805,81285B970,4.84,Brazil Real,4.84,Brazil Real,Wire,0,0.9342727535952128
2022/09/01 12:57,18,8134FDB10,154265,8142C8A00,0.48,Swiss Franc,0.48,Swiss Franc,ACH,0,0.48980091633588096
2022/09/01 12:35,358919,81582E2C0,14,815830EB0,0.01,Shekel,0.01,Shekel,ACH,0,0.002981959147159684
2022/09/01 12:46,359990,815E1BC30,59157,815E1A860,0.09,Shekel,0.09,Shekel,ACH,0,0.026837632324437154
2022/09/01 12:41,364158,817AC3AA0,115,817702680,0.01,Saudi Riyal,0.01,Saudi Riyal,ACH,0,0.0026666666666666666
2022/09/01 12:56,364653,818007BF0,65528,81801DAB0,0.01,Saudi Riyal,0.01,Saudi Riyal,ACH,0,0.0026666666666666666
2022/09/01 12:56,15,802226511,15,802226510,1e-06,Bitcoin,0.04,Yuan,ACH,0,0.005797101449275362
2022/09/01 12:37,15,802226511,15,802226510,1e-06,Bitcoin,0.09,Yuan,Wire,0,0.013043478260869565
2022/09/01 12:47,43642,810733E91,43642,810733E90,1e-06,Bitcoin,0.01,Euro,ACH,0,0.009998000399920017
2022/09/01 12:52,228849,813731801,228849,813731800,4.1e-05,Bitcoin,0.49,US Dollar,ACH,0,0.49
2022/09/01 12:36,13243,815629471,13243,815629470,5e-06,Bitcoin,0.06,US Dollar,ACH,0,0.06
2022/09/01 12:34,13243,815629471,13243,815629470,1.7e-05,Bitcoin,0.2,US Dollar,ACH,0,0.2
2022/09/01 12:58,13243,815629471,13243,815629470,4e-06,Bitcoin,0.04,US Dollar,ACH,0,0.04
2022/09/01 12:39,20,8006A2521,20,8006A2520,5.1e-05,Bitcoin,0.61,US Dollar,ACH,0,0.61
2022/09/01 12:43,113667,808C26191,113667,808C26190,4e-06,Bitcoin,0.31,Yuan,ACH,0,0.04492753623188406
2022/09/01 12:50,113667,808C26191,113667,808C26190,1e-06,Bitcoin,0.09,Yuan,Wire,0,0.013043478260869565
2022/09/01 13:29,11046,8008F9F00,1639,800CB8DB0,0.23,US Dollar,0.23,US Dollar,Wire,0,0.23
2022/09/01 13:24,12063,800BA6940,12063,800F4C050,0.33,US Dollar,0.33,US Dollar,Wire,0,0.33
2022/09/01 13:05,531,8031ABBB0,3389,803399560,0.39,US Dollar,0.39,US Dollar,ACH,0,0.39
2022/09/01 13:17,1422,802038070,18081,803741710,0.16,US Dollar,0.16,US Dollar,Wire,0,0.16
2022/09/01 13:27,5033,804AE0060,120280,807C75400,0.14,US Dollar,0.14,US Dollar,Wire,0,0.14
2022/09/01 13:14,35365,809C0D890,2175,809C0C830,0.02,US Dollar,0.02,US Dollar,ACH,0,0.02
2022/09/01 13:13,2860,807CE14B0,118536,80B6E7CA0,0.82,US Dollar,0.82,US Dollar,Wire,0,0.82
2022/09/01 13:02,1638,801405760,11661,80CE097F0,0.52,US Dollar,0.52,US Dollar,ACH,0,0.52
2022/09/01 13:20,4894,80A247770,234039,80D854420,0.42,US Dollar,0.42,US Dollar,ACH,0,0.42
2022/09/01 13:11,111913,80DB4DED0,214527,80DD1C300,0.5,US Dollar,0.5,US Dollar,ACH,0,0.5
2022/09/01 13:13,11255,808CF6280,349,80E273FC0,0.17,US Dollar,0.17,US Dollar,Wire,0,0.17
2022/09/01 13:08,3806,80FB770A0,39812,80FB76F10,0.03,US Dollar,0.03,US Dollar,ACH,0,0.03
2022/09/01 13:03,22661,80EA856D0,1120,811B705A0,0.41,US Dollar,0.41,US Dollar,ACH,0,0.41
2022/09/01 13:06,31363,80DE69B80,22547,814D5D050,0.11,US Dollar,0.11,US Dollar,ACH,0,0.11
2022/09/01 13:19,31363,80DE69B80,22547,814D5D050,0.05,US Dollar,0.05,US Dollar,Wire,0,0.05
2022/09/01 13:06,15355,806DD16B0,11047,814D7A740,0.78,US Dollar,0.78,US Dollar,ACH,0,0.78
2022/09/01 13:26,1120,80581A9E0,5855,815B530E0,0.94,US Dollar,0.94,US Dollar,ACH,0,0.94
2022/09/01 13:17,214867,8061636C0,15875,818B4A700,0.9,US Dollar,0.9,US Dollar,ACH,0,0.9
2022/09/01 13:13,1231,800931590,30562,819C3B250,0.28,US Dollar,0.28,US Dollar,Wire,0,0.28
2022/09/01 13:02,3671,8018AA410,20,801968590,0.82,Euro,0.82,Euro,Wire,0,0.8198360327934413
2022/09/01 13:00,14,802186850,5383,80284D9E0,0.01,Euro,0.01,Euro,Wire,0,0.009998000399920017
2022/09/01 13:11,2514,8011C49D0,7272,802A5AF70,0.98,Euro,0.98,Euro,ACH,0,0.9798040391921615
2022/09/01 13:09,11314,801175560,25885,802E53D80,0.15,Euro,0.15,Euro,Wire,0,0.14997000599880023
2022/09/01 13:13,20798,807D2FEC0,25384,809132990,0.66,Euro,0.66,Euro,ACH,0,0.6598680263947211
2022/09/01 13:18,20798,807D2FEC0,25384,809132990,0.11,Euro,0.11,Euro,Wire,0,0.10997800439912019
2022/09/01 13:15,325313,809DC4C70,112438,809DC4C20,0.01,Euro,0.01,Euro,ACH,0,0.009998000399920017
2022/09/01 13:12,320678,80C579B00,19300,80C56F610,0.01,Euro,0.01,Euro,ACH,0,0.009998000399920017
2022/09/01 13:09,310941,80EDA5A20,212418,80EDA7C90,0.18,Euro,0.18,Euro,ACH,0,0.1799640071985603
2022/09/01 13:26,12274,800F19DE0,18396,8126BA640,0.06,Euro,0.06,Euro,Wire,0,0.059988002399520096
2022/09/01 13:12,129589,80AEE9190,25304,812CDDC20,0.65,Euro,0.65,Euro,ACH,0,0.649870025994801
2022/09/01 13:19,116186,811A98F80,22260,8145506D0,0.98,Euro,0.98,Euro,ACH,0,0.9798040391921615
2022/09/01 13:08,116186,811A98F80,22260,8145506D0,0.97,Euro,0.97,Euro,Wire,0,0.9698060387922416
2022/09/01 13:09,122416,809786D10,32453,8190C66A0,0.87,Euro,0.87,Euro,ACH,0,0.8698260347930414
2022/09/01 13:20,311565,804924F40,27425,804925120,0.04,Yuan,0.04,Yuan,ACH,0,0.005797101449275362
2022/09/01 13:03,312771,804C2B860,9976,804C0E480,0.01,Yuan,0.01,Yuan,ACH,0,0.0014492753623188406
2022/09/01 13:21,311714,805022A00,7080,805027A10,0.01,Yuan,0.01,Yuan,ACH,0,0.0014492753623188406
2022/09/01 13:23,343167,80FAA8D70,26922,80FAAC910,0.02,Yuan,0.02,Yuan,ACH,0,0.002898550724637681
2022/09/01 13:16,311043,804017030,4,80401CAD0,0.33,Yen,0.33,Yen,ACH,0,0.002368307736471939
2022/09/01 13:23,39910,806F950D0,13,806F952B0,0.03,Yen,0.03,Yen,ACH,0,0.0002153007033156308
2022/09/01 13:23,317729,8081C2A40,118066,8081C29A0,0.02,Yen,0.02,Yen,ACH,0,0.00014353380221042057
2022/09/01 13:23,358710,8156BE030,115648,8156BDF40,0.03,Yen,0.03,Yen,ACH,0,0.0002153007033156308
2022/09/01 13:07,323700,8089D2B60,72,808A8AC40,0.23,Rupee,0.23,Rupee,ACH,0,0.0028915177954062584
2022/09/01 13:12,319851,808D202F0,19413,808D127D0,0.05,Rupee,0.05,Rupee,ACH,0,0.000628590825088317
2022/09/01 13:22,324490,808E674A0,123800,808E67140,3.84,Rupee,3.84,Rupee,ACH,0,0.04827577536678274
2022/09/01 13:20,5,808F38130,224257,809095570,40.07,Rupee,40.07,Rupee,Wire,0,0.5037526872257773
2022/09/01 13:03,323811,8091EAD30,19414,8091EAC90,0.01,Rupee,0.01,Rupee,ACH,0,0.00012571816501766338
2022/09/01 13:09,325565,8094E2880,14,8094E05D0,0.01,Rupee,0.01,Rupee,ACH,0,0.00012571816501766338
2022/09/01 13:03,325594,809A3B7E0,23539,8099EB250,0.03,Rupee,0.03,Rupee,ACH,0,0.0003771544950529902
2022/09/01 13:24,324235,80A381350,225095,80A381300,0.12,Rupee,0.12,Rupee,ACH,0,0.0015086179802119607
2022/09/01 13:11,327350,80A3B3CA0,227510,80A3B3A30,0.99,Rupee,0.99,Rupee,ACH,0,0.012446098336748675
2022/09/01 13:05,327953,80A766270,123651,80A75B090,0.16,Rupee,0.16,Rupee,ACH,0,0.002011490640282614
2022/09/01 13:22,327784,80A856B90,27673,80A825F30,1.41,Rupee,1.41,Rupee,ACH,0,0.017726261267490537
2022/09/01 13:01,328050,80AAEF3F0,223950,80AAEF440,0.24,Rupee,0.24,Rupee,ACH,0,0.0030172359604239214
2022/09/01 13:27,329450,80AC4C590,27673,80AC5D0E0,0.63,Rupee,0.63,Rupee,ACH,0,0.007920244396112794
2022/09/01 13:23,340694,80ED44580,27162,80ED45020,0.12,Rupee,0.12,Rupee,ACH,0,0.0015086179802119607
2022/09/01 13:28,332468,80BE82480,231975,80BE871C0,0.65,Ruble,0.65,Ruble,ACH,0,0.01076747229446552
2022/09/01 13:07,110,80F05C110,41019,80F05E480,0.18,Australian Dollar,0.18,Australian Dollar,Wire,0,0.12291723572794319
2022/09/01 13:18,41126,80F26DA10,42646,80FA076F0,0.62,Australian Dollar,0.62,Australian Dollar,ACH,0,0.4233815897295821
2022/09/01 13:25,349568,8129FA1B0,50453,8129FA640,0.01,Brazil Real,0.01,Brazil Real,ACH,0,0.0019303156066016792
2022/09/01 13:10,349738,812ED92D0,149034,812ED9920,0.01,Brazil Real,0.01,Brazil Real,ACH,0,0.0019303156066016792
2022/09/01 13:05,357403,814F607E0,54361,814F5E8D0,0.01,Swiss Franc,0.01,Swiss Franc,ACH,0,0.01020418575699752
2022/09/01 13:28,57466,815291C30,115,81529F500,2.94,Shekel,2.94,Shekel,Wire,0,0.8766959892649471
2022/09/01 13:27,57466,815313960,113,815C43D20,2.86,Shekel,2.86,Shekel,ACH,0,0.8528403160876695
2022/09/01 13:26,358472,81628E820,60184,81628E7D0,0.02,Shekel,0.02,Shekel,ACH,0,0.005963918294319368
2022/09/01 13:03,364016,81763C090,216,81763BCA0,0.11,Saudi Riyal,0.11,Saudi Riyal,ACH,0,0.029333333333333333
2022/09/01 13:04,363996,8178A18A0,263025,817AC94C0,0.02,Saudi Riyal,0.02,Saudi Riyal,ACH,0,0.005333333333333333
2022/09/01 13:29,65300,8187ABE20,164730,818DC4830,3.54,Saudi Riyal,3.54,Saudi Riyal,ACH,0,0.9440000000000001
2022/09/01 13:20,7,80C41B9B1,7,80C41B9B0,2e-06,Bitcoin,0.02,UK Pound,Wire,0,0.023182492581602373
2022/09/01 13:21,7,80C41B9B1,7,80C41B9B0,1.1e-05,Bitcoin,0.11,UK Pound,ACH,0,0.12750370919881304
2022/09/01 13:27,1231,805EFBA41,1231,805EFBA40,1e-06,Bitcoin,0.01,US Dollar,ACH,0,0.01
2022/09/01 13:16,134113,811A594D1,134113,811A594D0,2e-06,Bitcoin,0.03,US Dollar,Wire,0,0.03
2022/09/01 13:09,37146,8125CA831,37146,8125CA830,2e-06,Bitcoin,0.02,US Dollar,Wire,0,0.02
2022/09/01 13:03,37146,8125CA831,37146,8125CA830,3e-06,Bitcoin,0.03,US Dollar,ACH,0,0.03
2022/09/01 13:16,238352,813947EF1,238352,813947EF0,2e-06,Bitcoin,0.03,US Dollar,ACH,0,0.03
2022/09/01 13:09,238352,813947EF1,238352,813947EF0,1e-06,Bitcoin,0.01,US Dollar,ACH,0,0.01
2022/09/01 13:16,3533,804AD5281,3533,804AD5280,1.3e-05,Bitcoin,0.15,US Dollar,ACH,0,0.15
2022/09/01 13:03,18840,810929291,18840,810929290,1e-06,Bitcoin,0.01,US Dollar,ACH,0,0.01
2022/09/01 13:27,135035,80D120711,135035,80D120710,2e-06,Bitcoin,0.02,US Dollar,Wire,0,0.02
2022/09/01 13:16,21566,81868A501,21566,81868A500,1e-06,Bitcoin,0.01,US Dollar,ACH,0,0.01
2022/09/01 13:06,21566,81868A501,21566,81868A500,1e-06,Bitcoin,0.01,US Dollar,ACH,0,0.01
2022/09/01 13:19,4894,80B853B61,4894,80B853B60,1.9e-05,Bitcoin,0.23,US Dollar,ACH,0,0.23
2022/09/01 13:37,224,800158D80,1277,8019E0A60,0.08,US Dollar,0.08,US Dollar,ACH,0,0.08
2022/09/01 13:46,22086,8011FD3A0,5394,80458ADC0,0.16,US Dollar,0.16,US Dollar,ACH,0,0.16
2022/09/01 13:32,22031,8030C4240,15284,805D6D670,0.62,US Dollar,0.62,US Dollar,ACH,0,0.62
2022/09/01 13:39,35803,809AECFE0,18247,809AED740,0.04,US Dollar,0.04,US Dollar,ACH,0,0.04
2022/09/01 13:35,110777,805D46650,226659,80D8AA520,0.82,US Dollar,0.82,US Dollar,Wire,0,0.82
2022/09/01 13:57,328350,80F4472C0,223057,80F4132F0,0.01,US Dollar,0.01,US Dollar,ACH,0,0.01
2022/09/01 13:47,224,800B2F5B0,239440,810E5F360,0.23,US Dollar,0.23,US Dollar,ACH,0,0.23
2022/09/01 13:33,336147,811080040,336147,811080040,0.01,US Dollar,0.01,Canadian Dollar,ACH,0,0.0076103500761035
2022/09/01 13:51,316309,811083260,22185,8110831C0,0.01,US Dollar,0.01,US Dollar,ACH,0,0.01
2022/09/01 13:45,3597,809BD2AC0,139835,813967070,0.03,US Dollar,0.03,US Dollar,Wire,0,0.03
2022/09/01 13:52,354733,813EE0180,220729,813EDF830,0.32,US Dollar,0.32,US Dollar,ACH,0,0.32
2022/09/01 13:38,45261,812571B20,243246,814F775A0,0.01,US Dollar,0.01,US Dollar,ACH,0,0.01
2022/09/01 13:41,45261,812571B20,243246,814F775A0,0.01,US Dollar,0.01,US Dollar,Wire,0,0.01
2022/09/01 13:30,353562,81635F5A0,27175,81635F280,0.01,US Dollar,0.01,US Dollar,ACH,0,0.01
2022/09/01 13:47,228849,812D75480,23319,817720190,0.06,US Dollar,0.06,US Dollar,Wire,0,0.06
2022/09/01 13:49,374843,81B613BF0,49280,81B620450,0.01,US Dollar,0.01,US Dollar,ACH,0,0.01
2022/09/01 13:55,20,8001A3BB0,14,800278A90,0.38,Euro,0.38,Euro,ACH,0,0.3799240151969606
2022/09/01 13:59,425,80028DD80,425,801A36CB0,0.2,Euro,0.2,Euro,Wire,0,0.19996000799840033
2022/09/01 13:41,35456,80246FD40,1390,802484920,0.01,Euro,0.01,Euro,ACH,0,0.009998000399920017
2022/09/01 13:37,1595,802E2B0E0,11314,80C90BCE0,0.01,Euro,0.01,Euro,ACH,0,0.009998000399920017
2022/09/01 13:33,333831,812DDE140,333831,812DDE140,0.01,Euro,0.01,UK Pound,ACH,0,0.011591246290801186
2022/09/01 13:41,24455,807D7C280,18355,8149EAEC0,0.04,Euro,0.04,Euro,Wire,0,0.03999200159968007
2022/09/01 13:35,2557,8020083C0,29559,8150FA510,0.8,Euro,0.8,Euro,ACH,0,0.7998400319936013
2022/09/01 13:47,425,80C139750,19622,8150FADF0,0.52,Euro,0.52,Euro,Wire,0,0.5198960207958409
2022/09/01 13:32,2557,8031147C0,233908,816EE3AE0,0.05,Euro,0.05,Euro,Wire,0,0.04999000199960008
2022/09/01 13:51,25384,814BFB2D0,144292,818EA0A30,0.84,Euro,0.84,Euro,ACH,0,0.8398320335932813
2022/09/01 13:45,25384,814BFB2D0,144292,818EA0A30,0.19,Euro,0.19,Euro,Wire,0,0.1899620075984803
2022/09/01 13:50,341878,819BB3000,341878,819BB3000,0.02,Euro,0.03,Australian Dollar,ACH,0,0.020486205954657197
2022/09/01 13:58,15,800073410,7080,802BBFCD0,1.93,Yuan,1.93,Yuan,ACH,0,0.2797101449275362
2022/09/01 13:31,15168,8029396F0,11,80372F580,0.46,Yuan,0.46,Yuan,Wire,0,0.06666666666666667
2022/09/01 13:47,692,801712560,15168,803753F50,0.48,Yuan,0.48,Yuan,ACH,0,0.06956521739130433
2022/09/01 13:31,312656,80495AA40,110265,80495B6E0,0.02,Yuan,0.02,Yuan,ACH,0,0.002898550724637681
2022/09/01 13:30,312972,804AF94D0,29867,804B312D0,0.01,Yuan,0.01,Yuan,ACH,0,0.0014492753623188406
2022/09/01 13:57,313390,804D53730,210091,804D53690,0.01,Yuan,0.01,Yuan,ACH,0,0.0014492753623188406
2022/09/01 13:32,312738,804EA2F60,11016,804EA0490,0.01,Yuan,0.01,Yuan,ACH,0,0.0014492753623188406
2022/09/01 13:56,211204,804D8ED30,111425,804EEFCE0,4.31,Yuan,4.31,Yuan,Wire,0,0.6246376811594202
2022/09/01 13:59,311032,8067B6890,19836,8067B67F0,0.04,Yen,0.04,Yen,ACH,0,0.00028706760442084113
2022/09/01 13:45,319790,8072BE2F0,26,8072BDB70,0.02,Rupee,0.02,Rupee,ACH,0,0.00025143633003532677
2022/09/01 13:37,323664,8089B1190,2,8089B0770,1.06,Rupee,1.06,Rupee,ACH,0,0.01332612549187232
2022/09/01 13:52,72,808F3F470,224257,80A5EDDB0,31.71,Rupee,31.71,Rupee,Wire,0,0.39865230127101065
2022/09/01 13:45,16,80B4C3610,131036,80BE5C2F0,24.42,Ruble,24.42,Ruble,Wire,0,0.40452565143207386
2022/09/01 13:55,332775,80BEB32A0,23,80BEB25C0,0.2,Ruble,0.2,Ruble,ACH,0,0.003313068398297083
2022/09/01 13:58,135558,80D1E4290,235676,80D3F4E90,0.63,Canadian Dollar,0.63,Canadian Dollar,Wire,0,0.4794520547945205
2022/09/01 13:55,235676,80D52FA20,235889,80D7E3D70,1.12,Canadian Dollar,1.12,Canadian Dollar,Wire,0,0.8523592085235921
2022/09/01 13:45,41019,80F197940,41019,80F2D5ED0,0.22,Australian Dollar,0.22,Australian Dollar,ACH,0,0.15023217700081945
2022/09/01 13:41,341977,80F3506D0,40904,80F34EC60,0.01,Australian Dollar,0.01,Australian Dollar,ACH,0,0.006828735318219066
2022/09/01 13:52,342720,80FE39380,40989,80FE3E6E0,0.01,Australian Dollar,0.01,Australian Dollar,ACH,0,0.006828735318219066
2022/09/01 13:31,113,810DA51B0,1135,810F32FB0,3.75,Mexican Peso,3.75,Mexican Peso,ACH,0,0.1857447124671851
2022/09/01 13:31,19,810D814A0,1135,8112EAB50,6.05,Mexican Peso,6.05,Mexican Peso,Wire,0,0.2996681361137253
2022/09/01 13:56,349667,8126E0D70,49865,8126E1EC0,0.03,Brazil Real,0.03,Brazil Real,ACH,0,0.005790946819805037
2022/09/01 13:34,49411,8128D9C10,249585,812F88870,4.5,Brazil Real,4.5,Brazil Real,ACH,0,0.8686420229707557
2022/09/01 13:56,352095,812FF3EC0,50901,812FCBEB0,0.12,Brazil Real,0.12,Brazil Real,ACH,0,0.02316378727922015
2022/09/01 13:49,52788,8135EBA90,52914,8139FE1B0,0.52,Swiss Franc,0.52,Swiss Franc,ACH,0,0.5306176593638711
2022/09/01 13:42,117105,8119C39E0,117105,8119C39E0,1.89,Saudi Riyal,0.43,Euro,ACH,0,0.4299140171965607
2022/09/01 13:42,117105,8119C39E0,115,818D700A0,1.89,Saudi Riyal,1.89,Saudi Riyal,Wire,0,0.504
2022/09/01 13:58,157989,816C1B5B1,157989,816C1B5B0,7e-05,Bitcoin,0.84,US Dollar,ACH,0,0.84
2022/09/01 13:47,226851,816B97391,226851,816B97390,3e-06,Bitcoin,0.04,US Dollar,ACH,0,0.04
2022/09/01 13:30,226851,816B97391,226851,816B97390,1.1e-05,Bitcoin,0.13,US Dollar,Wire,0,0.13
2022/09/01 13:38,29264,80AF38BD1,29264,80AF38BD0,1e-06,Bitcoin,0.02,US Dollar,ACH,0,0.02
2022/09/01 13:44,29264,80AF38BD1,29264,80AF38BD0,4e-06,Bitcoin,0.05,US Dollar,ACH,0,0.05
2022/09/01 13:36,1639,8015BE3C1,1639,8015BE3C0,2e-06,Bitcoin,0.02,US Dollar,ACH,0,0.02
2022/09/01 14:11,1231,80019AFA0,1639,8004B1570,0.12,US Dollar,0.12,US Dollar,ACH,0,0.12
2022/09/01 14:24,20,800223E30,394,801E626D0,0.52,US Dollar,0.52,US Dollar,ACH,0,0.52
2022/09/01 14:23,23319,8013DF450,1439,802D603D0,0.57,US Dollar,0.57,US Dollar,ACH,0,0.57
2022/09/01 14:21,1422,8014D18C0,13703,8030F2990,0.17,US Dollar,0.17,US Dollar,Wire,0,0.17
2022/09/01 14:29,9976,803CBB860,9976,803CBB860,0.04,US Dollar,0.28,Yuan,ACH,0,0.04057971014492754
2022/09/01 14:29,9976,803CBB860,2196,806246440,0.04,US Dollar,0.04,US Dollar,Wire,0,0.04
2022/09/01 14:12,21566,80760A940,3389,8078DDDB0,0.95,US Dollar,0.95,US Dollar,ACH,0,0.95
2022/09/01 14:02,12702,805E5C7D0,19182,80957A770,0.18,US Dollar,0.18,US Dollar,Wire,0,0.18
2022/09/01 14:17,4,8062101E0,4,8062101E0,1.1,US Dollar,115.89,Yen,ACH,0,0.8317066169082818
2022/09/01 14:26,320597,80DAD7C50,126883,80DAA39E0,0.01,US Dollar,0.01,US Dollar,ACH,0,0.01
2022/09/01 14:05,1217,808DFFEB0,21246,8113AC280,0.1,US Dollar,0.1,US Dollar,Wire,0,0.1
2022/09/01 14:26,11265,8037A45A0,18493,811F61D20,0.97,US Dollar,0.97,US Dollar,Wire,0,0.97
2022/09/01 14:07,350219,812562310,5617,812566F30,0.01,US Dollar,0.01,US Dollar,ACH,0,0.01
2022/09/01 14:29,18081,804398770,31373,8143F0580,0.7,US Dollar,0.7,US Dollar,ACH,0,0.7
2022/09/01 14:21,10311,80D95E8F0,10311,80D95E8F0,0.9,US Dollar,6.04,Yuan,ACH,0,0.8753623188405797
2022/09/01 14:21,10311,80D95E8F0,152972,8186AFB40,0.9,US Dollar,0.9,US Dollar,ACH,0,0.9
2022/09/01 14:07,10311,80D95E8F0,10311,80D95E8F0,0.95,US Dollar,6.35,Yuan,ACH,0,0.9202898550724636
2022/09/01 14:07,10311,80D95E8F0,152972,8186AFB40,0.95,US Dollar,0.95,US Dollar,Wire,0,0.95
2022/09/01 14:08,5206,806302F50,212730,819C49A10,0.1,US Dollar,0.1,US Dollar,Wire,0,0.1
2022/09/01 14:17,1807,815196330,171007,81AE180F0,0.33,US Dollar,0.33,US Dollar,Wire,0,0.33
2022/09/01 14:01,14,8002AE940,14,800449680,0.08,Euro,0.08,Euro,ACH,0,0.07998400319936014
2022/09/01 14:02,14,8002AE940,14,800449680,0.45,Euro,0.45,Euro,Wire,0,0.44991001799640074
2022/09/01 14:09,34108,8018033A0,11,801802F00,0.01,Euro,0.01,Euro,ACH,0,0.009998000399920017
2022/09/01 14:13,35456,801FA0250,423,801FA1C30,0.04,Euro,0.04,Euro,ACH,0,0.03999200159968007
2022/09/01 14:08,2557,801320290,3,80254E010,0.39,Euro,0.39,Euro,ACH,0,0.38992201559688067
2022/09/01 14:24,27868,802FFAB40,7058,8053A7230,0.04,Euro,0.04,Euro,ACH,0,0.03999200159968007
2022/09/01 14:10,27868,802FFAB40,7058,8053A7230,0.01,Euro,0.01,Euro,Wire,0,0.009998000399920017
2022/09/01 14:29,38548,805B7E250,215112,801BA1750,0.01,Euro,0.01,Euro,ACH,0,0.009998000399920017
2022/09/01 14:18,323557,8088F7B20,17289,8088EB090,0.02,Euro,0.02,Euro,ACH,0,0.019996000799840034
2022/09/01 14:25,15461,80D166940,225312,80E2FB9F0,0.89,Euro,0.89,Euro,ACH,0,0.8898220355928814
2022/09/01 14:16,15461,80D166940,225312,80E2FB9F0,0.42,Euro,0.42,Euro,Wire,0,0.41991601679664065
2022/09/01 14:06,29640,8080853B0,29640,8080853B0,0.24,Euro,29.31,Yen,ACH,0,0.2103487871393713
2022/09/01 14:06,29640,8080853B0,130803,8106CB500,0.24,Euro,0.24,Euro,ACH,0,0.23995200959808038
2022/09/01 14:00,29640,8080853B0,29640,8080853B0,0.46,Euro,56.21,Yen,ACH,0,0.40340175111238696
2022/09/01 14:00,29640,8080853B0,130803,8106CB500,0.46,Euro,0.46,Euro,Wire,0,0.4599080183963208
2022/09/01 14:16,122416,810F39160,15763,811D0F140,0.21,Euro,0.21,Euro,ACH,0,0.20995800839832032
2022/09/01 14:20,2293,80587A2D0,47801,813687100,0.29,Euro,0.29,Euro,Wire,0,0.28994201159768046
2022/09/01 14:20,348684,815C96380,12503,815CA1680,0.01,Euro,0.01,Euro,ACH,0,0.009998000399920017
2022/09/01 14:15,15885,80222A2B0,692,802C14830,5.15,Yuan,5.15,Yuan,ACH,0,0.7463768115942029
2022/09/01 14:03,15885,80222A2B0,692,802C14830,5.24,Yuan,5.24,Yuan,Wire,0,0.7594202898550725
2022/09/01 14:00,310797,803E6DD90,110593,803E68BB0,0.05,Yuan,0.05,Yuan,ACH,0,0.007246376811594203
2022/09/01 14:17,312780,8049FAB10,210796,804A03F40,0.01,Yuan,0.01,Yuan,ACH,0,0.0014492753623188406
2022/09/01 14:20,310085,804B3C320,11,804B3C280,0.04,Yuan,0.04,Yuan,ACH,0,0.005797101449275362
2022/09/01 14:05,7082,804FFE610,7080,809B9BB20,6.8,Yuan,6.8,Yuan,ACH,0,0.9855072463768115
2022/09/01 14:13,7082,804FFE610,7080,809B9BB20,3.38,Yuan,3.38,Yuan,Wire,0,0.4898550724637681
2022/09/01 14:02,310754,81965FC10,115329,81965FCB0,0.01,Yuan,0.01,Yuan,ACH,0,0.0014492753623188406
2022/09/01 14:16,317400,8067F7940,29572,8067F6E70,0.17,Yen,0.17,Yen,ACH,0,0.0012200373187885747
2022/09/01 14:24,322247,80814FD40,21461,808150570,0.03,Yen,0.03,Yen,ACH,0,0.0002153007033156308
2022/09/01 14:19,320935,808296740,118066,808297130,0.03,Yen,0.03,Yen,ACH,0,0.0002153007033156308
2022/09/01 14:06,310659,80868BB30,21334,808785F80,0.03,Yen,0.03,Yen,ACH,0,0.0002153007033156308
2022/09/01 14:15,323728,809079150,23544,809073EA0,0.56,Rupee,0.56,Rupee,ACH,0,0.007040217240989151
2022/09/01 14:20,325006,8093E5520,124503,8093FDB80,0.07,Rupee,0.07,Rupee,ACH,0,0.0008800271551236439
2022/09/01 14:02,326100,809AF9D90,226119,809AF99D0,0.01,Rupee,0.01,Rupee,ACH,0,0.00012571816501766338
2022/09/01 14:28,326970,80A2FA970,225848,80A3034D0,0.02,Rupee,0.02,Rupee,ACH,0,0.00025143633003532677
2022/09/01 14:29,324029,80A5C7100,5,80A5C5330,0.47,Rupee,0.47,Rupee,ACH,0,0.005908753755830179
2022/09/01 14:24,18,80B084C60,230595,80B5152E0,0.87,Ruble,0.87,Ruble,ACH,0,0.01441184753259231
2022/09/01 14:12,331150,80BED5B30,232081,80BED5A90,0.04,Ruble,0.04,Ruble,ACH,0,0.0006626136796594166
2022/09/01 14:03,332826,80BFFEA60,31879,80BFFF630,0.02,Ruble,0.02,Ruble,ACH,0,0.0003313068398297083
2022/09/01 14:27,337373,80E152C60,136311,80E45CA30,0.04,Canadian Dollar,0.04,Canadian Dollar,ACH,0,0.030441400304414
2022/09/01 14:03,41348,80FE32B20,143711,8108BF9E0,0.45,Australian Dollar,0.45,Australian Dollar,Wire,0,0.307293089319858
2022/09/01 14:01,349182,8122DDA60,10,8122EAF40,0.01,Brazil Real,0.01,Brazil Real,ACH,0,0.0019303156066016792
2022/09/01 14:03,49411,8128ABAA0,149108,812F66640,0.18,Brazil Real,0.18,Brazil Real,Wire,0,0.03474568091883023
2022/09/01 14:04,153607,813CEB690,53736,813E5CFD0,0.79,Swiss Franc,0.79,Swiss Franc,ACH,0,0.8061306748028041
2022/09/01 14:12,157948,8158642C0,160008,815FDEF70,0.95,Shekel,0.95,Shekel,Wire,0,0.28328611898017
2022/09/01 14:23,113,8000D1DE0,157900,8159AB3C0,1.48,Shekel,1.48,Shekel,Wire,0,0.44132995377963324
2022/09/01 14:23,12307,804A176B1,12307,804A176B0,8.5e-05,Bitcoin,6.77,Yuan,ACH,0,0.9811594202898549
2022/09/01 14:25,12307,804A176B1,12307,804A176B0,3e-06,Bitcoin,0.26,Yuan,Wire,0,0.03768115942028986
2022/09/01 14:25,217717,80A557671,217717,80A557670,1e-06,Bitcoin,0.02,US Dollar,ACH,0,0.02
2022/09/01 14:25,217717,80A557671,217717,80A557670,4e-06,Bitcoin,0.05,US Dollar,ACH,0,0.05
2022/09/01 14:02,233829,8154AFDD1,233829,8154AFDD0,4e-06,Bitcoin,0.04,US Dollar,ACH,0,0.04
2022/09/01 14:01,233829,8154AFDD1,233829,8154AFDD0,3e-06,Bitcoin,0.04,US Dollar,Wire,0,0.04
2022/09/01 14:06,24317,80319DEF1,24317,80319DEF0,1.2e-05,Bitcoin,0.15,US Dollar,ACH,0,0.15
2022/09/01 14:10,24317,80319DEF1,24317,80319DEF0,2.3e-05,Bitcoin,0.27,US Dollar,Wire,0,0.27
2022/09/01 14:15,113213,81712B1E1,113213,81712B1E0,9e-06,Bitcoin,0.1,US Dollar,Wire,0,0.1
2022/09/01 14:23,113213,81712B1E1,113213,81712B1E0,2e-05,Bitcoin,0.24,US Dollar,Wire,0,0.24
2022/09/01 14:03,13703,813B02F71,13703,813B02F70,6.7e-05,Bitcoin,0.79,US Dollar,ACH,0,0.79
2022/09/01 14:19,13703,813B02F71,13703,813B02F70,8.1e-05,Bitcoin,0.97,US Dollar,Wire,0,0.97
2022/09/01 14:29,13703,813B02F71,13703,813B02F70,3.2e-05,Bitcoin,0.38,US Dollar,ACH,0,0.38
2022/09/01 14:54,31047,800731730,11255,8007317D0,0.01,US Dollar,0.01,US Dollar,ACH,0,0.01
2022/09/01 14:36,32516,801BB18F0,22364,801BB18A0,0.03,US Dollar,0.03,US Dollar,ACH,0,0.03
2022/09/01 14:53,11,800191AD0,211374,80510A790,0.89,US Dollar,0.89,US Dollar,Wire,0,0.89
2022/09/01 14:36,1394,8002870A0,219054,8074EF7C0,0.04,US Dollar,0.04,US Dollar,Wire,0,0.04
2022/09/01 14:54,16263,804D6F220,19561,8075DBDA0,0.28,US Dollar,0.28,US Dollar,ACH,0,0.28
2022/09/01 14:44,317574,8050E8160,19589,807DE9010,0.01,US Dollar,0.01,US Dollar,ACH,0,0.01
2022/09/01 14:41,326053,80AB1A650,326053,80AB1A650,0.04,US Dollar,2.95,Ruble,ACH,0,0.04886775887488198
2022/09/01 14:37,1439,800A61310,1812,80C2FD3F0,0.08,US Dollar,0.08,US Dollar,Wire,0,0.08
2022/09/01 14:51,15786,806B92710,21260,80CAC0620,0.44,US Dollar,0.44,US Dollar,ACH,0,0.44
2022/09/01 14:57,8106,8043AA550,12966,811129F40,0.71,US Dollar,0.71,US Dollar,Wire,0,0.71
2022/09/01 14:58,210091,8042A7C70,210091,8042A7C70,0.03,US Dollar,0.19,Yuan,ACH,0,0.02753623188405797
2022/09/01 14:40,210091,8042A7C70,210091,8042A7C70,0.04,US Dollar,0.28,Yuan,ACH,0,0.04057971014492754
2022/09/01 14:30,13703,806CA8550,28195,8121EF0E0,0.72,US Dollar,0.72,US Dollar,ACH,0,0.72
2022/09/01 14:42,13703,806CA8550,28195,8121EF0E0,0.68,US Dollar,0.68,US Dollar,Wire,0,0.68
2022/09/01 14:39,22435,810638A50,3653,812838920,0.73,US Dollar,0.73,US Dollar,Wire,0,0.73
2022/09/01 14:52,118699,80847B9C0,21130,8137D1B40,0.24,US Dollar,0.24,US Dollar,Wire,0,0.24
2022/09/01 14:42,5033,80D62C110,119973,814733D00,0.42,US Dollar,0.42,US Dollar,Wire,0,0.42
2022/09/01 14:39,2860,800681BA0,126413,8159C4330,0.53,US Dollar,0.53,US Dollar,ACH,0,0.53
2022/09/01 14:47,1217,800A54140,146287,816BED920,0.72,US Dollar,0.72,US Dollar,ACH,0,0.72
2022/09/01 14:55,1217,800A54140,146287,816BED920,0.02,US Dollar,0.02,US Dollar,Wire,0,0.02
2022/09/01 14:38,134720,818468B00,264643,8185EEE60,0.27,US Dollar,0.27,US Dollar,ACH,0,0.27
2022/09/01 14:35,367731,81BE1A5C0,4790,81BE14E50,0.05,US Dollar,0.05,US Dollar,ACH,0,0.05
2022/09/01 14:41,32032,800F0F430,1390,800F0EEE0,0.01,Euro,0.01,Euro,ACH,0,0.009998000399920017
2022/09/01 14:57,313498,804DF4FB0,692,804DF4600,0.02,Yuan,0.02,Yuan,ACH,0,0.002898550724637681
2022/09/01 14:31,27,8028C83E0,229822,80FA22A40,6.42,Yuan,6.42,Yuan,ACH,0,0.9304347826086956
2022/09/01 14:30,375208,81B82E1D0,210858,81B8CDFD0,0.01,Yuan,0.01,Yuan,ACH,0,0.0014492753623188406
2022/09/01 14:41,375320,81B9055D0,13413,81B905F80,0.04,Yuan,0.04,Yuan,ACH,0,0.005797101449275362
2022/09/01 14:42,319793,808E5DEE0,23642,808E5DE40,0.01,Rupee,0.01,Rupee,ACH,0,0.00012571816501766338
2022/09/01 14:34,24816,80977CEA0,23642,8097BF7A0,9.77,Rupee,9.77,Rupee,Wire,0,0.12282664722225713
2022/09/01 14:54,325942,809FDC1B0,124503,809FDABF0,13.6,Rupee,13.6,Rupee,ACH,0,0.1709767044240222
2022/09/01 14:31,26169,809C91C70,127170,80A80D310,41.6,Rupee,41.6,Rupee,Wire,0,0.5229875664734798
2022/09/01 14:31,332569,80EADB1C0,332569,80EADB1C0,0.43,Rupee,0.46,Ruble,ACH,0,0.007620057316083291
2022/09/01 14:31,332569,80EADB1C0,128566,80EADA390,0.43,Rupee,0.43,Rupee,ACH,0,0.005405881095759526
2022/09/01 14:42,27,80ACF4B10,18,80AFA8890,40.8,Ruble,40.8,Ruble,Wire,0,0.6758659532526049
2022/09/01 14:36,36096,80DEC79C0,17,80E3C2870,1.1,Canadian Dollar,1.1,Canadian Dollar,Wire,0,0.8371385083713851
2022/09/01 14:53,336523,80E708F70,238669,80E7087D0,0.05,Canadian Dollar,0.05,Canadian Dollar,ACH,0,0.0380517503805175
2022/09/01 14:50,11,811E5C430,248756,81266F260,0.12,Brazil Real,0.12,Brazil Real,ACH,0,0.02316378727922015
2022/09/01 14:45,353309,813BEB970,52914,813B3A0F0,0.01,Swiss Franc,0.01,Swiss Franc,ACH,0,0.01020418575699752
2022/09/01 14:53,1199,8000D86B0,213,81549E3C0,0.83,Shekel,0.83,Shekel,ACH,0,0.24750260921425377
2022/09/01 14:56,14,815A33FB0,58138,815E58720,0.03,Shekel,0.03,Shekel,Wire,0,0.008945877441479051
2022/09/01 14:59,217862,80D464061,217862,80D464060,6.7e-05,Bitcoin,0.79,US Dollar,ACH,0,0.79
2022/09/01 15:15,3695,80268CDA0,16456,802691130,0.01,US Dollar,0.01,US Dollar,ACH,0,0.01
2022/09/01 15:23,38905,803342520,3718,803342480,0.03,US Dollar,0.03,US Dollar,ACH,0,0.03
2022/09/01 15:19,313023,804B6B910,11701,804B6AFF0,0.01,US Dollar,0.01,US Dollar,ACH,0,0.01
2022/09/01 15:24,15355,8030F6060,13395,805FCB1A0,0.19,US Dollar,0.19,US Dollar,Wire,0,0.19
2022/09/01 15:16,11255,803620380,110777,8060F4C70,0.64,US Dollar,0.64,US Dollar,Wire,0,0.64
2022/09/01 15:27,13,805A0C250,13,805A0C250,0.59,US Dollar,61.7,Yen,ACH,0,0.4428017798191474
2022/09/01 15:24,4,808000750,4,808000750,0.24,US Dollar,24.78,Yen,ACH,0,0.17783838093871107
2022/09/01 15:21,4,808000750,4,808000750,0.15,US Dollar,16.0,Yen,ACH,0,0.11482704176833644
2022/09/01 15:25,4,808000750,4,808000750,0.22,US Dollar,23.29,Yen,ACH,0,0.16714511267403473
2022/09/01 15:25,4,808000750,16679,80B1E9130,0.22,US Dollar,0.22,US Dollar,Wire,0,0.22
2022/09/01 15:20,323391,80C777120,4894,80C777080,0.01,US Dollar,0.01,US Dollar,ACH,0,0.01
2022/09/01 15:23,217717,80A201880,36392,80D94E280,0.77,US Dollar,0.77,US Dollar,Wire,0,0.77
2022/09/01 15:20,319744,81100D310,226436,81100CEB0,0.01,US Dollar,0.01,US Dollar,ACH,0,0.01
2022/09/01 15:05,5572,80F40F530,43217,8118F1FE0,0.37,US Dollar,0.37,US Dollar,Wire,0,0.37
2022/09/01 15:04,11016,8042B0710,11016,8042B0710,0.41,US Dollar,2.76,Yuan,ACH,0,0.39999999999999997
2022/09/01 15:04,1638,803EB3F30,212996,8144372E0,0.98,US Dollar,0.98,US Dollar,Wire,0,0.98
2022/09/01 15:25,362434,816CB7990,26179,816CB6E70,0.01,US Dollar,0.01,US Dollar,ACH,0,0.01
2022/09/01 15:26,344856,817C30EF0,22595,817C2DCB0,0.01,US Dollar,0.01,US Dollar,ACH,0,0.01
2022/09/01 15:29,322400,819858C60,66573,819858DA0,0.24,US Dollar,0.24,US Dollar,ACH,0,0.24
2022/09/01 15:14,341696,80F1AA5E0,5981,80F1AA450,0.01,Euro,0.01,Euro,ACH,0,0.009998000399920017
2022/09/01 15:07,27436,805AF1370,25304,811B49F40,0.7,Euro,0.7,Euro,ACH,0,0.6998600279944011
2022/09/01 15:27,10073,803B43050,113804,8085CDE20,0.76,Yuan,0.76,Yuan,ACH,0,0.11014492753623188
2022/09/01 15:24,315908,805B58490,29640,805B5FF30,0.06,Yen,0.06,Yen,ACH,0,0.0004306014066312616
2022/09/01 15:03,317955,8067BD640,215278,8067BDEB0,0.56,Yen,0.56,Yen,ACH,0,0.0040189464618917755
2022/09/01 15:05,317110,8068B6790,17380,8068A48C0,0.18,Yen,0.18,Yen,ACH,0,0.001291804219893785
2022/09/01 15:19,320813,8078B51D0,13,8078B1A10,2.69,Yen,2.69,Yen,ACH,0,0.019305296397301563
2022/09/01 15:27,29592,8059B3700,117284,815700F30,89.84,Yen,89.84,Yen,Wire,0,0.6447538395292092
2022/09/01 15:19,29592,8045973F0,122538,81573F0D0,56.92,Yen,56.92,Yen,ACH,0,0.4084972010908569
2022/09/01 15:14,323826,808B82620,23544,808B770C0,0.08,Rupee,0.08,Rupee,ACH,0,0.001005745320141307
2022/09/01 15:27,223281,808E384F0,124592,80925A0F0,21.25,Rupee,21.25,Rupee,Wire,0,0.2671511006625347
2022/09/01 15:28,325226,80A6FB6D0,23494,80A6FB810,0.02,Rupee,0.02,Rupee,ACH,0,0.00025143633003532677
2022/09/01 15:24,325140,80A7E5FF0,225095,80A7DFB30,0.02,Rupee,0.02,Rupee,ACH,0,0.00025143633003532677
2022/09/01 15:21,123824,809F1B4B0,27037,80A8799B0,53.31,Rupee,53.31,Rupee,Wire,0,0.6702035377091635
2022/09/01 15:24,323151,80AB61270,323151,80AB61270,0.04,Rupee,0.06,Yen,ACH,0,0.0004306014066312616
2022/09/01 15:16,340552,80EB2A330,228569,80EAD7940,0.01,Rupee,0.01,Rupee,ACH,0,0.00012571816501766338
2022/09/01 15:28,346374,81104AFB0,245681,81103A0B0,0.01,Mexican Peso,0.01,Mexican Peso,ACH,0,0.000495319233245827
2022/09/01 15:15,349514,8124CD1A0,149805,8124CF9D0,0.01,Brazil Real,0.01,Brazil Real,ACH,0,0.0019303156066016792
2022/09/01 15:19,149453,812347B50,149891,8125C9380,0.97,Brazil Real,0.97,Brazil Real,ACH,0,0.1872406138403629
2022/09/01 15:18,157948,81546AC60,259116,815C3D7E0,3.33,Shekel,3.33,Shekel,ACH,0,0.9929923960041748
2022/09/01 15:20,359834,816C51A90,258461,816C519A0,0.03,Shekel,0.03,Shekel,ACH,0,0.008945877441479051
2022/09/01 15:07,364712,818D3E220,67606,818D3E090,0.02,Saudi Riyal,0.02,Saudi Riyal,ACH,0,0.005333333333333333
2022/09/01 15:10,265175,818C49230,66761,8193BF740,2.83,Saudi Riyal,2.83,Saudi Riyal,Wire,0,0.7546666666666667
2022/09/01 15:05,4894,807E41661,4894,807E41660,7e-06,Bitcoin,0.08,US Dollar,ACH,0,0.08
2022/09/01 15:09,4894,807E41661,4894,807E41660,3e-06,Bitcoin,0.04,US Dollar,ACH,0,0.04
2022/09/01 15:24,11222,80FC192D1,11222,80FC192D0,6.9e-05,Bitcoin,0.81,US Dollar,ACH,0,0.81
2022/09/01 15:03,11495,816EC45C1,11495,816EC45C0,2e-06,Bitcoin,0.03,US Dollar,ACH,0,0.03
2022/09/01 15:22,11495,816EC45C1,11495,816EC45C0,1e-06,Bitcoin,0.02,US Dollar,ACH,0,0.02
2022/09/01 15:43,1394,80037DDE0,11265,801021460,0.52,US Dollar,0.52,US Dollar,ACH,0,0.52
2022/09/01 15:41,32167,8056AA110,110777,8056AAFD0,0.01,US Dollar,0.01,US Dollar,ACH,0,0.01
2022/09/01 15:31,23319,804604310,28932,805FE0BC0,0.91,US Dollar,0.91,US Dollar,Wire,0,0.91
2022/09/01 15:34,35795,8068A17F0,214000,8068A1840,0.01,US Dollar,0.01,US Dollar,ACH,0,0.01
2022/09/01 15:44,315085,80759E4F0,29158,80759E990,0.01,US Dollar,0.01,US Dollar,ACH,0,0.01
2022/09/01 15:39,324251,809D66E00,210700,809D70400,0.01,US Dollar,0.01,US Dollar,ACH,0,0.01
2022/09/01 15:38,339341,80E3B6620,24317,80E3B67F0,0.03,US Dollar,0.03,US Dollar,ACH,0,0.03
2022/09/01 15:40,1291,80F0FDC70,227639,80F8B8A80,0.07,US Dollar,0.07,US Dollar,ACH,0,0.07
2022/09/01 15:45,110777,80B3A8D10,132021,810C53850,0.16,US Dollar,0.16,US Dollar,ACH,0,0.16
2022/09/01 15:46,110777,80B3A8D10,132021,810C53850,0.01,US Dollar,0.01,US Dollar,Wire,0,0.01
2022/09/01 15:45,222559,80B11D040,236628,813B15A40,0.09,US Dollar,0.09,US Dollar,ACH,0,0.09
2022/09/01 15:54,9715,812969770,16584,8148A9E80,0.93,US Dollar,0.93,US Dollar,Wire,0,0.93
2022/09/01 15:59,115114,80F3A90B0,136393,8155FB800,0.01,US Dollar,0.01,US Dollar,ACH,0,0.01
2022/09/01 15:42,214527,80F1CF880,18656,8157D2230,0.54,US Dollar,0.54,US Dollar,ACH,0,0.54
2022/09/01 15:45,322575,816E00500,113002,816DFDC70,0.01,US Dollar,0.01,US Dollar,ACH,0,0.01
2022/09/01 15:37,335887,817C3BFC0,213123,817C3ED70,0.01,US Dollar,0.01,US Dollar,ACH,0,0.01
2022/09/01 15:32,366647,8186593C0,155177,818663070,0.01,US Dollar,0.01,US Dollar,ACH,0,0.01
2022/09/01 15:42,3546,8010BAF10,600,801045B40,0.02,Euro,0.02,Euro,ACH,0,0.019996000799840034
2022/09/01 15:33,498,800A758E0,1768,801FFFA00,0.41,Euro,0.41,Euro,ACH,0,0.40991801639672065
2022/09/01 15:51,32597,802889750,25788,80288ED70,0.61,Euro,0.61,Euro,ACH,0,0.609878024395121
2022/09/01 15:51,18491,8040B6430,6269,80505B070,0.84,Euro,0.84,Euro,Wire,0,0.8398320335932813
2022/09/01 15:53,18491,807D43070,6269,808D34900,0.02,Euro,0.02,Euro,ACH,0,0.019996000799840034
2022/09/01 15:44,24027,80A6315B0,28930,80ACC2640,0.56,Euro,0.56,Euro,Wire,0,0.5598880223955209
2022/09/01 15:42,14652,801AAC360,17059,80B5EEFB0,0.8,Euro,0.8,Euro,ACH,0,0.7998400319936013
2022/09/01 15:52,12274,801111DE0,12386,80B65AAA0,0.06,Euro,0.06,Euro,Wire,0,0.059988002399520096
2022/09/01 15:46,1835,801593050,24455,80D46F0A0,0.22,Euro,0.22,Euro,ACH,0,0.21995600879824037
2022/09/01 15:59,1835,801593050,24455,80D46F0A0,0.43,Euro,0.43,Euro,Wire,0,0.4299140171965607
2022/09/01 15:38,24070,80AEF9550,25788,80DB3EE00,0.39,Euro,0.39,Euro,ACH,0,0.38992201559688067
2022/09/01 15:58,23726,802257790,125589,80E46C510,0.95,Euro,0.95,Euro,ACH,0,0.9498100379924015
2022/09/01 15:52,311619,805482F80,19970,8054AEAC0,0.04,Yuan,0.04,Yuan,ACH,0,0.005797101449275362
2022/09/01 15:54,17213,805484530,7080,815BB5770,6.7,Yuan,6.7,Yuan,ACH,0,0.9710144927536232
2022/09/01 15:44,315529,806958900,15745,80665D3D0,0.03,Yen,0.03,Yen,ACH,0,0.0002153007033156308
2022/09/01 15:37,319174,8071933A0,215278,8071933F0,0.02,Yen,0.02,Yen,ACH,0,0.00014353380221042057
2022/09/01 15:37,322326,8081B4F00,21886,8081B3BF0,0.11,Yen,0.11,Yen,ACH,0,0.000789435912157313
2022/09/01 15:49,123568,8089D6AB0,72,808E7D3A0,57.33,Rupee,57.33,Rupee,ACH,0,0.7207422400462642
2022/09/01 15:32,324104,8090868A0,24202,809086A30,0.02,Rupee,0.02,Rupee,ACH,0,0.00025143633003532677
2022/09/01 15:31,326644,80A707FE0,23642,80A708EA0,0.03,Rupee,0.03,Rupee,ACH,0,0.0003771544950529902
2022/09/01 15:54,340701,80EBF8D80,25892,80EBF8D30,0.03,Rupee,0.03,Rupee,ACH,0,0.0003771544950529902
2022/09/01 15:56,340898,80ED1B520,127412,80ED127D0,0.02,Rupee,0.02,Rupee,ACH,0,0.00025143633003532677
2022/09/01 15:53,330193,80BEC7550,232081,80BEC8200,0.32,Ruble,0.32,Ruble,ACH,0,0.005300909437275333
2022/09/01 15:30,331135,80C0838D0,232452,80C083DD0,0.12,Ruble,0.12,Ruble,ACH,0,0.0019878410389782496
2022/09/01 15:39,332530,80C0A9580,132849,80C0A8A80,0.04,Ruble,0.04,Ruble,ACH,0,0.0006626136796594166
2022/09/01 15:47,36096,80DF72E20,136424,80E2538A0,1.14,Canadian Dollar,1.14,Canadian Dollar,ACH,0,0.8675799086757989
2022/09/01 15:40,338853,80E2A7460,136136,80E2B0800,0.01,Canadian Dollar,0.01,Canadian Dollar,ACH,0,0.0076103500761035
2022/09/01 15:40,142114,80F78CFE0,41916,80FE64A90,0.59,Australian Dollar,0.59,Australian Dollar,Wire,0,0.4028953837749249
2022/09/01 15:34,14,810BEFBF0,19,810DCC060,14.39,Mexican Peso,14.39,Mexican Peso,ACH,0,0.712764376640745
2022/09/01 15:45,14,810BEFBF0,19,810DCC060,4.97,Mexican Peso,4.97,Mexican Peso,Wire,0,0.24617365892317597
2022/09/01 15:50,346892,8113B33E0,13,8113B2E90,0.01,Mexican Peso,0.01,Mexican Peso,ACH,0,0.000495319233245827
2022/09/01 15:47,349941,81246E250,248575,81246E1B0,0.01,Brazil Real,0.01,Brazil Real,ACH,0,0.0019303156066016792
2022/09/01 15:31,350870,812A4FF10,50453,812A44A90,0.01,Brazil Real,0.01,Brazil Real,ACH,0,0.0019303156066016792
2022/09/01 15:59,358007,815FDF760,158053,816083F50,0.35,Shekel,0.35,Shekel,ACH,0,0.10436857015058894
2022/09/01 15:44,363488,8172FCBE0,216,8172FB390,0.07,Saudi Riyal,0.07,Saudi Riyal,ACH,0,0.018666666666666668
2022/09/01 15:52,365340,8187037E0,263431,8187020E0,0.01,Saudi Riyal,0.01,Saudi Riyal,ACH,0,0.0026666666666666666
2022/09/01 15:56,365391,8190534F0,67606,819054BF0,0.01,Saudi Riyal,0.01,Saudi Riyal,ACH,0,0.0026666666666666666
2022/09/01 15:31,16262,80D414FC1,16262,80D414FC0,1e-06,Bitcoin,0.01,US Dollar,ACH,0,0.01
2022/09/01 15:53,16262,80D414FC1,16262,80D414FC0,1e-06,Bitcoin,0.01,US Dollar,ACH,0,0.01
2022/09/01 15:38,233601,80C931EE1,233601,80C931EE0,5.1e-05,Bitcoin,0.47,UK Pound,ACH,0,0.5447885756676557
2022/09/01 15:32,233601,80C931EE1,233601,80C931EE0,1e-06,Bitcoin,0.01,UK Pound,ACH,0,0.011591246290801186
2022/09/01 15:55,239886,814CAEE91,239886,814CAEE90,5e-06,Bitcoin,0.06,US Dollar,Wire,0,0.06
2022/09/01 15:51,239886,814CAEE91,239886,814CAEE90,1e-06,Bitcoin,0.01,US Dollar,Wire,0,0.01
2022/09/01 16:00,1639,80076AFF0,2860,80149EFE0,0.76,US Dollar,0.76,US Dollar,Wire,0,0.76
2022/09/01 16:29,2175,800FB6360,12,80192B840,0.73,US Dollar,0.73,US Dollar,Wire,0,0.73
2022/09/01 16:03,12386,802E5B410,12386,802E5B410,0.86,US Dollar,0.74,Euro,ACH,0,0.7398520295940811
2022/09/01 16:03,12386,802E5B410,12204,803AB4AB0,0.86,US Dollar,0.86,US Dollar,ACH,0,0.86
2022/09/01 16:13,12386,802E5B410,12386,802E5B410,0.18,US Dollar,0.16,Euro,ACH,0,0.15996800639872027
2022/09/01 16:13,12386,802E5B410,12204,803AB4AB0,0.18,US Dollar,0.18,US Dollar,Wire,0,0.18
2022/09/01 16:21,394,8002189C0,16456,804AF1520,0.8,US Dollar,0.8,US Dollar,Wire,0,0.8
2022/09/01 16:16,11222,800D44660,19229,804F3BED0,0.19,US Dollar,0.19,US Dollar,ACH,0,0.19
2022/09/01 16:10,9534,804DC0C40,9534,804DC0C40,0.03,US Dollar,0.18,Yuan,ACH,0,0.02608695652173913
2022/09/01 16:10,9534,804DC0C40,22185,805E46400,0.03,US Dollar,0.03,US Dollar,ACH,0,0.03
2022/09/01 16:04,9534,804DC0C40,9534,804DC0C40,0.05,US Dollar,0.37,Yuan,ACH,0,0.0536231884057971
2022/09/01 16:04,9534,804DC0C40,22185,805E46400,0.05,US Dollar,0.05,US Dollar,Wire,0,0.05
2022/09/01 16:02,11046,8060CBC00,115114,80B109E00,0.77,US Dollar,0.77,US Dollar,ACH,0,0.77
2022/09/01 16:05,216796,807278030,229026,80B8319B0,0.17,US Dollar,0.17,US Dollar,ACH,0,0.17
2022/09/01 16:14,328345,80CCB1AC0,30562,80B7C41B0,0.01,US Dollar,0.01,US Dollar,ACH,0,0.01
2022/09/01 16:21,21939,806D7E0B0,21063,80CC9FFF0,0.16,US Dollar,0.16,US Dollar,ACH,0,0.16
2022/09/01 16:22,11661,80A16E540,239632,80FD912F0,0.2,US Dollar,0.2,US Dollar,ACH,0,0.2
2022/09/01 16:11,36176,80DA1A850,27234,80FED72E0,0.21,US Dollar,0.21,US Dollar,ACH,0,0.21
2022/09/01 16:10,36176,80DA1A850,27234,80FED72E0,0.04,US Dollar,0.04,US Dollar,Wire,0,0.04
2022/09/01 16:01,35354,8149A7C10,42838,8149A7B70,0.01,US Dollar,0.01,US Dollar,ACH,0,0.01
2022/09/01 16:03,335887,8163E88B0,127980,8163ED730,0.01,US Dollar,0.01,US Dollar,ACH,0,0.01
2022/09/01 16:28,323072,8182289F0,34117,81821A760,0.01,US Dollar,0.01,US Dollar,ACH,0,0.01
2022/09/01 16:26,24317,805DCFD90,133620,818C8FAA0,0.15,US Dollar,0.15,US Dollar,ACH,0,0.15
2022/09/01 16:26,24317,805DCFD90,133620,818C8FAA0,0.19,US Dollar,0.19,US Dollar,Wire,0,0.19
2022/09/01 16:22,0,800845590,3460,8023584E0,0.7,Euro,0.7,Euro,Wire,0,0.6998600279944011
2022/09/01 16:06,315301,805802420,7272,8058023D0,0.03,Euro,0.03,Euro,ACH,0,0.029994001199760048
2022/09/01 16:22,24455,802BEC090,6058,808F6CC30,0.58,Euro,0.58,Euro,Wire,0,0.5798840231953609
2022/09/01 16:03,314965,80948CF90,1126,80948D030,0.01,Euro,0.01,Euro,ACH,0,0.009998000399920017
2022/09/01 16:10,25400,8026C5910,15607,80A9C2CC0,0.4,Euro,0.4,Euro,ACH,0,0.39992001599680066
2022/09/01 16:07,230153,80C229CC0,228073,813D32FA0,0.01,Euro,0.01,Euro,Wire,0,0.009998000399920017
2022/09/01 16:12,319775,813D3B940,237572,813D3D410,0.01,Euro,0.01,Euro,ACH,0,0.009998000399920017
2022/09/01 16:14,39034,8034F6630,15,8034F32C0,0.01,Yuan,0.01,Yuan,ACH,0,0.0014492753623188406
2022/09/01 16:20,310313,803CA8F90,110134,803CA9D00,0.5,Yuan,0.5,Yuan,ACH,0,0.07246376811594203
2022/09/01 16:06,35923,80404B0A0,19521,804049F20,0.06,Yuan,0.06,Yuan,ACH,0,0.008695652173913042
2022/09/01 16:14,26922,8036C9910,19521,8049C7C70,0.23,Yuan,0.23,Yuan,Wire,0,0.03333333333333333
2022/09/01 16:02,7080,802CDB810,26922,805280B20,4.57,Yuan,4.57,Yuan,ACH,0,0.6623188405797101
2022/09/01 16:21,19836,8038EB0B0,18,804512640,110.85,Yen,110.85,Yen,ACH,0,0.7955360987512559
2022/09/01 16:01,18,804543420,4,8059BB590,48.48,Yen,48.48,Yen,ACH,0,0.34792593655805937
2022/09/01 16:07,18,804543420,4,8059BB590,105.22,Yen,105.22,Yen,Wire,0,0.7551313334290225
2022/09/01 16:21,317085,8062276A0,15726,806224D60,0.19,Yen,0.19,Yen,ACH,0,0.0013635711209989952
2022/09/01 16:18,29572,805A86BE0,15726,8065FECF0,138.71,Yen,138.71,Yen,Wire,0,0.9954786852303718
2022/09/01 16:01,316050,8072B65C0,316050,8072B65C0,0.33,Rupee,0.48,Yen,ACH,0,0.003444811253050093
2022/09/01 16:18,323394,808B1D7B0,25,808B1D010,0.17,Rupee,0.17,Rupee,ACH,0,0.0021372088053002777
2022/09/01 16:21,324624,808F161B0,119732,808E2E9F0,0.42,Rupee,0.42,Rupee,ACH,0,0.005280162930741863
2022/09/01 16:29,323895,809C9F140,224371,809C9C700,0.01,Rupee,0.01,Rupee,ACH,0,0.00012571816501766338
2022/09/01 16:09,119732,808B854F0,125882,809A08F30,14.55,Rupee,14.55,Rupee,ACH,0,0.18291993010070023
2022/09/01 16:11,326118,80AAE8790,23494,80AB2EF20,0.04,Rupee,0.04,Rupee,ACH,0,0.0005028726600706535
2022/09/01 16:14,330377,80C0F6590,32245,80C0F2D30,0.02,Ruble,0.02,Ruble,ACH,0,0.0003313068398297083
2022/09/01 16:13,10,80D262BD0,136311,80DFADA30,1.23,Canadian Dollar,1.23,Canadian Dollar,ACH,0,0.9360730593607305
2022/09/01 16:12,10,80D262BD0,136311,80DFADA30,0.63,Canadian Dollar,0.63,Canadian Dollar,Wire,0,0.4794520547945205
2022/09/01 16:19,138617,80E421F60,36524,80E5316D0,0.02,Canadian Dollar,0.02,Canadian Dollar,Wire,0,0.015220700152207
2022/09/01 16:26,342172,810AF4C60,241979,810AE3840,0.01,Australian Dollar,0.01,Australian Dollar,ACH,0,0.006828735318219066
2022/09/01 16:16,346393,811210E40,13,811204AE0,0.05,Mexican Peso,0.05,Mexican Peso,ACH,0,0.002476596166229135
2022/09/01 16:23,349335,811FA6BE0,248575,811F9FC70,0.01,Brazil Real,0.01,Brazil Real,ACH,0,0.0019303156066016792
2022/09/01 16:12,350109,8124A8070,149805,8124E6C90,0.01,Brazil Real,0.01,Brazil Real,ACH,0,0.0019303156066016792
2022/09/01 16:02,350236,81263A820,248756,812616460,0.01,Brazil Real,0.01,Brazil Real,ACH,0,0.0019303156066016792
2022/09/01 16:25,349549,81327C7F0,10,8132775C0,0.09,Brazil Real,0.09,Brazil Real,ACH,0,0.017372840459415114
2022/09/01 16:01,115,81529F500,1199,81532C0D0,0.05,Shekel,0.05,Shekel,ACH,0,0.01490979573579842
2022/09/01 16:20,115,81529F500,1199,81532C0D0,0.01,Shekel,0.01,Shekel,Wire,0,0.002981959147159684
2022/09/01 16:26,358171,816089750,157937,816089660,0.04,Shekel,0.04,Shekel,ACH,0,0.011927836588638736
2022/09/01 16:19,258461,815EA1400,58138,8163C05A0,0.47,Shekel,0.47,Shekel,ACH,0,0.14015207991650513
2022/09/01 16:10,363513,8174CC030,263186,8174CB8A0,0.01,Saudi Riyal,0.01,Saudi Riyal,ACH,0,0.0026666666666666666
2022/09/01 16:15,364103,8179C81F0,216,8179C7CA0,0.01,Saudi Riyal,0.01,Saudi Riyal,ACH,0,0.0026666666666666666
2022/09/01 16:18,63587,817692A10,263186,817EBBC40,2.68,Saudi Riyal,2.68,Saudi Riyal,ACH,0,0.7146666666666667
2022/09/01 16:21,364096,818045CE0,164730,818045D30,0.01,Saudi Riyal,0.01,Saudi Riyal,ACH,0,0.0026666666666666666
2022/09/01 16:01,27436,810CF5791,27436,810CF5790,3.1e-05,Bitcoin,0.31,Euro,ACH,0,0.3099380123975205
2022/09/01 16:11,12204,800FAD501,12204,800FAD500,6e-06,Bitcoin,0.07,US Dollar,ACH,0,0.07
2022/09/01 16:11,12204,800FAD501,12204,800FAD500,5e-06,Bitcoin,0.06,US Dollar,ACH,0,0.06
2022/09/01 16:10,1812,8047B2E91,1812,8047B2E90,7.6e-05,Bitcoin,0.9,US Dollar,ACH,0,0.9
2022/09/01 16:19,1812,8047B2E91,1812,8047B2E90,2.9e-05,Bitcoin,0.35,US Dollar,Wire,0,0.35
2022/09/01 16:17,8488,80804E5A1,8488,80804E5A0,4.7e-05,Bitcoin,0.56,US Dollar,ACH,0,0.56
2022/09/01 16:02,11495,80618E2F1,11495,80618E2F0,4.1e-05,Bitcoin,0.49,US Dollar,Wire,0,0.49
2022/09/01 16:03,11495,80618E2F1,11495,80618E2F0,7e-05,Bitcoin,0.83,US Dollar,ACH,0,0.83
2022/09/01 16:13,29915,81330D4C1,29915,81330D4C0,3e-06,Bitcoin,0.03,US Dollar,ACH,0,0.03
2022/09/01 16:09,29915,81330D4C1,29915,81330D4C0,1.2e-05,Bitcoin,0.14,US Dollar,Wire,0,0.14
2022/09/01 16:10,22890,801639A81,22890,801639A80,4.4e-05,Bitcoin,0.52,US Dollar,ACH,0,0.52
2022/09/01 16:19,22890,801639A81,22890,801639A80,8e-06,Bitcoin,0.09,US Dollar,ACH,0,0.09
2022/09/01 16:36,1,8006A1070,21566,800B76A80,0.12,US Dollar,0.12,US Dollar,ACH,0,0.12
2022/09/01 16:55,3862,800CF9B60,1217,800CF9A70,0.01,US Dollar,0.01,US Dollar,ACH,0,0.01
2022/09/01 16:48,36442,8058244B0,1439,805816300,0.01,US Dollar,0.01,US Dollar,ACH,0,0.01
2022/09/01 16:42,11770,801DFEAB0,5687,80640C350,0.85,US Dollar,0.85,US Dollar,ACH,0,0.85
2022/09/01 16:56,21414,805B2E130,4187,80824C270,0.11,US Dollar,0.11,US Dollar,Wire,0,0.11
2022/09/01 16:54,22224,8082A16B0,18665,80912AEA0,0.01,US Dollar,0.01,US Dollar,ACH,0,0.01
2022/09/01 16:53,110593,804E47E70,110593,804E47E70,0.23,US Dollar,1.51,Yuan,ACH,0,0.21884057971014492
2022/09/01 16:39,110593,804E47E70,110593,804E47E70,0.42,US Dollar,2.83,Yuan,ACH,0,0.4101449275362319
2022/09/01 16:37,313181,80F5BDC80,230733,80F5BD1B0,0.01,US Dollar,0.01,US Dollar,ACH,0,0.01
2022/09/01 16:39,13703,805FEBD60,16739,80FBD06B0,0.24,US Dollar,0.24,US Dollar,ACH,0,0.24
2022/09/01 16:50,1889,80E16D0C0,5571,80FE74220,0.09,US Dollar,0.09,US Dollar,ACH,0,0.09
2022/09/01 16:38,13210,803349A80,122459,813E7DD10,0.1,US Dollar,0.1,US Dollar,ACH,0,0.1
2022/09/01 16:52,331688,814BA87E0,135744,814BA9C20,0.01,US Dollar,0.01,US Dollar,ACH,0,0.01
2022/09/01 16:40,118840,8096FA370,132004,815A41E80,0.25,US Dollar,0.25,US Dollar,Wire,0,0.25
2022/09/01 16:48,26179,810CEA820,25443,816232D20,0.93,US Dollar,0.93,US Dollar,Wire,0,0.93
2022/09/01 16:49,10416,8066D7700,11305,817D87B50,0.07,US Dollar,0.07,US Dollar,ACH,0,0.07
2022/09/01 16:38,10416,8066D7700,11305,817D87B50,0.06,US Dollar,0.06,US Dollar,Wire,0,0.06
2022/09/01 16:45,344544,817DE36E0,28393,817DE2900,0.01,US Dollar,0.01,US Dollar,ACH,0,0.01
2022/09/01 16:30,217073,806A5E130,217073,806A5E130,0.18,US Dollar,19.44,Yen,ACH,0,0.1395148557485288
2022/09/01 16:30,217073,806A5E130,18890,8181F6DA0,0.18,US Dollar,0.18,US Dollar,ACH,0,0.18
2022/09/01 16:56,1110,8021DB900,259461,8182C3E70,0.76,US Dollar,0.76,US Dollar,ACH,0,0.76
2022/09/01 16:34,25400,802FCCFC0,18076,80337FB30,0.01,Euro,0.01,Euro,ACH,0,0.009998000399920017
2022/09/01 16:59,25400,802FCCFC0,18076,80337FB30,0.02,Euro,0.02,Euro,Wire,0,0.019996000799840034
2022/09/01 16:51,21444,8016D15B0,212854,805598550,0.54,Euro,0.54,Euro,Wire,0,0.539892021595681
2022/09/01 16:47,36050,8057406F0,18076,805740CA0,0.02,Euro,0.02,Euro,ACH,0,0.019996000799840034
2022/09/01 16:51,5294,803073930,4308,80791E4A0,0.23,Euro,0.23,Euro,ACH,0,0.2299540091981604
2022/09/01 16:33,323924,808B2B230,219815,808B21E30,0.01,Euro,0.01,Euro,ACH,0,0.009998000399920017
2022/09/01 16:54,3,80173BC20,7522,80954F020,0.59,Euro,0.59,Euro,Wire,0,0.589882023595281
2022/09/01 16:46,329711,80ACDD630,5294,80ACDD5E0,0.01,Euro,0.01,Euro,ACH,0,0.009998000399920017
2022/09/01 16:40,317484,80B7107F0,317484,80B7107F0,0.01,Euro,0.92,Yen,ACH,0,0.006602554901679346
2022/09/01 16:40,425,802316060,219353,80EA19ED0,0.15,Euro,0.15,Euro,Wire,0,0.14997000599880023
2022/09/01 16:49,211362,806EE26C0,239436,8151476C0,0.2,Euro,0.2,Euro,Wire,0,0.19996000799840033
2022/09/01 16:34,8087,80522D9A0,255226,81ACCAE10,0.05,Euro,0.05,Euro,ACH,0,0.04999000199960008
2022/09/01 16:54,8087,80522D9A0,255226,81ACCAE10,0.19,Euro,0.19,Euro,Wire,0,0.1899620075984803
2022/09/01 16:38,7080,802ED8420,29900,803BA4730,3.67,Yuan,3.67,Yuan,ACH,0,0.5318840579710145
2022/09/01 16:58,310605,804B3A2B0,9534,804B3EE70,0.07,Yuan,0.07,Yuan,ACH,0,0.010144927536231885
2022/09/01 16:43,14,800082E50,72,80723CC60,6.05,Rupee,6.05,Rupee,ACH,0,0.07605948983568635
2022/09/01 16:30,323975,808B76140,23539,808B76FD0,0.16,Rupee,0.16,Rupee,ACH,0,0.002011490640282614
2022/09/01 16:40,323754,808E46540,19414,808E464F0,0.05,Rupee,0.05,Rupee,ACH,0,0.000628590825088317
2022/09/01 16:44,14,8087D0EC0,23486,80908A470,29.84,Rupee,29.84,Rupee,Wire,0,0.37514300441270754
2022/09/01 16:48,19414,808C4F2C0,26765,80A2162B0,34.63,Rupee,34.63,Rupee,Wire,0,0.4353620054561684
2022/09/01 16:44,327421,80A5C1C00,123651,80A5F3050,0.13,Rupee,0.13,Rupee,ACH,0,0.0016343361452296242
2022/09/01 16:54,18,80AFB8070,16,80BDE0990,22.82,Ruble,22.82,Ruble,Wire,0,0.3780211042456972
2022/09/01 16:36,335692,80CF2B460,25,80CF25000,0.02,UK Pound,0.02,UK Pound,ACH,0,0.023182492581602373
2022/09/01 16:58,8,80D3F27C0,11,80D64FE70,0.18,Canadian Dollar,0.18,Canadian Dollar,ACH,0,0.136986301369863
2022/09/01 16:57,235676,80DFFB260,137293,80E035580,0.56,Canadian Dollar,0.56,Canadian Dollar,ACH,0,0.4261796042617961
2022/09/01 16:58,349536,81200CE40,148698,81200A940,0.01,Brazil Real,0.01,Brazil Real,ACH,0,0.0019303156066016792
2022/09/01 16:36,112,813EC5F50,254535,8142EC6A0,0.19,Swiss Franc,0.19,Swiss Franc,ACH,0,0.1938795293829529
2022/09/01 16:36,358079,8154671D0,112,815466B60,0.02,Shekel,0.02,Shekel,ACH,0,0.005963918294319368
2022/09/01 16:58,364178,817820400,64059,8178203B0,0.01,Saudi Riyal,0.01,Saudi Riyal,ACH,0,0.0026666666666666666
2022/09/01 16:48,163470,817992790,115,817FEDD80,2.6,Saudi Riyal,2.6,Saudi Riyal,ACH,0,0.6933333333333334
2022/09/01 16:47,364588,81803EAD0,164730,81803EA30,0.01,Saudi Riyal,0.01,Saudi Riyal,ACH,0,0.0026666666666666666
2022/09/01 16:59,18,817F7E650,115,81810C3F0,0.71,Saudi Riyal,0.71,Saudi Riyal,Wire,0,0.18933333333333333
2022/09/01 16:46,265216,8180D03F0,216,8187ED450,1.17,Saudi Riyal,1.17,Saudi Riyal,Wire,0,0.312
2022/09/01 16:57,37146,80FB96440,37146,80FB96440,2.16,Saudi Riyal,0.58,US Dollar,ACH,0,0.58
2022/09/01 16:57,37146,80FB96440,68159,81936EF90,2.16,Saudi Riyal,2.16,Saudi Riyal,ACH,0,0.5760000000000001
2022/09/01 16:50,11255,80616F2B1,11255,80616F2B0,6e-05,Bitcoin,0.71,US Dollar,ACH,0,0.71
2022/09/01 16:37,9976,8053F81B1,9976,8053F81B0,1.1e-05,Bitcoin,0.87,Yuan,Wire,0,0.12608695652173912
2022/09/01 16:56,9976,8053F81B1,9976,8053F81B0,1e-06,Bitcoin,0.1,Yuan,ACH,0,0.014492753623188406
2022/09/01 16:54,224231,812E902A1,224231,812E902A0,1.2e-05,Bitcoin,0.14,US Dollar,ACH,0,0.14
2022/09/01 16:59,224231,812E902A1,224231,812E902A0,5.5e-05,Bitcoin,0.66,US Dollar,Wire,0,0.66
2022/09/01 16:54,22364,8015FE671,22364,8015FE670,3e-06,Bitcoin,0.04,US Dollar,ACH,0,0.04
2022/09/01 16:35,16679,816D2FB31,16679,816D2FB30,2.7e-05,Bitcoin,0.32,US Dollar,Wire,0,0.32
2022/09/01 16:50,16679,816D2FB31,16679,816D2FB30,1e-06,Bitcoin,0.02,US Dollar,ACH,0,0.02
2022/09/01 16:54,28644,80FDD1BC1,28644,80FDD1BC0,6.3e-05,Bitcoin,0.75,US Dollar,ACH,0,0.75
2022/09/01 17:12,32076,800BBEF40,1639,800B9C350,0.02,US Dollar,0.02,US Dollar,ACH,0,0.02
2022/09/01 17:16,20,80114A9B0,13210,8015A2A60,0.4,US Dollar,0.4,US Dollar,ACH,0,0.4
2022/09/01 17:09,38474,8033608A0,16263,80334C6F0,0.01,US Dollar,0.01,US Dollar,ACH,0,0.01
2022/09/01 17:00,33352,805EEF2C0,11770,805EEDB30,0.01,US Dollar,0.01,US Dollar,ACH,0,0.01
2022/09/01 17:15,11255,800A869F0,26179,806075B60,0.48,US Dollar,0.48,US Dollar,ACH,0,0.48
2022/09/01 17:14,11255,800A869F0,26179,806075B60,0.19,US Dollar,0.19,US Dollar,Wire,0,0.19
2022/09/01 17:22,11,8042075C0,22124,8065D7AC0,0.63,US Dollar,0.63,US Dollar,Wire,0,0.63
2022/09/01 17:14,316665,80BB2CCB0,3533,80BB27C90,0.01,US Dollar,0.01,US Dollar,ACH,0,0.01
2022/09/01 17:01,6809,8095781B0,25443,80C6610D0,0.14,US Dollar,0.14,US Dollar,ACH,0,0.14
2022/09/01 17:20,322511,80D1C03C0,218057,80D1C0370,0.01,US Dollar,0.01,US Dollar,ACH,0,0.01
2022/09/01 17:18,1291,80062C100,12063,80D363F60,0.85,US Dollar,0.85,US Dollar,Wire,0,0.85
2022/09/01 17:12,337036,81252A950,27234,81252A5E0,0.01,US Dollar,0.01,US Dollar,ACH,0,0.01
2022/09/01 17:21,3389,8033644D0,58479,818391A40,0.85,US Dollar,0.85,US Dollar,ACH,0,0.85
2022/09/01 17:08,11047,80099E1D0,62847,81865C0F0,0.23,US Dollar,0.23,US Dollar,ACH,0,0.23
2022/09/01 17:20,11047,80099E1D0,62847,81865C0F0,0.08,US Dollar,0.08,US Dollar,Wire,0,0.08
2022/09/01 17:23,11661,8046D4340,30515,818880710,0.3,US Dollar,0.3,US Dollar,Wire,0,0.3
2022/09/01 17:28,2175,80A664820,166679,8188CA530,0.93,US Dollar,0.93,US Dollar,ACH,0,0.93
2022/09/01 17:05,35361,819A70310,169388,819A638C0,0.01,US Dollar,0.01,US Dollar,ACH,0,0.01
2022/09/01 17:28,16739,80D8C3100,11046,81B2BF800,0.26,US Dollar,0.26,US Dollar,Wire,0,0.26
2022/09/01 17:11,11,8001A22A0,3,800382AC0,0.23,Euro,0.23,Euro,Wire,0,0.2299540091981604
2022/09/01 17:06,14,8003064B0,425,8006B50F0,0.86,Euro,0.86,Euro,Wire,0,0.8598280343931214
2022/09/01 17:22,14,800806020,423,801846010,0.08,Euro,0.08,Euro,Wire,0,0.07998400319936014
2022/09/01 17:22,316688,809469D90,8811,809469D40,0.01,Euro,0.01,Euro,ACH,0,0.009998000399920017
2022/09/01 17:03,24455,805ACFDC0,16293,80ACCE730,0.74,Euro,0.74,Euro,Wire,0,0.7398520295940811
2022/09/01 17:06,329890,80B2D2870,230153,80B2D0ED0,0.01,Euro,0.01,Euro,ACH,0,0.009998000399920017
2022/09/01 17:26,21479,80841E450,21479,80841E450,1.08,Euro,133.87,Yen,ACH,0,0.96074350509545
2022/09/01 17:28,348471,8119A3510,26616,81196AE30,0.01,Euro,0.01,Euro,ACH,0,0.009998000399920017
2022/09/01 17:00,360826,816FEB1D0,360826,816FEB1D0,0.01,Euro,0.02,Shekel,ACH,0,0.005963918294319368
2022/09/01 17:19,39048,803424A10,26922,803422D90,0.02,Yuan,0.02,Yuan,ACH,0,0.002898550724637681
2022/09/01 17:17,310758,81114DE20,15,81114DBA0,0.02,Yuan,0.02,Yuan,ACH,0,0.002898550724637681
2022/09/01 17:29,314305,817194FD0,115329,81718FA00,0.01,Yuan,0.01,Yuan,ACH,0,0.0014492753623188406
2022/09/01 17:24,317963,8067B8220,29640,8067B7C90,0.09,Yen,0.09,Yen,ACH,0,0.0006459021099468925
2022/09/01 17:14,317854,807ED1A40,17096,807ED1B30,0.03,Yen,0.03,Yen,ACH,0,0.0002153007033156308
2022/09/01 17:23,215478,806FCC920,17180,808103490,95.75,Yen,95.75,Yen,ACH,0,0.6871680780823883
2022/09/01 17:18,322191,815713470,117286,815714850,0.39,Yen,0.39,Yen,ACH,0,0.0027989091431032008
2022/09/01 17:06,25,807244D10,5,80724E500,5.61,Rupee,5.61,Rupee,Wire,0,0.07052789057490917
2022/09/01 17:00,319802,8089BF700,26,8089BF6B0,0.18,Rupee,0.18,Rupee,ACH,0,0.002262926970317941
2022/09/01 17:14,324235,8091E9DE0,23544,8091F5950,0.35,Rupee,0.35,Rupee,ACH,0,0.004400135775618218
2022/09/01 17:23,326053,8099BF060,326053,8099BF060,0.19,Rupee,0.2,Ruble,ACH,0,0.003313068398297083
2022/09/01 17:09,119699,809964490,23809,80A0D7EE0,43.85,Rupee,43.85,Rupee,Wire,0,0.551274153602454
2022/09/01 17:10,323903,80A6C68E0,127568,80A6C67F0,0.3,Rupee,0.3,Rupee,ACH,0,0.0037715449505299017
2022/09/01 17:26,328840,80AB3B550,128566,80AB35A90,0.08,Rupee,0.08,Rupee,ACH,0,0.001005745320141307
2022/09/01 17:23,324056,814F48620,225784,814F48C60,0.05,Rupee,0.05,Rupee,ACH,0,0.000628590825088317
2022/09/01 17:29,18,80AD03130,27,80AFA24F0,7.98,Ruble,7.98,Ruble,Wire,0,0.13219142909205361
2022/09/01 17:18,332501,80BFEAE70,132425,80BFEAE20,0.07,Ruble,0.07,Ruble,ACH,0,0.0011595739394039792
2022/09/01 17:15,142114,80F8477F0,242129,80F9C2280,0.07,Australian Dollar,0.07,Australian Dollar,ACH,0,0.047801147227533466
2022/09/01 17:15,142114,80F8477F0,242129,80F9C2280,0.03,Australian Dollar,0.03,Australian Dollar,Wire,0,0.020486205954657197
2022/09/01 17:12,346663,8111A3BC0,246232,8111A6500,0.01,Mexican Peso,0.01,Mexican Peso,ACH,0,0.000495319233245827
2022/09/01 17:19,10,811DB6860,10,811DDECD0,2.87,Brazil Real,2.87,Brazil Real,ACH,0,0.5540005790946819
2022/09/01 17:01,10,811DB6860,10,811DDECD0,4.2,Brazil Real,4.2,Brazil Real,Wire,0,0.8107325547727053
2022/09/01 17:05,358294,815508170,158021,815505200,0.01,Shekel,0.01,Shekel,ACH,0,0.002981959147159684
2022/09/01 17:06,359210,8159B43B0,113,8159B4310,0.01,Shekel,0.01,Shekel,ACH,0,0.002981959147159684
2022/09/01 17:11,358354,815DE6210,59642,815E3B800,0.01,Shekel,0.01,Shekel,ACH,0,0.002981959147159684
2022/09/01 17:08,1199,815865170,157900,815E93D10,0.59,Shekel,0.59,Shekel,Wire,0,0.17593558968242134
2022/09/01 17:06,364074,81767F660,61422,81767C160,0.09,Shekel,0.09,Shekel,ACH,0,0.026837632324437154
2022/09/01 17:18,363281,817B66870,164730,817B64B50,0.02,Saudi Riyal,0.02,Saudi Riyal,ACH,0,0.005333333333333333
2022/09/01 17:03,366913,818D7F4A0,65300,818D7FA60,0.01,Saudi Riyal,0.01,Saudi Riyal,ACH,0,0.0026666666666666666
2022/09/01 17:14,333689,818D4DB00,333689,818D4DB00,0.03,Saudi Riyal,0.01,UK Pound,ACH,0,0.011591246290801186
2022/09/01 17:00,365348,81941BB30,115,81941E2B0,0.02,Saudi Riyal,0.02,Saudi Riyal,ACH,0,0.005333333333333333
2022/09/01 17:25,215187,8087984C1,215187,8087984C0,5e-05,Bitcoin,0.6,US Dollar,ACH,0,0.6
2022/09/01 17:01,25526,802D7C971,25526,802D7C970,3e-06,Bitcoin,0.03,US Dollar,ACH,0,0.03
2022/09/01 17:09,24216,81295A431,24216,81295A430,1e-06,Bitcoin,0.01,US Dollar,ACH,0,0.01
2022/09/01 17:55,3522,8005502C0,20,8005504A0,0.08,US Dollar,0.08,US Dollar,ACH,0,0.08
2022/09/01 17:53,20,8001E1E00,1,8008F9010,0.08,US Dollar,0.08,US Dollar,ACH,0,0.08
2022/09/01 17:38,11265,8008CB850,2692,800FE8BF0,0.67,US Dollar,0.67,US Dollar,Wire,0,0.67
2022/09/01 17:51,32212,8057CBAD0,1422,8057C8D30,0.01,US Dollar,0.01,US Dollar,ACH,0,0.01
2022/09/01 17:41,14595,805C30700,5033,805FC7E70,0.66,US Dollar,0.66,US Dollar,Wire,0,0.66
2022/09/01 17:46,531,801E46F30,113016,80AB84440,0.86,US Dollar,0.86,US Dollar,ACH,0,0.86
2022/09/01 17:34,12,800C3D920,21063,80992EA50,0.13,US Dollar,0.13,US Dollar,Wire,0,0.13
2022/09/01 17:36,319009,80D8B6EE0,18747,80D8B2860,0.01,US Dollar,0.01,US Dollar,ACH,0,0.01
2022/09/01 17:32,118681,80A4135C0,51448,815D1B980,0.59,US Dollar,0.59,US Dollar,Wire,0,0.59
2022/09/01 17:46,1422,80750F940,28932,816471650,0.11,US Dollar,0.11,US Dollar,Wire,0,0.11
2022/09/01 17:58,118840,807595990,115966,816ACB2C0,0.58,US Dollar,0.58,US Dollar,ACH,0,0.58
2022/09/01 17:57,212730,80716D790,162225,817484EB0,0.46,US Dollar,0.46,US Dollar,ACH,0,0.46
2022/09/01 17:34,11437,800954B30,14172,801951130,0.8,Euro,0.8,Euro,ACH,0,0.7998400319936013
2022/09/01 17:52,32661,801F70D50,1595,801F776B0,0.02,Euro,0.02,Euro,ACH,0,0.019996000799840034
2022/09/01 17:50,20,8000626A0,6269,802697A30,0.5,Euro,0.5,Euro,ACH,0,0.4999000199960008
2022/09/01 17:30,423,8013B92C0,3671,8029AEAF0,0.16,Euro,0.16,Euro,ACH,0,0.15996800639872027
2022/09/01 17:49,23726,8018535C0,12386,802BFA740,0.81,Euro,0.81,Euro,ACH,0,0.8098380323935214
2022/09/01 17:48,315263,806513FD0,215820,806513F30,0.01,Euro,0.01,Euro,ACH,0,0.009998000399920017
2022/09/01 17:39,2293,800FCCE20,115690,806E60CB0,0.6,Euro,0.6,Euro,ACH,0,0.5998800239952009
2022/09/01 17:45,20,801FA0CF0,7530,807216D20,0.76,Euro,0.76,Euro,Wire,0,0.7598480303939212
2022/09/01 17:35,214423,805FB7E00,114948,8088ECFA0,0.03,Euro,0.03,Euro,ACH,0,0.029994001199760048
2022/09/01 17:51,214423,805FB7E00,114948,8088ECFA0,0.1,Euro,0.1,Euro,Wire,0,0.09998000399920016
2022/09/01 17:35,338044,80E221E00,225430,80E221CC0,0.03,Euro,0.03,Euro,ACH,0,0.029994001199760048
2022/09/01 17:50,29433,80AD2AF10,215505,80E2F7CD0,0.09,Euro,0.09,Euro,ACH,0,0.08998200359928014
2022/09/01 17:45,29433,80AD2AF10,215505,80E2F7CD0,0.15,Euro,0.15,Euro,Wire,0,0.14997000599880023
2022/09/01 17:37,123519,80B1AD8C0,25400,8116BCAE0,0.49,Euro,0.49,Euro,ACH,0,0.48990201959608076
2022/09/01 17:42,218604,80DD38FB0,130826,811AE76B0,0.72,Euro,0.72,Euro,ACH,0,0.7198560287942412
2022/09/01 17:40,5294,809655BA0,114948,819D24460,0.04,Euro,0.04,Euro,ACH,0,0.03999200159968007
2022/09/01 17:40,310351,803C9FAA0,26922,803C9F730,0.01,Yuan,0.01,Yuan,ACH,0,0.0014492753623188406
2022/09/01 17:44,15168,803B73580,19521,803E86A20,1.87,Yuan,1.87,Yuan,Wire,0,0.2710144927536232
2022/09/01 17:41,7080,802F3B990,15885,804C94870,5.8,Yuan,5.8,Yuan,ACH,0,0.8405797101449275
2022/09/01 17:50,19104,804DA9EA0,14463,805500AA0,2.15,Yuan,2.15,Yuan,Wire,0,0.3115942028985507
2022/09/01 17:51,313485,80488ED40,114929,80488FB70,0.03,Yuan,0.03,Yuan,ACH,0,0.004347826086956521
2022/09/01 17:53,310681,80CF475D0,213734,80CF46570,0.04,Yuan,0.04,Yuan,ACH,0,0.005797101449275362
2022/09/01 17:55,350038,8122C60A0,13917,8122C5990,0.04,Yuan,0.04,Yuan,ACH,0,0.005797101449275362
2022/09/01 17:43,315920,8081AC130,220421,8081AC180,0.04,Yen,0.04,Yen,ACH,0,0.00028706760442084113
2022/09/01 17:47,315647,8083DCAE0,19836,8083D9700,0.03,Yen,0.03,Yen,ACH,0,0.0002153007033156308
2022/09/01 17:45,5,808B872D0,72,808F99BF0,6.11,Rupee,6.11,Rupee,Wire,0,0.07681379882579234
2022/09/01 17:33,323726,809775180,24202,8097750E0,0.45,Rupee,0.45,Rupee,ACH,0,0.005657317425794853
2022/09/01 17:54,324162,809758C90,23494,809747230,0.03,Rupee,0.03,Rupee,ACH,0,0.0003771544950529902
2022/09/01 17:33,324461,8097C5480,72,8097C69B0,0.05,Rupee,0.05,Rupee,ACH,0,0.000628590825088317
2022/09/01 17:39,323726,8098C3BA0,24816,8098C3A60,0.13,Rupee,0.13,Rupee,ACH,0,0.0016343361452296242
2022/09/01 17:32,14,809A5D360,24713,80A33DB00,3.55,Rupee,3.55,Rupee,ACH,0,0.0446299485812705
2022/09/01 17:30,24869,80982BEA0,224574,80A69BCE0,4.32,Rupee,4.32,Rupee,Wire,0,0.05431024728763059
2022/09/01 17:47,332622,80BDF8A50,132300,80BDFAF10,0.3,Ruble,0.3,Ruble,ACH,0,0.004969602597445624
2022/09/01 17:57,330192,80C112A50,132556,80C117320,0.06,Ruble,0.06,Ruble,ACH,0,0.0009939205194891248
2022/09/01 17:56,212,80F85E410,41335,80F908230,0.05,Australian Dollar,0.05,Australian Dollar,ACH,0,0.03414367659109533
2022/09/01 17:35,212,80F85E410,41335,80F908230,0.17,Australian Dollar,0.17,Australian Dollar,Wire,0,0.11608850040972413
2022/09/01 17:53,341754,810B57050,143476,810B56480,0.02,Australian Dollar,0.02,Australian Dollar,ACH,0,0.013657470636438133
2022/09/01 17:31,346077,810BE7210,13,810BEBCA0,0.05,Mexican Peso,0.05,Mexican Peso,ACH,0,0.002476596166229135
2022/09/01 17:45,354744,8146A1D50,153743,814697A10,0.01,Swiss Franc,0.01,Swiss Franc,ACH,0,0.01020418575699752
2022/09/01 17:37,354446,8146A48A0,52898,8146962D0,0.24,Swiss Franc,0.24,Swiss Franc,ACH,0,0.24490045816794048
2022/09/01 17:39,358002,81529E3A0,213,81529A460,0.03,Shekel,0.03,Shekel,ACH,0,0.008945877441479051
2022/09/01 17:42,361623,816C69010,160805,816C902B0,0.02,Shekel,0.02,Shekel,ACH,0,0.005963918294319368
2022/09/01 17:42,362467,816CE53A0,216,816CE6880,0.01,Saudi Riyal,0.01,Saudi Riyal,ACH,0,0.0026666666666666666
2022/09/01 17:31,366752,818703BF0,263431,818703E60,0.63,Saudi Riyal,0.63,Saudi Riyal,ACH,0,0.168
2022/09/01 17:46,253214,8143C8EE1,253214,8143C8EE0,2.6e-05,Bitcoin,0.26,Euro,Wire,0,0.2599480103979204
2022/09/01 17:37,253214,8143C8EE1,253214,8143C8EE0,4e-06,Bitcoin,0.04,Euro,Wire,0,0.03999200159968007
2022/09/01 17:59,11671,807143141,11671,807143140,3e-06,Bitcoin,0.03,US Dollar,Wire,0,0.03
2022/09/01 17:40,11671,807143141,11671,807143140,1e-06,Bitcoin,0.01,US Dollar,Wire,0,0.01
2022/09/01 17:52,122779,80AA94B91,122779,80AA94B90,2.2e-05,Bitcoin,0.27,US Dollar,ACH,0,0.27
2022/09/01 17:46,122779,80AA94B91,122779,80AA94B90,1.4e-05,Bitcoin,0.17,US Dollar,ACH,0,0.17
2022/09/01 17:44,215766,805D73BD1,215766,805D73BD0,1.7e-05,Bitcoin,0.2,US Dollar,ACH,0,0.2
2022/09/01 17:53,215766,805D73BD1,215766,805D73BD0,7e-05,Bitcoin,0.83,US Dollar,ACH,0,0.83
2022/09/01 17:30,215766,8068CAEB1,215766,8068CAEB0,1.1e-05,Bitcoin,0.13,US Dollar,ACH,0,0.13
2022/09/01 17:45,215766,8068CAEB1,215766,8068CAEB0,8e-06,Bitcoin,0.1,US Dollar,Wire,0,0.1
2022/09/01 17:38,215766,8068CAEB1,215766,8068CAEB0,1e-06,Bitcoin,0.02,US Dollar,ACH,0,0.02
2022/09/01 17:40,251854,814A92671,251854,814A92670,9e-06,Bitcoin,0.11,US Dollar,ACH,0,0.11
2022/09/01 17:49,11,804350CA1,11,804350CA0,1e-06,Bitcoin,0.09,Yuan,Wire,0,0.013043478260869565
2022/09/01 17:59,11,804350CA1,11,804350CA0,1e-06,Bitcoin,0.09,Yuan,ACH,0,0.013043478260869565
2022/09/01 18:07,20,800543060,20,80072C120,0.33,US Dollar,0.33,US Dollar,ACH,0,0.33
2022/09/01 18:24,31022,800B11740,21566,800B11A00,0.01,US Dollar,0.01,US Dollar,ACH,0,0.01
2022/09/01 18:16,1639,8008928A0,22547,8015A1EE0,0.44,US Dollar,0.44,US Dollar,ACH,0,0.44
2022/09/01 18:16,224,8001DC0F0,3533,802AE33B0,0.3,US Dollar,0.3,US Dollar,ACH,0,0.3
2022/09/01 18:09,224,8001DC0F0,3533,802AE33B0,0.31,US Dollar,0.31,US Dollar,Wire,0,0.31
2022/09/01 18:04,2545,80156FAB0,210700,806BCD080,0.97,US Dollar,0.97,US Dollar,ACH,0,0.97
2022/09/01 18:23,37024,807F54210,14648,807F54170,0.01,US Dollar,0.01,US Dollar,ACH,0,0.01
2022/09/01 18:11,319195,808BD6ED0,221100,808BD6CA0,0.01,US Dollar,0.01,US Dollar,ACH,0,0.01
2022/09/01 18:21,2692,806E77BE0,12,809768AA0,0.52,US Dollar,0.52,US Dollar,ACH,0,0.52
2022/09/01 18:10,2692,806E77BE0,12,809768AA0,0.48,US Dollar,0.48,US Dollar,Wire,0,0.48
2022/09/01 18:19,328362,80A544460,1110,80A53F8F0,0.01,US Dollar,0.01,US Dollar,ACH,0,0.01
2022/09/01 18:07,10154,804967660,10154,804967660,0.46,US Dollar,3.08,Yuan,ACH,0,0.4463768115942029
2022/09/01 18:25,23041,80B2EC280,223113,80BC7B240,0.11,US Dollar,0.11,US Dollar,Wire,0,0.11
2022/09/01 18:02,8814,80210F880,11968,80E066600,0.79,US Dollar,0.79,US Dollar,Wire,0,0.79
2022/09/01 18:15,17096,8064D4A90,17096,8064D4A90,0.25,US Dollar,25.97,Yen,ACH,0,0.1863786421702311
2022/09/01 18:15,17096,8064D4A90,214107,810840160,0.25,US Dollar,0.25,US Dollar,ACH,0,0.25
2022/09/01 18:19,340862,8115455B0,144315,81155DC10,0.01,US Dollar,0.01,US Dollar,ACH,0,0.01
2022/09/01 18:28,342506,8119363D0,226290,811936420,0.01,US Dollar,0.01,US Dollar,ACH,0,0.01
2022/09/01 18:14,335625,81634D160,12,81635B550,0.58,US Dollar,0.58,US Dollar,ACH,0,0.58
2022/09/01 18:08,23760,810416050,233005,816FB4FB0,0.31,US Dollar,0.31,US Dollar,ACH,0,0.31
2022/09/01 18:26,33219,80FDBFF40,11047,818F1C110,0.62,US Dollar,0.62,US Dollar,ACH,0,0.62
2022/09/01 18:25,11,8009BA6E0,12202,801397BF0,0.01,Euro,0.01,Euro,ACH,0,0.009998000399920017
2022/09/01 18:16,11,8009BA6E0,12202,801397BF0,0.01,Euro,0.01,Euro,Wire,0,0.009998000399920017
2022/09/01 18:09,0,8002676B0,25400,80413E210,0.6,Euro,0.6,Euro,Wire,0,0.5998800239952009
2022/09/01 18:20,1835,802258090,1835,805A70BB0,0.11,Euro,0.11,Euro,ACH,0,0.10997800439912019
2022/09/01 18:25,12503,801D534A0,12274,806E0F2E0,0.15,Euro,0.15,Euro,Wire,0,0.14997000599880023
2022/09/01 18:24,34238,8079A5A00,19300,8079AC360,0.01,Euro,0.01,Euro,ACH,0,0.009998000399920017
2022/09/01 18:27,2557,8024C4F70,14,8084CEE90,0.67,Euro,0.67,Euro,Wire,0,0.6698660267946411
2022/09/01 18:02,7522,80B58B0C0,0,80F913560,0.01,Euro,0.01,Euro,ACH,0,0.009998000399920017
2022/09/01 18:01,7522,80B58B0C0,0,80F913560,0.01,Euro,0.01,Euro,Wire,0,0.009998000399920017
2022/09/01 18:22,423,801EFC5A0,425,810621FC0,0.85,Euro,0.85,Euro,Wire,0,0.8498300339932013
2022/09/01 18:14,27737,810702510,147445,813E11250,0.45,Euro,0.45,Euro,ACH,0,0.44991001799640074
2022/09/01 18:03,247039,811BE0B10,253008,8150D0050,0.99,Euro,0.99,Euro,Wire,0,0.9898020395920816
2022/09/01 18:14,34909,81A98E2E0,61332,81A92CD80,0.01,Euro,0.01,Euro,ACH,0,0.009998000399920017
2022/09/01 18:00,310366,803BBA510,7082,803BB7F10,0.01,Yuan,0.01,Yuan,ACH,0,0.0014492753623188406
2022/09/01 18:13,11,8037DCE40,110164,804FF2D20,0.92,Yuan,0.92,Yuan,ACH,0,0.13333333333333333
2022/09/01 18:07,11,8037DCE40,110164,804FF2D20,1.78,Yuan,1.78,Yuan,Wire,0,0.2579710144927536
2022/09/01 18:26,210091,8048D4130,27356,805317140,5.13,Yuan,5.13,Yuan,Wire,0,0.7434782608695651
2022/09/01 18:28,39149,807F24360,213293,807F241D0,0.03,Yuan,0.03,Yuan,ACH,0,0.004347826086956521
2022/09/01 18:00,317804,8066A2840,19836,806781240,0.03,Yen,0.03,Yen,ACH,0,0.0002153007033156308
2022/09/01 18:26,312070,806819D30,217073,806819C90,0.79,Yen,0.79,Yen,ACH,0,0.005669585187311612
2022/09/01 18:02,317859,807EEF7E0,120838,807EEF200,0.03,Yen,0.03,Yen,ACH,0,0.0002153007033156308
2022/09/01 18:06,321105,808098040,117912,808094970,2.58,Yen,2.58,Yen,ACH,0,0.018515860485144253
2022/09/01 18:09,324637,8090DD290,25,8090DB860,0.02,Rupee,0.02,Rupee,ACH,0,0.00025143633003532677
2022/09/01 18:14,323415,809B3F9D0,225095,809B3F7F0,0.17,Rupee,0.17,Rupee,ACH,0,0.0021372088053002777
2022/09/01 18:01,323656,80A07DC90,226085,80A07D410,0.11,Rupee,0.11,Rupee,ACH,0,0.0013828998151942974
2022/09/01 18:02,332109,80BACE520,23,80BAE7E50,0.05,Ruble,0.05,Ruble,ACH,0,0.0008282670995742707
2022/09/01 18:19,22364,805D57DF0,22364,805D57DF0,1.28,Canadian Dollar,0.97,US Dollar,ACH,0,0.97
2022/09/01 18:19,22364,805D57DF0,36096,80D4C6AD0,1.28,Canadian Dollar,1.28,Canadian Dollar,ACH,0,0.974124809741248
2022/09/01 18:15,22364,805D57DF0,22364,805D57DF0,0.97,Canadian Dollar,0.73,US Dollar,ACH,0,0.73
2022/09/01 18:15,22364,805D57DF0,36096,80D4C6AD0,0.97,Canadian Dollar,0.97,Canadian Dollar,Wire,0,0.7382039573820395
2022/09/01 18:24,136311,80E004480,136136,80E156650,0.54,Canadian Dollar,0.54,Canadian Dollar,Wire,0,0.4109589041095891
2022/09/01 18:21,11,800DB1D60,11,800DB1D60,0.87,Australian Dollar,0.53,Euro,ACH,0,0.5298940211957609
2022/09/01 18:07,11,800DB1D60,11,800DB1D60,0.17,Australian Dollar,0.1,Euro,ACH,0,0.09998000399920016
2022/09/01 18:18,346565,810EF58C0,14,810EF52B0,0.01,Mexican Peso,0.01,Mexican Peso,ACH,0,0.000495319233245827
2022/09/01 18:05,46428,811171E80,46782,81137F3E0,6.47,Mexican Peso,6.47,Mexican Peso,ACH,0,0.32047154391005
2022/09/01 18:17,259272,816165F40,259592,8161740A0,1.0,Shekel,1.0,Shekel,ACH,0,0.2981959147159684
2022/09/01 18:05,1199,81559B750,115,8162D1060,2.61,Shekel,2.61,Shekel,Wire,0,0.7782913374086775
2022/09/01 18:03,23571,8046CBE11,23571,8046CBE10,3e-06,Bitcoin,0.04,US Dollar,ACH,0,0.04
2022/09/01 18:04,2545,80A313571,2545,80A313570,1e-06,Bitcoin,0.01,US Dollar,ACH,0,0.01
2022/09/01 18:10,25,80C3750F1,25,80C3750F0,1.2e-05,Bitcoin,0.11,UK Pound,ACH,0,0.12750370919881304
2022/09/01 18:06,25,80C3750F1,25,80C3750F0,1.9e-05,Bitcoin,0.18,UK Pound,ACH,0,0.20864243323442136
2022/09/01 18:07,133620,81B6D0E51,133620,81B6D0E50,1e-06,Bitcoin,0.01,US Dollar,ACH,0,0.01
2022/09/01 18:26,133620,81B6D0E51,133620,81B6D0E50,1e-06,Bitcoin,0.01,US Dollar,ACH,0,0.01
2022/09/01 18:03,17380,8086997A1,17380,8086997A0,4e-06,Bitcoin,5.02,Yen,ACH,0,0.03602698435481556
2022/09/01 18:23,17380,8086997A1,17380,8086997A0,1e-06,Bitcoin,1.68,Yen,ACH,0,0.012056839385675326
2022/09/01 18:05,17380,8086997A1,17380,8086997A0,1e-06,Bitcoin,0.99,Yen,ACH,0,0.007104923209415817
2022/09/01 18:39,11,800197E20,1,8001D8BA0,0.05,US Dollar,0.05,US Dollar,Wire,0,0.05
2022/09/01 18:42,31509,800C8B2D0,1120,800C5BDD0,0.01,US Dollar,0.01,US Dollar,ACH,0,0.01
2022/09/01 18:47,1394,80062E580,2175,8018BB960,0.4,US Dollar,0.4,US Dollar,Wire,0,0.4
2022/09/01 18:56,12592,801120550,1277,801C57450,0.21,US Dollar,0.21,US Dollar,ACH,0,0.21
2022/09/01 18:44,32253,8034A11E0,22661,8034A10A0,0.01,US Dollar,0.01,US Dollar,ACH,0,0.01
2022/09/01 18:38,29158,804A849F0,14408,804D35150,0.85,US Dollar,0.85,US Dollar,Wire,0,0.85
2022/09/01 18:40,21393,800CC9030,113317,8051087A0,0.16,US Dollar,0.16,US Dollar,ACH,0,0.16
2022/09/01 18:32,5893,804F7F990,5893,804F7F990,0.78,US Dollar,5.2,Yuan,ACH,0,0.7536231884057971
2022/09/01 18:36,22031,808C01C30,14133,809600C70,0.79,US Dollar,0.79,US Dollar,ACH,0,0.79
2022/09/01 18:45,314699,80BA3F2B0,15640,80BA1E130,0.01,US Dollar,0.01,US Dollar,ACH,0,0.01
2022/09/01 18:58,16,80B51E0C0,16,80B51E0C0,0.26,US Dollar,20.42,Ruble,ACH,0,0.3382642834661322
2022/09/01 18:58,39119,80F0312F0,22185,80F030EA0,0.02,US Dollar,0.02,US Dollar,ACH,0,0.02
2022/09/01 18:54,118699,80AF63BF0,24633,80F240120,0.27,US Dollar,0.27,US Dollar,Wire,0,0.27
2022/09/01 18:57,344206,8100E6440,39697,8100DFD30,0.01,US Dollar,0.01,US Dollar,ACH,0,0.01
2022/09/01 18:43,24950,80B33CE00,211374,8128C0460,0.19,US Dollar,0.19,US Dollar,Wire,0,0.19
2022/09/01 18:32,122459,80AF9DB40,147509,814243BF0,0.05,US Dollar,0.05,US Dollar,Wire,0,0.05
2022/09/01 18:44,10073,805170730,10073,805170730,0.47,US Dollar,3.13,Yuan,ACH,0,0.4536231884057971
2022/09/01 18:44,10073,805170730,258931,817092DA0,0.47,US Dollar,0.47,US Dollar,ACH,0,0.47
2022/09/01 18:57,346845,81770D080,14408,81770BBD0,0.01,US Dollar,0.01,US Dollar,ACH,0,0.01
2022/09/01 18:35,13354,80C4EC0D0,115216,8184439C0,0.6,US Dollar,0.6,US Dollar,Wire,0,0.6
2022/09/01 18:46,12274,800E80510,14,801AD3980,0.26,Euro,0.26,Euro,ACH,0,0.2599480103979204
2022/09/01 18:47,16298,807B53270,2514,8087AACF0,0.57,Euro,0.57,Euro,ACH,0,0.5698860227954409
2022/09/01 18:54,16298,807B53270,2514,8087AACF0,0.78,Euro,0.78,Euro,Wire,0,0.7798440311937613
2022/09/01 18:49,14213,802DCAAC0,600,80BC36150,0.54,Euro,0.54,Euro,ACH,0,0.539892021595681
2022/09/01 18:56,14213,802DCAAC0,600,80BC36150,0.33,Euro,0.33,Euro,Wire,0,0.32993401319736054
2022/09/01 18:54,3,80017E980,211362,80EE427F0,0.55,Euro,0.55,Euro,ACH,0,0.5498900219956009
2022/09/01 18:35,1768,800D313B0,229425,811A3C4D0,0.69,Euro,0.69,Euro,ACH,0,0.6898620275944811
2022/09/01 18:37,114983,8088132D0,7272,811A43D60,0.02,Euro,0.02,Euro,ACH,0,0.019996000799840034
2022/09/01 18:47,343258,811CC0850,343258,811CC0850,0.01,Euro,0.01,Australian Dollar,ACH,0,0.006828735318219066
2022/09/01 18:54,22026,80DA771E0,147841,813FE37A0,0.59,Euro,0.59,Euro,Wire,0,0.589882023595281
2022/09/01 18:51,425,805AE84D0,15763,81404CE30,0.02,Euro,0.02,Euro,ACH,0,0.019996000799840034
2022/09/01 18:52,12386,801D63820,144936,814347700,0.6,Euro,0.6,Euro,Wire,0,0.5998800239952009
2022/09/01 18:50,14003,802A8E490,18076,8173F6040,0.3,Euro,0.3,Euro,Wire,0,0.29994001199760045
2022/09/01 18:52,26922,8029D2AA0,17213,80351D250,0.1,Yuan,0.1,Yuan,Wire,0,0.014492753623188406
2022/09/01 18:38,39563,8044EFC20,110134,8044DC200,0.01,Yuan,0.01,Yuan,ACH,0,0.0014492753623188406
2022/09/01 18:40,7080,8039B3570,210858,8048B3B20,5.5,Yuan,5.5,Yuan,Wire,0,0.7971014492753623
2022/09/01 18:56,311948,80513E600,13712,80513E190,0.02,Yuan,0.02,Yuan,ACH,0,0.002898550724637681
2022/09/01 18:44,318028,806989000,17891,806988FB0,0.03,Yen,0.03,Yen,ACH,0,0.0002153007033156308
2022/09/01 18:47,323895,808CF22E0,72,808E1D7F0,0.02,Rupee,0.02,Rupee,ACH,0,0.00025143633003532677
2022/09/01 18:31,319972,80916E4D0,23539,80915DD40,0.06,Rupee,0.06,Rupee,ACH,0,0.0007543089901059804
2022/09/01 18:35,325408,8098AF290,25892,8098AF0B0,0.01,Rupee,0.01,Rupee,ACH,0,0.00012571816501766338
2022/09/01 18:33,326628,80A2EF510,224943,80A2EF470,0.11,Rupee,0.11,Rupee,ACH,0,0.0013828998151942974
2022/09/01 18:41,25,80A93EE10,227277,80E86BBB0,6.45,Rupee,6.45,Rupee,ACH,0,0.08108821643639288
2022/09/01 18:46,335814,80D91E6C0,135558,80D91E2E0,0.01,Canadian Dollar,0.01,Canadian Dollar,ACH,0,0.0076103500761035
2022/09/01 18:57,136136,80E1405B0,235735,80E2D57F0,0.23,Canadian Dollar,0.23,Canadian Dollar,ACH,0,0.1750380517503805
2022/09/01 18:49,136136,80E1405B0,235735,80E2D57F0,0.16,Canadian Dollar,0.16,Canadian Dollar,Wire,0,0.121765601217656
2022/09/01 18:47,332468,80E6B1760,332468,80E6B1760,0.01,Canadian Dollar,0.54,Ruble,ACH,0,0.008945284675402124
2022/09/01 18:39,341511,80F6E3FF0,141352,80F6E2F80,0.01,Australian Dollar,0.01,Australian Dollar,ACH,0,0.006828735318219066
2022/09/01 18:55,343189,810347C60,43378,810340810,0.01,Australian Dollar,0.01,Australian Dollar,ACH,0,0.006828735318219066
2022/09/01 18:48,42130,8102CD020,11,810BBED90,0.18,Australian Dollar,0.18,Australian Dollar,ACH,0,0.12291723572794319
2022/09/01 18:38,42130,8102CD020,11,810BBED90,0.08,Australian Dollar,0.08,Australian Dollar,Wire,0,0.05462988254575253
2022/09/01 18:36,349207,811FC5D50,48858,811FCC650,0.01,Brazil Real,0.01,Brazil Real,ACH,0,0.0019303156066016792
2022/09/01 18:56,349524,812064C70,214,812064CC0,0.04,Brazil Real,0.04,Brazil Real,ACH,0,0.007721262426406717
2022/09/01 18:50,355157,814FDF3C0,253428,814FD0160,0.01,Swiss Franc,0.01,Swiss Franc,ACH,0,0.01020418575699752
2022/09/01 18:39,37679,8167A8A30,37679,8167A8A30,0.02,Shekel,0.04,Yuan,ACH,0,0.005797101449275362
2022/09/01 18:31,17256,806BD8EC0,17256,806BD8EC0,1.82,Saudi Riyal,0.49,US Dollar,ACH,0,0.49
2022/09/01 18:34,17256,806BD8EC0,17256,806BD8EC0,1.3,Saudi Riyal,0.35,US Dollar,ACH,0,0.35
2022/09/01 18:59,17256,806BD8EC0,17256,806BD8EC0,0.04,Saudi Riyal,0.01,US Dollar,ACH,0,0.01
2022/09/01 18:59,17256,806BD8EC0,115,818D2DC20,0.04,Saudi Riyal,0.04,Saudi Riyal,ACH,0,0.010666666666666666
2022/09/01 18:59,17256,806BD8EC0,17256,806BD8EC0,0.12,Saudi Riyal,0.03,US Dollar,ACH,0,0.03
2022/09/01 18:59,17256,806BD8EC0,115,818D2DC20,0.12,Saudi Riyal,0.12,Saudi Riyal,Wire,0,0.032
2022/09/01 18:40,367596,81918AB10,167131,81918B6A0,0.01,Saudi Riyal,0.01,Saudi Riyal,ACH,0,0.0026666666666666666
2022/09/01 18:30,143797,813F92111,143797,813F92110,2.7e-05,Bitcoin,0.27,Euro,ACH,0,0.2699460107978405
2022/09/01 18:35,11880,80C2EA6E1,11880,80C2EA6E0,1.9e-05,Bitcoin,0.22,US Dollar,ACH,0,0.22
2022/09/01 18:54,113016,80A4D8561,113016,80A4D8560,1e-06,Bitcoin,0.01,US Dollar,ACH,0,0.01
2022/09/01 18:30,113016,80A4D8561,113016,80A4D8560,5e-06,Bitcoin,0.06,US Dollar,ACH,0,0.06
2022/09/01 18:50,113016,80A4D8561,113016,80A4D8560,1e-06,Bitcoin,0.01,US Dollar,ACH,0,0.01
2022/09/01 18:41,2196,8165E6B21,2196,8165E6B20,5e-05,Bitcoin,0.59,US Dollar,Wire,0,0.59
2022/09/01 18:38,5571,811AFB9B1,5571,811AFB9B0,5e-06,Bitcoin,0.06,US Dollar,ACH,0,0.06
2022/09/01 18:52,11265,805923411,11265,805923410,6e-06,Bitcoin,0.07,US Dollar,Wire,0,0.07
2022/09/01 18:39,11265,805923411,11265,805923410,6e-06,Bitcoin,0.07,US Dollar,ACH,0,0.07
2022/09/01 18:35,28335,804B468F1,28335,804B468F0,7e-06,Bitcoin,0.54,Yuan,Wire,0,0.0782608695652174
2022/09/01 18:40,28335,804B468F1,28335,804B468F0,7e-06,Bitcoin,0.53,Yuan,ACH,0,0.07681159420289856
2022/09/01 19:04,1,80059A400,21566,80044B5C0,0.91,US Dollar,0.91,US Dollar,ACH,0,0.91
2022/09/01 19:03,11,8001DC570,22224,80297A340,0.82,US Dollar,0.82,US Dollar,Wire,0,0.82
2022/09/01 19:10,531,800B8C480,1,8030F7BB0,0.36,US Dollar,0.36,US Dollar,Wire,0,0.36
2022/09/01 19:01,224,801749780,22129,803838A50,0.51,US Dollar,0.51,US Dollar,Wire,0,0.51
2022/09/01 19:14,34806,804989A80,13210,804986FB0,0.01,US Dollar,0.01,US Dollar,ACH,0,0.01
2022/09/01 19:04,11,800101740,29158,8062446A0,0.64,US Dollar,0.64,US Dollar,Wire,0,0.64
2022/09/01 19:20,32010,808668440,215514,8086684E0,0.02,US Dollar,0.02,US Dollar,ACH,0,0.02
2022/09/01 19:25,22086,80121C480,2175,809E8B1D0,0.8,US Dollar,0.8,US Dollar,Wire,0,0.8
2022/09/01 19:16,22661,8086435C0,124273,80C480330,0.61,US Dollar,0.61,US Dollar,ACH,0,0.61
2022/09/01 19:27,322772,80CE94DB0,123807,80CE93A80,0.01,US Dollar,0.01,US Dollar,ACH,0,0.01
2022/09/01 19:07,318837,80FD94020,17803,80FD93F30,0.01,US Dollar,0.01,US Dollar,ACH,0,0.01
2022/09/01 19:12,118840,80A255690,215456,811063E50,0.17,US Dollar,0.17,US Dollar,Wire,0,0.17
2022/09/01 19:18,353680,816C4B8B0,18656,816C4B680,0.01,US Dollar,0.01,US Dollar,ACH,0,0.01
2022/09/01 19:04,9715,81479D6D0,35798,817478D50,0.09,US Dollar,0.09,US Dollar,ACH,0,0.09
2022/09/01 19:11,1217,800E34410,261535,817F263E0,0.18,US Dollar,0.18,US Dollar,Wire,0,0.18
2022/09/01 19:27,365835,819D23040,27915,819D22FA0,0.01,US Dollar,0.01,US Dollar,ACH,0,0.01
2022/09/01 19:13,227876,80DFB3970,134019,81AD373E0,0.2,US Dollar,0.2,US Dollar,ACH,0,0.2
2022/09/01 19:17,227876,80DFB3970,134019,81AD373E0,0.3,US Dollar,0.3,US Dollar,Wire,0,0.3
2022/09/01 19:15,34088,803128060,3671,803129A60,0.19,Euro,0.19,Euro,ACH,0,0.1899620075984803
2022/09/01 19:25,323604,808948140,118970,8089506B0,0.01,Euro,0.01,Euro,ACH,0,0.009998000399920017
2022/09/01 19:06,118970,80AA2F2E0,222654,810593DB0,0.13,Euro,0.13,Euro,ACH,0,0.1299740051989602
2022/09/01 19:12,21479,808777A60,21479,808777A60,0.57,Euro,70.28,Yen,ACH,0,0.5043777809674178
2022/09/01 19:12,21479,808777A60,21479,808777A60,1.09,Euro,135.21,Yen,ACH,0,0.9703602698435482
2022/09/01 19:26,21444,801AE0890,217215,8147EDA30,0.57,Euro,0.57,Euro,ACH,0,0.5698860227954409
2022/09/01 19:12,44720,817C7A880,269185,81AAD6FF0,0.37,Euro,0.37,Euro,Wire,0,0.36992601479704057
2022/09/01 19:04,16934,811EE4690,166292,81B368E20,0.38,Euro,0.38,Euro,ACH,0,0.3799240151969606
2022/09/01 19:05,15,800350080,110134,8046213D0,4.88,Yuan,4.88,Yuan,ACH,0,0.7072463768115942
2022/09/01 19:02,37135,805141DC0,213469,805140090,0.02,Yuan,0.02,Yuan,ACH,0,0.002898550724637681
2022/09/01 19:03,315720,805C56B40,215557,805C56AA0,0.82,Yen,0.82,Yen,ACH,0,0.005884885890627242
2022/09/01 19:16,315529,80676A9B0,217073,80676A910,0.02,Yen,0.02,Yen,ACH,0,0.00014353380221042057
2022/09/01 19:18,334762,815764EF0,122348,8157E40A0,0.06,Yen,0.06,Yen,ACH,0,0.0004306014066312616
2022/09/01 19:10,358858,8157E6D70,29640,8156B3E70,0.03,Yen,0.03,Yen,ACH,0,0.0002153007033156308
2022/09/01 19:13,324054,808F231D0,72,808F26770,0.01,Rupee,0.01,Rupee,ACH,0,0.00012571816501766338
2022/09/01 19:16,324551,8093C66F0,5,8093C67E0,0.01,Rupee,0.01,Rupee,ACH,0,0.00012571816501766338
2022/09/01 19:01,327079,809DAC290,24320,809D475D0,0.02,Rupee,0.02,Rupee,ACH,0,0.00025143633003532677
2022/09/01 19:17,5,80E225950,127105,80ED3C6D0,71.24,Rupee,71.24,Rupee,ACH,0,0.8956162075858339
2022/09/01 19:13,332521,80BD27D40,230595,80BD131E0,0.02,Ruble,0.02,Ruble,ACH,0,0.0003313068398297083
2022/09/01 19:13,330385,80C0EA480,32755,80C16A4C0,0.13,Ruble,0.13,Ruble,ACH,0,0.0021534944588931042
2022/09/01 19:24,232857,80C8CE730,135422,80CFAB900,0.46,UK Pound,0.46,UK Pound,Wire,0,0.5331973293768546
2022/09/01 19:27,17,8000A15E0,8,80D066010,0.16,Canadian Dollar,0.16,Canadian Dollar,ACH,0,0.121765601217656
2022/09/01 19:25,17,8000A15E0,8,80D066010,0.23,Canadian Dollar,0.23,Canadian Dollar,Wire,0,0.1750380517503805
2022/09/01 19:18,135933,80D399B10,138512,80E35BD50,0.13,Canadian Dollar,0.13,Canadian Dollar,ACH,0,0.0989345509893455
2022/09/01 19:16,135933,80D66DA40,235735,80E55D260,0.92,Canadian Dollar,0.92,Canadian Dollar,Wire,0,0.700152207001522
2022/09/01 19:03,41019,80F2D6740,212,80F344D50,0.49,Australian Dollar,0.49,Australian Dollar,Wire,0,0.33460803059273425
2022/09/01 19:10,346104,810DDB430,215,810DD8940,0.01,Mexican Peso,0.01,Mexican Peso,ACH,0,0.000495319233245827
2022/09/01 19:04,349380,811F5AD10,11,811FA3E40,0.03,Brazil Real,0.03,Brazil Real,ACH,0,0.005790946819805037
2022/09/01 19:05,349589,812010AF0,248739,812010CC0,0.02,Brazil Real,0.02,Brazil Real,ACH,0,0.0038606312132033584
2022/09/01 19:06,351014,8132D3E50,10,8132CD8A0,0.25,Brazil Real,0.25,Brazil Real,ACH,0,0.048257890165041985
2022/09/01 19:13,49750,8130EE480,52001,81344D260,4.72,Brazil Real,4.72,Brazil Real,ACH,0,0.9111089663159926
2022/09/01 19:07,354155,813F16950,253851,813F16770,0.02,Swiss Franc,0.02,Swiss Franc,ACH,0,0.02040837151399504
2022/09/01 19:12,353125,814178710,253721,8141786C0,0.03,Swiss Franc,0.03,Swiss Franc,ACH,0,0.03061255727099256
2022/09/01 19:28,1199,8152AD390,59033,815A45CD0,2.08,Shekel,2.08,Shekel,ACH,0,0.6202475026092142
2022/09/01 19:00,360057,8167F3F40,61303,81680EBC0,0.01,Shekel,0.01,Shekel,ACH,0,0.002981959147159684
2022/09/01 19:22,1394,800A08B51,1394,800A08B50,8e-06,Bitcoin,0.1,US Dollar,Wire,0,0.1
2022/09/01 19:00,216492,80E1B5F81,216492,80E1B5F80,1e-06,Bitcoin,0.01,US Dollar,ACH,0,0.01
2022/09/01 19:03,216492,80E1B5F81,216492,80E1B5F80,1e-06,Bitcoin,0.01,US Dollar,ACH,0,0.01
2022/09/01 19:20,9096,80540B791,9096,80540B790,2e-06,Bitcoin,0.14,Yuan,ACH,0,0.02028985507246377
2022/09/01 19:24,9096,80540B791,9096,80540B790,1e-06,Bitcoin,0.07,Yuan,Wire,0,0.010144927536231885
2022/09/01 19:10,25304,8055972C1,25304,8055972C0,1e-06,Bitcoin,0.01,Euro,ACH,0,0.009998000399920017
2022/09/01 19:28,25304,8055972C1,25304,8055972C0,2e-06,Bitcoin,0.02,Euro,ACH,0,0.019996000799840034
2022/09/01 19:20,13474,803A93631,13474,803A93630,7e-06,Bitcoin,0.08,US Dollar,ACH,0,0.08
2022/09/01 19:21,13474,803A93631,13474,803A93630,2e-05,Bitcoin,0.23,US Dollar,ACH,0,0.23
2022/09/01 19:10,13474,803A93631,13474,803A93630,1e-06,Bitcoin,0.01,US Dollar,ACH,0,0.01
2022/09/01 19:49,20,80103F3B0,11222,8011B4120,0.03,US Dollar,0.03,US Dollar,Wire,0,0.03
2022/09/01 19:37,31510,80136F550,22435,80136FAA0,0.02,US Dollar,0.02,US Dollar,ACH,0,0.02
2022/09/01 19:40,22364,8017DA820,11495,801E060E0,0.07,US Dollar,0.07,US Dollar,Wire,0,0.07
2022/09/01 19:57,27175,807AE0370,239440,80F5DE050,0.04,US Dollar,0.04,US Dollar,ACH,0,0.04
2022/09/01 19:37,32023,80FAE9D20,28865,80FAE9BE0,0.01,US Dollar,0.01,US Dollar,ACH,0,0.01
2022/09/01 19:52,25242,8025178C0,19589,814DF9F40,0.27,US Dollar,0.27,US Dollar,Wire,0,0.27
2022/09/01 19:55,342158,8152027A0,137952,8152026B0,0.01,US Dollar,0.01,US Dollar,ACH,0,0.01
2022/09/01 19:47,13210,807BD3CB0,138578,817D6ED70,0.26,US Dollar,0.26,US Dollar,Wire,0,0.26
2022/09/01 19:38,225862,810D336D0,66473,8185BC3D0,0.19,US Dollar,0.19,US Dollar,ACH,0,0.19
2022/09/01 19:30,12503,8015A81F0,12503,8015A81F0,0.34,US Dollar,0.29,Euro,ACH,0,0.28994201159768046
2022/09/01 19:30,12503,8015A81F0,28195,8185C6650,0.34,US Dollar,0.34,US Dollar,Wire,0,0.34
2022/09/01 19:51,140626,81524DCC0,160797,8190F76E0,0.13,US Dollar,0.13,US Dollar,ACH,0,0.13
2022/09/01 19:37,318306,81982EE40,255136,81983A370,0.01,US Dollar,0.01,US Dollar,ACH,0,0.01
2022/09/01 19:48,5206,81445A4B0,124173,81B9A2080,0.1,US Dollar,0.1,US Dollar,ACH,0,0.1
2022/09/01 19:39,6058,8028A7030,15461,8063E20E0,0.67,Euro,0.67,Euro,Wire,0,0.6698660267946411
2022/09/01 19:58,310685,803D957C0,12,803D8EA30,0.01,Yuan,0.01,Yuan,ACH,0,0.0014492753623188406
2022/09/01 19:57,12066,804FCEF80,12469,804FEA020,1.54,Yuan,1.54,Yuan,ACH,0,0.22318840579710145
2022/09/01 19:35,12066,804FCEF80,12469,804FEA020,0.6,Yuan,0.6,Yuan,Wire,0,0.08695652173913043
2022/09/01 19:30,310681,806FF0870,112926,8071415E0,0.03,Yuan,0.03,Yuan,ACH,0,0.004347826086956521
2022/09/01 19:37,310587,81B851CA0,110400,81B8496C0,0.03,Yuan,0.03,Yuan,ACH,0,0.004347826086956521
2022/09/01 19:54,317443,80818C500,11832,80818C8C0,0.05,Yen,0.05,Yen,ACH,0,0.0003588345055260514
2022/09/01 19:42,119732,808A159E0,19414,808AF3190,60.42,Rupee,60.42,Rupee,ACH,0,0.7595891530367223
2022/09/01 19:30,323754,808EC74E0,123957,808ECAF30,0.13,Rupee,0.13,Rupee,ACH,0,0.0016343361452296242
2022/09/01 19:42,323726,809863950,14,809864C80,0.05,Rupee,0.05,Rupee,ACH,0,0.000628590825088317
2022/09/01 19:44,324162,809EAF4E0,23033,809EAF440,0.01,Rupee,0.01,Rupee,ACH,0,0.00012571816501766338
2022/09/01 19:51,119699,808FB3C00,23486,80A8F9C00,37.33,Rupee,37.33,Rupee,ACH,0,0.4693059100109374
2022/09/01 19:51,72,80A2C6870,27277,80A75FC90,74.16,Rupee,74.16,Rupee,Wire,0,0.9323259117709917
2022/09/01 19:59,331135,80BD17A10,30959,80BD1CF00,0.01,Ruble,0.01,Ruble,ACH,0,0.00016565341991485414
2022/09/01 19:37,232857,80C4AD780,233282,80CA700C0,0.84,UK Pound,0.84,UK Pound,Wire,0,0.9736646884272996
2022/09/01 19:49,141352,80F8724B0,41019,81032A610,1.07,Australian Dollar,1.07,Australian Dollar,Wire,0,0.7306746790494402
2022/09/01 19:47,116,811DC5930,210,811E1FAE0,1.69,Brazil Real,1.69,Brazil Real,Wire,0,0.3262233375156838
2022/09/01 19:32,116,811E4BF20,116,811FA9100,0.23,Brazil Real,0.23,Brazil Real,ACH,0,0.044397258951838624
2022/09/01 19:46,10,811D74B80,149205,8128CDAE0,1.23,Brazil Real,1.23,Brazil Real,ACH,0,0.23742881961200654
2022/09/01 19:52,351215,813390B50,11,813393230,0.01,Brazil Real,0.01,Brazil Real,ACH,0,0.0019303156066016792
2022/09/01 19:56,211012,80FEAFDB0,211012,80FEAFDB0,2.61,Shekel,0.66,Euro,ACH,0,0.6598680263947211
2022/09/01 19:38,211012,80FEAFDB0,211012,80FEAFDB0,1.11,Shekel,0.28,Euro,ACH,0,0.27994401119776047
2022/09/01 19:38,211012,80FEAFDB0,112,8162F6820,1.11,Shekel,1.11,Shekel,ACH,0,0.33099746533472496
2022/09/01 19:41,211012,80FEAFDB0,211012,80FEAFDB0,0.76,Shekel,0.19,Euro,ACH,0,0.1899620075984803
2022/09/01 19:41,211012,80FEAFDB0,112,8162F6820,0.76,Shekel,0.76,Shekel,Wire,0,0.22662889518413598
2022/09/01 19:41,363603,817D3D740,163470,817D3DA50,0.01,Saudi Riyal,0.01,Saudi Riyal,ACH,0,0.0026666666666666666
2022/09/01 19:50,366913,818E46840,67812,818E48B00,0.01,Saudi Riyal,0.01,Saudi Riyal,ACH,0,0.0026666666666666666
2022/09/01 19:57,363617,819406650,265216,819406E80,0.03,Saudi Riyal,0.03,Saudi Riyal,ACH,0,0.008
2022/09/01 19:39,220822,808171E31,220822,808171E30,7e-06,Bitcoin,0.08,US Dollar,ACH,0,0.08
2022/09/01 19:36,220822,808171E31,220822,808171E30,4e-06,Bitcoin,0.04,US Dollar,ACH,0,0.04
2022/09/01 19:40,6045,80348F281,6045,80348F280,4.7e-05,Bitcoin,0.56,US Dollar,ACH,0,0.56
2022/09/01 19:39,11661,819D702A1,11661,819D702A0,6.9e-05,Bitcoin,0.82,US Dollar,ACH,0,0.82
2022/09/01 19:37,132021,81B0BAE11,132021,81B0BAE10,9e-06,Bitcoin,0.1,US Dollar,Wire,0,0.1
2022/09/01 19:41,132021,81B0BAE11,132021,81B0BAE10,4e-06,Bitcoin,0.05,US Dollar,ACH,0,0.05
2022/09/01 19:50,132021,81B0BAE11,132021,81B0BAE10,1e-06,Bitcoin,0.01,US Dollar,ACH,0,0.01
2022/09/01 19:33,215456,80605E241,215456,80605E240,1.1e-05,Bitcoin,0.13,US Dollar,ACH,0,0.13
2022/09/01 19:31,215456,80605E241,215456,80605E240,3e-05,Bitcoin,0.36,US Dollar,ACH,0,0.36
2022/09/01 19:52,215456,80605E241,215456,80605E240,3e-06,Bitcoin,0.03,US Dollar,ACH,0,0.03
2022/09/01 19:45,215456,80605E241,215456,80605E240,1e-06,Bitcoin,0.01,US Dollar,ACH,0,0.01
2022/09/01 20:05,122779,8098CE470,216796,80B3A0AA0,0.66,US Dollar,0.66,US Dollar,ACH,0,0.66
2022/09/01 20:10,328016,80B4208E0,219687,80B4154F0,0.01,US Dollar,0.01,US Dollar,ACH,0,0.01
2022/09/01 20:04,313026,80C500460,24999,80C500320,0.03,US Dollar,0.03,US Dollar,ACH,0,0.03
2022/09/01 20:01,1217,801103720,236488,80ECBF340,0.04,US Dollar,0.04,US Dollar,Wire,0,0.04
2022/09/01 20:29,2368,805ABB010,119174,80FF0B650,0.68,US Dollar,0.68,US Dollar,Wire,0,0.68
2022/09/01 20:17,118536,80735E920,214342,810E65E60,0.2,US Dollar,0.2,US Dollar,Wire,0,0.2
2022/09/01 20:15,21438,80B737CC0,43217,8118CA1A0,0.76,US Dollar,0.76,US Dollar,Wire,0,0.76
2022/09/01 20:10,115966,8086CFC40,140981,812718E10,0.57,US Dollar,0.57,US Dollar,ACH,0,0.57
2022/09/01 20:23,11222,8008C5810,3100,813C20650,0.93,US Dollar,0.93,US Dollar,ACH,0,0.93
2022/09/01 20:17,352783,8164319A0,352783,8164319A0,0.02,US Dollar,0.13,Brazil Real,ACH,0,0.025094102885821833
2022/09/01 20:17,367209,8189965A0,243246,818996460,0.01,US Dollar,0.01,US Dollar,ACH,0,0.01
2022/09/01 20:00,226660,81272F580,269198,81B02CFE0,0.7,US Dollar,0.7,US Dollar,ACH,0,0.7
2022/09/01 20:01,226660,81272F580,269198,81B02CFE0,0.37,US Dollar,0.37,US Dollar,Wire,0,0.37
2022/09/01 20:02,20,80F3ACC80,222559,81B60AAB0,0.81,US Dollar,0.81,US Dollar,ACH,0,0.81
2022/09/01 20:16,32454,801C2E8B0,20,801C32F90,0.03,Euro,0.03,Euro,ACH,0,0.029994001199760048
2022/09/01 20:04,6586,80300A140,2293,803845F70,0.1,Euro,0.1,Euro,Wire,0,0.09998000399920016
2022/09/01 20:15,3460,802E781C0,212529,8078557C0,0.77,Euro,0.77,Euro,ACH,0,0.7698460307938413
2022/09/01 20:15,214445,805FE1870,214554,80886CA40,0.3,Euro,0.3,Euro,ACH,0,0.29994001199760045
2022/09/01 20:13,214445,805FE1870,214554,80886CA40,0.37,Euro,0.37,Euro,Wire,0,0.36992601479704057
2022/09/01 20:14,337027,80D7F3A80,6586,80D7F3990,0.02,Euro,0.02,Euro,ACH,0,0.019996000799840034
2022/09/01 20:21,4308,80414C710,231026,812D62BA0,0.78,Euro,0.78,Euro,ACH,0,0.7798440311937613
2022/09/01 20:04,37058,80299C1A0,26922,80299CD00,0.01,Yuan,0.01,Yuan,ACH,0,0.0014492753623188406
2022/09/01 20:21,27356,803BADFA0,19970,80436A500,3.33,Yuan,3.33,Yuan,ACH,0,0.4826086956521739
2022/09/01 20:26,312314,80490F3B0,12101,80490CB50,0.01,Yuan,0.01,Yuan,ACH,0,0.0014492753623188406
2022/09/01 20:10,312446,80513A7E0,113831,80513B150,0.01,Yuan,0.01,Yuan,ACH,0,0.0014492753623188406
2022/09/01 20:06,312480,8051FAF50,13512,8051FBB60,0.2,Yuan,0.2,Yuan,ACH,0,0.028985507246376812
2022/09/01 20:00,310177,805214B30,110198,805214AE0,0.01,Yuan,0.01,Yuan,ACH,0,0.0014492753623188406
2022/09/01 20:07,311535,8115E9BA0,9534,8115EA7A0,0.08,Yuan,0.08,Yuan,ACH,0,0.011594202898550725
2022/09/01 20:24,313030,814647AD0,19104,8146468D0,0.01,Yuan,0.01,Yuan,ACH,0,0.0014492753623188406
2022/09/01 20:05,312020,806669A00,12,806628780,0.3,Yen,0.3,Yen,ACH,0,0.002153007033156308
2022/09/01 20:22,315711,806FB3570,119073,806FB2C40,0.1,Yen,0.1,Yen,ACH,0,0.0007176690110521028
2022/09/01 20:24,317753,80796D690,116914,80796D320,0.05,Yen,0.05,Yen,ACH,0,0.0003588345055260514
2022/09/01 20:00,18256,808674F20,4,808717BE0,49.24,Yen,49.24,Yen,Wire,0,0.3533802210420554
2022/09/01 20:24,11832,808137470,15726,806A569D0,136.72,Yen,136.72,Yen,ACH,0,0.9811970719104349
2022/09/01 20:23,325226,8098C9100,223281,8098C9060,1.84,Rupee,1.84,Rupee,ACH,0,0.023132142363250067
2022/09/01 20:26,324507,809EB1FF0,123800,809EB1FA0,0.08,Rupee,0.08,Rupee,ACH,0,0.001005745320141307
2022/09/01 20:26,330393,80BD8B550,132300,80BD82CB0,0.03,Ruble,0.03,Ruble,ACH,0,0.0004969602597445624
2022/09/01 20:13,135558,80D2569B0,235735,80D251050,1.17,Canadian Dollar,1.17,Canadian Dollar,ACH,0,0.8904109589041095
2022/09/01 20:14,136474,80D7A95F0,17,80DF713C0,1.31,Canadian Dollar,1.31,Canadian Dollar,Wire,0,0.9969558599695586
2022/09/01 20:08,336387,80E103140,35777,80E103190,0.01,Canadian Dollar,0.01,Canadian Dollar,ACH,0,0.0076103500761035
2022/09/01 20:12,40904,80F373210,141352,81014C320,0.82,Australian Dollar,0.82,Australian Dollar,Wire,0,0.5599562960939634
2022/09/01 20:19,349468,811EC1E30,248575,8120E5EE0,0.01,Brazil Real,0.01,Brazil Real,ACH,0,0.0019303156066016792
2022/09/01 20:03,249331,8123401C0,248957,8124BCA80,3.29,Brazil Real,3.29,Brazil Real,ACH,0,0.6350738345719524
2022/09/01 20:11,249331,8125CBB50,248575,812A35970,1.92,Brazil Real,1.92,Brazil Real,ACH,0,0.3706205964675224
2022/09/01 20:06,358124,81554D400,58138,815533F00,0.02,Shekel,0.02,Shekel,ACH,0,0.005963918294319368
2022/09/01 20:16,158053,81590A100,257741,815EE37C0,0.62,Shekel,0.62,Shekel,ACH,0,0.1848814671239004
2022/09/01 20:03,325920,8171436D0,325920,8171436D0,0.03,Saudi Riyal,0.52,Rupee,ACH,0,0.006537344580918497
2022/09/01 20:03,325920,8171436D0,18,8000E2980,0.03,Saudi Riyal,0.03,Saudi Riyal,ACH,0,0.008
2022/09/01 20:05,362467,8172E6160,115,8172E58B0,0.01,Saudi Riyal,0.01,Saudi Riyal,ACH,0,0.0026666666666666666
2022/09/01 20:07,365452,81897D7E0,64657,8189846E0,0.01,Saudi Riyal,0.01,Saudi Riyal,ACH,0,0.0026666666666666666
2022/09/01 20:15,2514,8010777B1,2514,8010777B0,1e-06,Bitcoin,0.01,Euro,ACH,0,0.009998000399920017
2022/09/01 20:17,2514,8010777B1,2514,8010777B0,2e-06,Bitcoin,0.02,Euro,ACH,0,0.019996000799840034
2022/09/01 20:08,134326,80C927791,134326,80C927790,9e-06,Bitcoin,0.08,UK Pound,ACH,0,0.09272997032640949
2022/09/01 20:08,134326,80C927791,134326,80C927790,4e-06,Bitcoin,0.04,UK Pound,ACH,0,0.046364985163204746
2022/09/01 20:15,217862,80F404921,217862,80F404920,1.3e-05,Bitcoin,0.16,US Dollar,ACH,0,0.16
2022/09/01 20:19,217862,80F404921,217862,80F404920,4.5e-05,Bitcoin,0.53,US Dollar,ACH,0,0.53
2022/09/01 20:50,32516,800F04C00,1277,800F05AC0,0.25,US Dollar,0.25,US Dollar,ACH,0,0.25
2022/09/01 20:57,21260,800ACE690,1889,801250A00,0.23,US Dollar,0.23,US Dollar,Wire,0,0.23
2022/09/01 20:56,11265,8011E9AE0,1889,802ED9990,0.1,US Dollar,0.1,US Dollar,Wire,0,0.1
2022/09/01 20:48,1110,8009A5B30,3597,803356480,0.94,US Dollar,0.94,US Dollar,ACH,0,0.94
2022/09/01 20:53,394,800F30E10,23760,804DFE300,0.12,US Dollar,0.12,US Dollar,Wire,0,0.12
2022/09/01 20:42,315032,8056BBCB0,23410,8056BB030,0.01,US Dollar,0.01,US Dollar,ACH,0,0.01
2022/09/01 20:46,22547,801301700,13210,805ED2A70,0.98,US Dollar,0.98,US Dollar,ACH,0,0.98
2022/09/01 20:39,14595,8070D44B0,21393,808205B70,0.91,US Dollar,0.91,US Dollar,ACH,0,0.91
2022/09/01 20:53,3653,8020B6D00,13703,8088533A0,0.01,US Dollar,0.01,US Dollar,ACH,0,0.01
2022/09/01 20:37,352896,813398B20,226624,813397860,0.01,US Dollar,0.01,US Dollar,ACH,0,0.01
2022/09/01 20:48,12,803B3CC20,12,803B3CC20,0.11,US Dollar,0.74,Yuan,ACH,0,0.1072463768115942
2022/09/01 20:36,12,803B3CC20,12,803B3CC20,0.25,US Dollar,1.67,Yuan,ACH,0,0.24202898550724636
2022/09/01 20:36,12,803B3CC20,148288,8146151A0,0.25,US Dollar,0.25,US Dollar,ACH,0,0.25
2022/09/01 20:58,14408,80DDB3C00,349,814A77CF0,0.17,US Dollar,0.17,US Dollar,ACH,0,0.17
2022/09/01 20:55,221024,80AE7B430,22106,8164FF100,0.45,US Dollar,0.45,US Dollar,Wire,0,0.45
2022/09/01 20:56,346159,817030240,121007,8170301A0,0.02,US Dollar,0.02,US Dollar,ACH,0,0.02
2022/09/01 20:59,8318,8057A2D10,31373,81C0FBF20,0.63,US Dollar,0.63,US Dollar,ACH,0,0.63
2022/09/01 20:31,3607,800473320,20,800451570,0.08,Euro,0.08,Euro,ACH,0,0.07998400319936014
2022/09/01 20:54,14,80039ECD0,0,80053C550,0.34,Euro,0.34,Euro,ACH,0,0.3399320135972806
2022/09/01 20:49,1126,8009D3240,1768,800A8B020,0.74,Euro,0.74,Euro,ACH,0,0.7398520295940811
2022/09/01 20:31,31286,801FCF610,425,801FCF5C0,0.01,Euro,0.01,Euro,ACH,0,0.009998000399920017
2022/09/01 20:58,15516,80264CBC0,3460,802A2FDB0,0.12,Euro,0.12,Euro,ACH,0,0.11997600479904019
2022/09/01 20:54,15516,80264CBC0,3460,802A2FDB0,0.16,Euro,0.16,Euro,Wire,0,0.15996800639872027
2022/09/01 20:43,24643,801EC3820,7249,8095B4950,0.11,Euro,0.11,Euro,ACH,0,0.10997800439912019
2022/09/01 20:54,1390,80150C7E0,212529,809CAD1B0,0.51,Euro,0.51,Euro,ACH,0,0.5098980203959208
2022/09/01 20:36,25856,8080A9B60,212418,806E176F0,0.9,Euro,0.9,Euro,ACH,0,0.8998200359928015
2022/09/01 20:44,25856,8080A9B60,212418,806E176F0,0.93,Euro,0.93,Euro,Wire,0,0.9298140371925615
2022/09/01 20:51,11314,806C903E0,23848,80DCC6EE0,0.37,Euro,0.37,Euro,ACH,0,0.36992601479704057
2022/09/01 20:52,24070,80DCE07D0,130803,80FEAB240,0.28,Euro,0.28,Euro,ACH,0,0.27994401119776047
2022/09/01 20:32,24070,80DCE07D0,130803,80FEAB240,0.11,Euro,0.11,Euro,Wire,0,0.10997800439912019
2022/09/01 20:50,2293,801AE0670,65816,81AA232E0,0.39,Euro,0.39,Euro,ACH,0,0.38992201559688067
2022/09/01 20:53,37050,8028EF810,7082,8028F5530,0.01,Yuan,0.01,Yuan,ACH,0,0.0014492753623188406
2022/09/01 20:50,35923,803730C20,26,803730B80,0.01,Yuan,0.01,Yuan,ACH,0,0.0014492753623188406
2022/09/01 20:46,37158,803AC9CE0,15,803AC9F10,0.04,Yuan,0.04,Yuan,ACH,0,0.005797101449275362
2022/09/01 20:53,39541,8046B8820,15,804676430,0.01,Yuan,0.01,Yuan,ACH,0,0.0014492753623188406
2022/09/01 20:30,692,804BAF850,10311,80543FD30,0.29,Yuan,0.29,Yuan,Wire,0,0.042028985507246375
2022/09/01 20:52,112711,804FF4FC0,212642,80BC0CBF0,4.34,Yuan,4.34,Yuan,Wire,0,0.6289855072463768
2022/09/01 20:32,312044,805BE7CC0,215278,805BDF870,0.02,Yen,0.02,Yen,ACH,0,0.00014353380221042057
2022/09/01 20:34,13,8040098C0,23,8067F01C0,83.62,Yen,83.62,Yen,ACH,0,0.6001148270417683
2022/09/01 20:59,13,8040098C0,23,8067F01C0,56.27,Yen,56.27,Yen,Wire,0,0.4038323525190182
2022/09/01 20:59,319718,807237730,12,8072376E0,0.04,Yen,0.04,Yen,ACH,0,0.00028706760442084113
2022/09/01 20:47,318334,808029180,117284,8080283E0,0.44,Yen,0.44,Yen,ACH,0,0.003157743648629252
2022/09/01 20:36,15745,80801A100,216654,8157125B0,79.14,Yen,79.14,Yen,Wire,0,0.5679632553466342
2022/09/01 20:44,323873,808E99A00,25,808E9B6C0,0.02,Rupee,0.02,Rupee,ACH,0,0.00025143633003532677
2022/09/01 20:59,319846,808EA4E10,5,808EA4BF0,0.02,Rupee,0.02,Rupee,ACH,0,0.00025143633003532677
2022/09/01 20:58,325594,809516D30,224237,809516F00,0.02,Rupee,0.02,Rupee,ACH,0,0.00025143633003532677
2022/09/01 20:39,124304,808F87B80,224371,809D545A0,47.15,Rupee,47.15,Rupee,ACH,0,0.5927611480582828
2022/09/01 20:39,326980,80A1AC680,124592,80A1B2CD0,0.03,Rupee,0.03,Rupee,ACH,0,0.0003771544950529902
2022/09/01 20:35,319798,80EBE4450,227269,80EBE4310,1.53,Rupee,1.53,Rupee,ACH,0,0.0192348792477025
2022/09/01 20:37,340876,80ED06250,23809,80ED051B0,0.75,Rupee,0.75,Rupee,ACH,0,0.009428862376324754
2022/09/01 20:35,330208,80C157280,132425,80C157190,0.01,Ruble,0.01,Ruble,ACH,0,0.00016565341991485414
2022/09/01 20:39,346417,810E4E670,41014,810E59000,0.19,Mexican Peso,0.19,Mexican Peso,ACH,0,0.009411065431670711
2022/09/01 20:33,149108,8120C21C0,49411,81240DFE0,3.61,Brazil Real,3.61,Brazil Real,ACH,0,0.6968439339832062
2022/09/01 20:49,354362,813CA6510,53874,813CBC360,0.01,Swiss Franc,0.01,Swiss Franc,ACH,0,0.01020418575699752
2022/09/01 20:57,157948,816153580,58138,816227AD0,1.44,Shekel,1.44,Shekel,Wire,0,0.42940211719099447
2022/09/01 20:40,363305,817329180,216,81731B420,0.02,Saudi Riyal,0.02,Saudi Riyal,ACH,0,0.005333333333333333
2022/09/01 20:54,363761,817D0D430,217,817D0D3E0,0.01,Saudi Riyal,0.01,Saudi Riyal,ACH,0,0.0026666666666666666
2022/09/01 20:30,365907,818199CE0,165362,818195840,0.01,Saudi Riyal,0.01,Saudi Riyal,ACH,0,0.0026666666666666666
2022/09/01 20:36,263431,8176DF940,66415,81882C730,2.94,Saudi Riyal,2.94,Saudi Riyal,ACH,0,0.784
2022/09/01 20:57,18,81807D790,217,818A3F430,1.11,Saudi Riyal,1.11,Saudi Riyal,Wire,0,0.29600000000000004
2022/09/01 20:59,1422,803EEDC91,1422,803EEDC90,6.8e-05,Bitcoin,0.81,US Dollar,ACH,0,0.81
2022/09/01 20:56,1422,803EEDC91,1422,803EEDC90,6e-06,Bitcoin,0.07,US Dollar,ACH,0,0.07
2022/09/01 20:36,1422,816354D71,1422,816354D70,3.6e-05,Bitcoin,0.43,US Dollar,ACH,0,0.43
2022/09/01 20:43,1422,816354D71,1422,816354D70,2e-05,Bitcoin,0.24,US Dollar,ACH,0,0.24
2022/09/01 21:13,20,800593670,20,800643D80,0.49,US Dollar,0.49,US Dollar,Wire,0,0.49
2022/09/01 21:11,2860,8019B90F0,11483,80605E430,0.08,US Dollar,0.08,US Dollar,Wire,0,0.08
2022/09/01 21:12,314875,8068F42C0,6045,8068F3960,0.01,US Dollar,0.01,US Dollar,ACH,0,0.01
2022/09/01 21:17,316536,806ADEC40,215191,806ADB580,0.01,US Dollar,0.01,US Dollar,ACH,0,0.01
2022/09/01 21:06,4790,805183250,219425,807607B60,0.22,US Dollar,0.22,US Dollar,Wire,0,0.22
2022/09/01 21:15,2692,801A00200,16456,8079D1160,0.76,US Dollar,0.76,US Dollar,Wire,0,0.76
2022/09/01 21:00,115966,808853FE0,130821,80B4035A0,0.51,US Dollar,0.51,US Dollar,ACH,0,0.51
2022/09/01 21:23,335887,80D03AE30,228752,80D039700,0.01,US Dollar,0.01,US Dollar,ACH,0,0.01
2022/09/01 21:00,21566,8034BD250,14648,814770C70,0.66,US Dollar,0.66,US Dollar,Wire,0,0.66
2022/09/01 21:22,349,800C480E0,56335,816B52900,0.04,US Dollar,0.04,US Dollar,Wire,0,0.04
2022/09/01 21:21,215239,80B6B7360,133530,817BA06E0,0.06,US Dollar,0.06,US Dollar,Wire,0,0.06
2022/09/01 21:23,322288,817DFBF10,22185,817DFBB20,0.02,US Dollar,0.02,US Dollar,ACH,0,0.02
2022/09/01 21:20,3440,806368D10,163271,81A3D32F0,0.48,US Dollar,0.48,US Dollar,ACH,0,0.48
2022/09/01 21:03,354669,81B8FDFC0,247270,81B8FF5C0,0.02,US Dollar,0.02,US Dollar,ACH,0,0.02
2022/09/01 21:23,129402,80F3AED50,226290,81BDE24D0,0.31,US Dollar,0.31,US Dollar,Wire,0,0.31
2022/09/01 21:13,33480,8014495B0,1126,801449C90,0.01,Euro,0.01,Euro,ACH,0,0.009998000399920017
2022/09/01 21:15,22264,801675680,4308,801F31160,0.84,Euro,0.84,Euro,ACH,0,0.8398320335932813
2022/09/01 21:19,20,8024F42F0,6829,802A31C80,0.96,Euro,0.96,Euro,Wire,0,0.9598080383923215
2022/09/01 21:27,21444,801D38770,12386,801EE7C40,0.93,Euro,0.93,Euro,Wire,0,0.9298140371925615
2022/09/01 21:27,20,8001B7160,14652,80F10E9D0,0.54,Euro,0.54,Euro,Wire,0,0.539892021595681
2022/09/01 21:14,355534,8143BDCC0,251088,8143BDC70,0.01,Euro,0.01,Euro,ACH,0,0.009998000399920017
2022/09/01 21:23,31098,8164DE910,58045,8164D8350,0.08,Euro,0.08,Euro,ACH,0,0.07998400319936014
2022/09/01 21:11,15885,80299BF50,15,8034310D0,1.39,Yuan,1.39,Yuan,ACH,0,0.20144927536231882
2022/09/01 21:01,15885,80299BF50,15,8034310D0,2.4,Yuan,2.4,Yuan,Wire,0,0.34782608695652173
2022/09/01 21:12,7082,803F96B10,29900,804A682D0,2.08,Yuan,2.08,Yuan,ACH,0,0.30144927536231886
2022/09/01 21:04,313624,80683BDE0,27,80683BE30,0.04,Yuan,0.04,Yuan,ACH,0,0.005797101449275362
2022/09/01 21:16,338601,80DF48480,11587,80DF481C0,0.03,Yuan,0.03,Yuan,ACH,0,0.004347826086956521
2022/09/01 21:10,39910,8038F2380,13,8038F29C0,0.04,Yen,0.04,Yen,ACH,0,0.00028706760442084113
2022/09/01 21:14,19836,8045B0820,18,80645BCA0,67.68,Yen,67.68,Yen,Wire,0,0.4857183866800632
2022/09/01 21:23,317713,806650E30,215478,806653CD0,0.18,Yen,0.18,Yen,ACH,0,0.001291804219893785
2022/09/01 21:22,317969,806874D40,12,806878F50,0.17,Yen,0.17,Yen,ACH,0,0.0012200373187885747
2022/09/01 21:06,323823,809260A00,5,809264FC0,0.1,Rupee,0.1,Rupee,ACH,0,0.001257181650176634
2022/09/01 21:08,324235,809280760,123824,8092EDE30,0.1,Rupee,0.1,Rupee,ACH,0,0.001257181650176634
2022/09/01 21:24,326604,809B3F840,225095,809B3F7F0,0.21,Rupee,0.21,Rupee,ACH,0,0.0026400814653709313
2022/09/01 21:10,326901,80A682080,123800,80A67CA90,1.16,Rupee,1.16,Rupee,ACH,0,0.014583307142048953
2022/09/01 21:25,329736,80AFDB6C0,27,80AFCFFB0,0.05,Ruble,0.05,Ruble,ACH,0,0.0008282670995742707
2022/09/01 21:14,7,80C8CF220,134744,817E6C3C0,0.56,UK Pound,0.56,UK Pound,Wire,0,0.6491097922848665
2022/09/01 21:28,16,80D3F6870,235676,80D436DC0,1.19,Canadian Dollar,1.19,Canadian Dollar,ACH,0,0.9056316590563165
2022/09/01 21:17,8,80D1FE240,235943,80EECB6C0,0.21,Canadian Dollar,0.21,Canadian Dollar,ACH,0,0.1598173515981735
2022/09/01 21:15,342290,810105C10,110,8101064C0,0.04,Australian Dollar,0.04,Australian Dollar,ACH,0,0.027314941272876266
2022/09/01 21:20,346565,81106B210,245772,811075010,0.02,Mexican Peso,0.02,Mexican Peso,ACH,0,0.000990638466491654
2022/09/01 21:11,349289,811F8E970,149453,81228A3B0,0.07,Brazil Real,0.07,Brazil Real,ACH,0,0.013512209246211757
2022/09/01 21:24,10,811DDE1C0,150820,812F5BAF0,3.73,Brazil Real,3.73,Brazil Real,Wire,0,0.7200077212624264
2022/09/01 21:09,112,81350F730,152768,814FC69F0,0.69,Swiss Franc,0.69,Swiss Franc,Wire,0,0.7040888172328288
2022/09/01 21:13,213,815231620,257433,81535E340,1.62,Shekel,1.62,Shekel,Wire,0,0.4830773818398688
2022/09/01 21:11,358234,815D54DD0,59157,815D54600,0.02,Shekel,0.02,Shekel,ACH,0,0.005963918294319368
2022/09/01 21:17,360208,816086B10,157900,8160913E0,0.01,Shekel,0.01,Shekel,ACH,0,0.002981959147159684
2022/09/01 21:20,263186,81748B360,163470,817613CE0,1.1,Saudi Riyal,1.1,Saudi Riyal,Wire,0,0.29333333333333333
2022/09/01 21:09,63779,817A78EB0,66761,818C527B0,0.66,Saudi Riyal,0.66,Saudi Riyal,ACH,0,0.17600000000000002
2022/09/01 21:26,129467,80EAE5721,129467,80EAE5720,3e-06,Bitcoin,2.55,Rupee,ACH,0,0.03205813207950416
2022/09/01 21:03,129467,80EAE5721,129467,80EAE5720,1e-06,Bitcoin,1.23,Rupee,ACH,0,0.015463334297172598
2022/09/01 21:23,1231,8001DEA81,1231,8001DEA80,1.5e-05,Bitcoin,0.18,US Dollar,ACH,0,0.18
2022/09/01 21:27,1231,8001DEA81,1231,8001DEA80,2e-06,Bitcoin,0.03,US Dollar,ACH,0,0.03
2022/09/01 21:21,1277,801747551,1277,801747550,2e-06,Bitcoin,0.02,US Dollar,Wire,0,0.02
2022/09/01 21:26,1277,801747551,1277,801747550,1e-06,Bitcoin,0.01,US Dollar,Wire,0,0.01
2022/09/01 21:40,31692,800A00320,20,800A00230,0.01,US Dollar,0.01,US Dollar,ACH,0,0.01
2022/09/01 21:39,1394,800A5A6A0,1217,800BD3830,0.65,US Dollar,0.65,US Dollar,Wire,0,0.65
2022/09/01 21:44,32254,800CB5CA0,2175,800CB5A70,0.03,US Dollar,0.03,US Dollar,ACH,0,0.03
2022/09/01 21:34,1217,800910150,11701,800D76D80,0.25,US Dollar,0.25,US Dollar,Wire,0,0.25
2022/09/01 21:56,20,80005E480,1217,801605C80,0.19,US Dollar,0.19,US Dollar,ACH,0,0.19
2022/09/01 21:50,35291,801E825F0,24317,801E87790,0.01,US Dollar,0.01,US Dollar,ACH,0,0.01
2022/09/01 21:50,3440,804720510,11701,80535EA80,0.4,US Dollar,0.4,US Dollar,Wire,0,0.4
2022/09/01 21:55,317375,806F4DB90,1807,806F4D600,0.1,US Dollar,0.1,US Dollar,ACH,0,0.1
2022/09/01 21:38,20,8036DD260,4894,807D02B60,0.04,US Dollar,0.04,US Dollar,ACH,0,0.04
2022/09/01 21:52,2368,800F29FD0,25526,808BBD2F0,0.02,US Dollar,0.02,US Dollar,ACH,0,0.02
2022/09/01 21:58,22124,80637CFB0,11770,80A3EC8F0,0.35,US Dollar,0.35,US Dollar,ACH,0,0.35
2022/09/01 21:33,316268,80A7963F0,24778,80A796490,0.02,US Dollar,0.02,US Dollar,ACH,0,0.02
2022/09/01 21:36,219705,809F58850,118314,80DE2C0A0,0.78,US Dollar,0.78,US Dollar,ACH,0,0.78
2022/09/01 21:36,219705,809F58850,118314,80DE2C0A0,0.07,US Dollar,0.07,US Dollar,Wire,0,0.07
2022/09/01 21:45,3888,811AFC510,14162,811AFD180,0.02,US Dollar,0.02,US Dollar,ACH,0,0.02
2022/09/01 21:33,1638,80501CDF0,3597,815BE8DB0,0.46,US Dollar,0.46,US Dollar,ACH,0,0.46
2022/09/01 21:48,362780,817D6A8B0,145591,817D6A900,0.04,US Dollar,0.04,US Dollar,ACH,0,0.04
2022/09/01 21:37,13821,80C2C8690,219788,8182FE3D0,0.02,US Dollar,0.02,US Dollar,ACH,0,0.02
2022/09/01 21:39,13821,80C2C8690,219788,8182FE3D0,0.01,US Dollar,0.01,US Dollar,Wire,0,0.01
2022/09/01 21:45,310467,819F31A30,49308,819F319E0,0.01,US Dollar,0.01,US Dollar,ACH,0,0.01
2022/09/01 21:53,1595,800396E30,2557,800A72670,0.17,Euro,0.17,Euro,Wire,0,0.1699660067986403
2022/09/01 21:59,0,800064CA0,11437,8035E3560,0.94,Euro,0.94,Euro,ACH,0,0.9398120375924814
2022/09/01 21:35,0,800064CA0,11437,8035E3560,0.09,Euro,0.09,Euro,Wire,0,0.08998200359928014
2022/09/01 21:52,425,8055CF900,216269,806567370,0.4,Euro,0.4,Euro,ACH,0,0.39992001599680066
2022/09/01 21:58,322991,8095A27A0,18396,8095A1490,0.02,Euro,0.02,Euro,ACH,0,0.019996000799840034
2022/09/01 21:56,25304,8020F3F70,17059,80D1088C0,0.35,Euro,0.35,Euro,ACH,0,0.34993001399720053
2022/09/01 21:55,25304,8020F3F70,17059,80D1088C0,0.55,Euro,0.55,Euro,Wire,0,0.5498900219956009
2022/09/01 21:49,498,8004027C0,17059,80EDDC570,0.01,Euro,0.01,Euro,ACH,0,0.009998000399920017
2022/09/01 21:32,130803,80CC67DF0,1595,80F5B5A00,0.84,Euro,0.84,Euro,Wire,0,0.8398320335932813
2022/09/01 21:52,37502,81049DFA0,141167,81049DE10,0.01,Euro,0.01,Euro,ACH,0,0.009998000399920017
2022/09/01 21:37,339422,80D11C640,339422,80D11C640,0.16,Euro,0.25,Canadian Dollar,ACH,0,0.1902587519025875
2022/09/01 21:57,14652,81183E720,112876,81815B090,0.89,Euro,0.89,Euro,ACH,0,0.8898220355928814
2022/09/01 21:49,123520,8118B8320,51510,8197716F0,0.95,Euro,0.95,Euro,ACH,0,0.9498100379924015
2022/09/01 21:38,369944,81A5C62E0,369944,81A5C62E1,2009.13,Euro,0.198138,Bitcoin,Wire,0,1.0010458189975296e-05
2022/09/01 21:52,34814,803173B20,5923,803173C10,0.02,Yuan,0.02,Yuan,ACH,0,0.002898550724637681
2022/09/01 21:59,39051,8035744C0,28335,803574C10,0.02,Yuan,0.02,Yuan,ACH,0,0.002898550724637681
2022/09/01 21:53,310578,803CFBF10,29900,803CE3AA0,0.06,Yuan,0.06,Yuan,ACH,0,0.008695652173913042
2022/09/01 21:32,312582,804B8EC20,12101,804BA8050,0.01,Yuan,0.01,Yuan,ACH,0,0.0014492753623188406
2022/09/01 21:38,29867,805076B70,113579,80E89A6B0,4.9,Yuan,4.9,Yuan,ACH,0,0.7101449275362319
2022/09/01 21:54,310659,803D78D10,29592,803D7CE30,0.01,Yen,0.01,Yen,ACH,0,7.176690110521028e-05
2022/09/01 21:35,318087,806893DA0,116914,806893D50,0.05,Yen,0.05,Yen,ACH,0,0.0003588345055260514
2022/09/01 21:58,323129,80865F490,120838,8086562A0,0.34,Yen,0.34,Yen,ACH,0,0.0024400746375771495
2022/09/01 21:42,312298,8072AB8E0,312298,8072AB8E0,1.04,Rupee,0.09,Yuan,ACH,0,0.013043478260869565
2022/09/01 21:30,319828,808B00E80,23544,808AFDC60,0.05,Rupee,0.05,Rupee,ACH,0,0.000628590825088317
2022/09/01 21:46,323945,808B49210,123568,808B4D020,0.58,Rupee,0.58,Rupee,ACH,0,0.007291653571024476
2022/09/01 21:46,324054,808C1D5D0,23642,808C146D0,0.36,Rupee,0.36,Rupee,ACH,0,0.004525853940635882
2022/09/01 21:46,324104,80923C450,19413,809249DE0,0.01,Rupee,0.01,Rupee,ACH,0,0.00012571816501766338
2022/09/01 21:40,119732,8090DE440,224574,8098A6020,36.13,Rupee,36.13,Rupee,ACH,0,0.4542197302088179
2022/09/01 21:53,36975,80D9C6CE0,17,80E7AF9D0,1.3,Canadian Dollar,1.3,Canadian Dollar,Wire,0,0.989345509893455
2022/09/01 21:51,19,80004C910,212,80F59CCA0,1.23,Australian Dollar,1.23,Australian Dollar,ACH,0,0.8399344441409451
2022/09/01 21:46,113,810F24EF0,14,8110B9CC0,0.25,Mexican Peso,0.25,Mexican Peso,ACH,0,0.012382980831145673
2022/09/01 21:51,19,810FBD520,46633,81129D7A0,13.49,Mexican Peso,13.49,Mexican Peso,ACH,0,0.6681856456486206
2022/09/01 21:42,19,810FBD520,46633,81129D7A0,0.14,Mexican Peso,0.14,Mexican Peso,Wire,0,0.006934469265441578
2022/09/01 21:56,249331,812409050,49014,812FA2B60,1.74,Brazil Real,1.74,Brazil Real,Wire,0,0.3358749155486922
2022/09/01 21:56,152768,813BB3020,152926,813EBA5D0,0.57,Swiss Franc,0.57,Swiss Franc,ACH,0,0.5816385881488586
2022/09/01 21:36,365584,81907EF20,165768,81907F5E0,0.14,Saudi Riyal,0.14,Saudi Riyal,ACH,0,0.037333333333333336
2022/09/01 21:40,137383,80F1A4661,137383,80F1A4660,3.2e-05,Bitcoin,0.38,US Dollar,ACH,0,0.38
2022/09/01 21:32,137383,80F1A4661,137383,80F1A4660,1.2e-05,Bitcoin,0.14,US Dollar,ACH,0,0.14
2022/09/01 21:45,137383,80F1A4661,137383,80F1A4660,2.2e-05,Bitcoin,0.26,US Dollar,Wire,0,0.26
2022/09/01 21:47,19970,804E44F11,19970,804E44F10,1e-06,Bitcoin,0.05,Yuan,Wire,0,0.007246376811594203
2022/09/01 21:36,19970,804E44F11,19970,804E44F10,1e-06,Bitcoin,0.04,Yuan,ACH,0,0.005797101449275362
2022/09/01 21:49,214111,80DC91711,214111,80DC91710,2e-06,Bitcoin,0.03,US Dollar,ACH,0,0.03
2022/09/01 21:33,214111,80DC91711,214111,80DC91710,3e-06,Bitcoin,0.03,US Dollar,Wire,0,0.03
2022/09/01 21:37,13395,80176B681,13395,80176B680,1e-06,Bitcoin,0.01,US Dollar,ACH,0,0.01
2022/09/01 21:56,13395,80176B681,13395,80176B680,1e-06,Bitcoin,0.01,US Dollar,Wire,0,0.01
2022/09/01 21:35,13191,804FEC061,13191,804FEC060,2.1e-05,Bitcoin,1.65,Yuan,ACH,0,0.23913043478260868
2022/09/01 21:44,13191,804FEC061,13191,804FEC060,1.3e-05,Bitcoin,1.02,Yuan,ACH,0,0.14782608695652175
2022/09/01 21:42,13191,804FEC061,13191,804FEC060,3.2e-05,Bitcoin,2.55,Yuan,ACH,0,0.3695652173913043
2022/09/01 22:03,1231,80013AF70,531,80054F690,0.12,US Dollar,0.12,US Dollar,ACH,0,0.12
2022/09/01 22:18,1231,80013AF70,531,80054F690,0.04,US Dollar,0.04,US Dollar,Wire,0,0.04
2022/09/01 22:00,3648,8019B7B00,2368,8019B7560,0.09,US Dollar,0.09,US Dollar,ACH,0,0.09
2022/09/01 22:16,12063,80103F920,21939,8034CFBD0,0.59,US Dollar,0.59,US Dollar,ACH,0,0.59
2022/09/01 22:03,12063,80103F920,21939,8034CFBD0,0.61,US Dollar,0.61,US Dollar,Wire,0,0.61
2022/09/01 22:15,12,8019D00E0,212996,8054CB750,0.54,US Dollar,0.54,US Dollar,Wire,0,0.54
2022/09/01 22:26,19856,805B72680,19856,805B72680,0.4,US Dollar,42.67,Yen,ACH,0,0.30622936701593223
2022/09/01 22:01,224,8003005E0,1110,806155CC0,0.24,US Dollar,0.24,US Dollar,Wire,0,0.24
2022/09/01 22:12,21393,801565E70,15284,80861F5A0,0.02,US Dollar,0.02,US Dollar,ACH,0,0.02
2022/09/01 22:14,21393,801565E70,15284,80861F5A0,0.09,US Dollar,0.09,US Dollar,Wire,0,0.09
2022/09/01 22:06,23,8064ECAA0,23,8064ECAA0,1.07,US Dollar,112.91,Yen,ACH,0,0.8103200803789292
2022/09/01 22:24,31678,80C919F50,19229,80C919F00,0.01,US Dollar,0.01,US Dollar,ACH,0,0.01
2022/09/01 22:02,11495,80758DBF0,22481,80EC5C0C0,0.26,US Dollar,0.26,US Dollar,ACH,0,0.26
2022/09/01 22:22,5617,805536460,218072,810F62D70,0.25,US Dollar,0.25,US Dollar,ACH,0,0.25
2022/09/01 22:06,5617,805536460,218072,810F62D70,0.96,US Dollar,0.96,US Dollar,Wire,0,0.96
2022/09/01 22:18,24438,809062190,24438,80CE91200,0.09,US Dollar,0.09,US Dollar,ACH,0,0.09
2022/09/01 22:27,320458,8157EF890,24438,8157EF750,0.02,US Dollar,0.02,US Dollar,ACH,0,0.02
2022/09/01 22:21,115966,8060F9C30,139974,81594AA30,0.69,US Dollar,0.69,US Dollar,Wire,0,0.69
2022/09/01 22:17,26179,8134120E0,152182,8151C2F70,0.96,US Dollar,0.96,US Dollar,ACH,0,0.96
2022/09/01 22:27,26179,8134120E0,152182,8151C2F70,0.67,US Dollar,0.67,US Dollar,Wire,0,0.67
2022/09/01 22:29,22481,816C9C220,131266,816E0C840,0.83,US Dollar,0.83,US Dollar,ACH,0,0.83
2022/09/01 22:05,351905,816E2E820,260472,816E2CCE0,0.01,US Dollar,0.01,US Dollar,ACH,0,0.01
2022/09/01 22:04,367011,81A6F5430,18081,81A6F51B0,0.03,US Dollar,0.03,US Dollar,ACH,0,0.03
2022/09/01 22:17,12274,802239290,24029,80270CA00,0.28,Euro,0.28,Euro,ACH,0,0.27994401119776047
2022/09/01 22:08,2293,801DE8470,14195,8065B81E0,0.18,Euro,0.18,Euro,ACH,0,0.1799640071985603
2022/09/01 22:11,3460,801AA4990,2293,806EE57A0,0.24,Euro,0.24,Euro,ACH,0,0.23995200959808038
2022/09/01 22:27,326053,80A571190,326053,80A571190,0.01,Euro,0.77,Ruble,ACH,0,0.01275531333344377
2022/09/01 22:14,112357,806F273B0,228073,80B336060,0.35,Euro,0.35,Euro,Wire,0,0.34993001399720053
2022/09/01 22:29,1776,800DB0DC0,122416,80DAFB260,0.1,Euro,0.1,Euro,ACH,0,0.09998000399920016
2022/09/01 22:03,1595,80C867360,219760,80DC05630,0.03,Euro,0.03,Euro,Wire,0,0.029994001199760048
2022/09/01 22:16,321288,814052FE0,7530,814040A30,0.01,Euro,0.01,Euro,ACH,0,0.009998000399920017
2022/09/01 22:03,38839,814DBFEB0,55985,814D9F3F0,0.01,Euro,0.01,Euro,ACH,0,0.009998000399920017
2022/09/01 22:13,15461,802377C90,37548,815D03260,0.03,Euro,0.03,Euro,ACH,0,0.029994001199760048
2022/09/01 22:10,15461,802377C90,37548,815D03260,0.05,Euro,0.05,Euro,Wire,0,0.04999000199960008
2022/09/01 22:19,39265,80447DE70,28335,80447E670,0.01,Yuan,0.01,Yuan,ACH,0,0.0014492753623188406
2022/09/01 22:07,311098,804613920,9976,8045DC640,0.02,Yuan,0.02,Yuan,ACH,0,0.002898550724637681
2022/09/01 22:15,9856,8039C9460,9530,80504A9B0,0.71,Yuan,0.71,Yuan,ACH,0,0.10289855072463767
2022/09/01 22:27,29867,804EA19C0,12469,8053FFC00,4.39,Yuan,4.39,Yuan,Wire,0,0.6362318840579709
2022/09/01 22:24,312742,8077F8CF0,7082,8077F94A0,0.03,Yuan,0.03,Yuan,ACH,0,0.004347826086956521
2022/09/01 22:17,311902,809AFBEA0,7082,809AFBEF0,0.03,Yuan,0.03,Yuan,ACH,0,0.004347826086956521
2022/09/01 22:10,343089,80FA2F860,5893,80FA1ED30,0.03,Yuan,0.03,Yuan,ACH,0,0.004347826086956521
2022/09/01 22:28,310593,8108233E0,114919,8107F8060,0.03,Yuan,0.03,Yuan,ACH,0,0.004347826086956521
2022/09/01 22:28,23,8036B9E70,29640,8045B1B30,130.84,Yen,130.84,Yen,ACH,0,0.9389981340605713
2022/09/01 22:28,29640,805C4D2B0,116914,8067F97F0,59.7,Yen,59.7,Yen,Wire,0,0.4284483995981054
2022/09/01 22:22,317793,806822BF0,17380,80682A250,0.08,Yen,0.08,Yen,ACH,0,0.0005741352088416823
2022/09/01 22:29,317724,806F63DD0,217073,806F63A20,0.01,Yen,0.01,Yen,ACH,0,7.176690110521028e-05
2022/09/01 22:25,320898,807C17DD0,17891,807C17700,0.02,Yen,0.02,Yen,ACH,0,0.00014353380221042057
2022/09/01 22:02,23,806800370,117912,808001DE0,102.36,Yen,102.36,Yen,Wire,0,0.7346059997129324
2022/09/01 22:07,32144,8086C93F0,21461,8086CA720,0.22,Yen,0.22,Yen,ACH,0,0.001578871824314626
2022/09/01 22:06,321854,8156F57B0,17579,8156F5530,0.03,Yen,0.03,Yen,ACH,0,0.0002153007033156308
2022/09/01 22:25,323823,808F01A70,123824,808F01850,0.17,Rupee,0.17,Rupee,ACH,0,0.0021372088053002777
2022/09/01 22:27,324466,809168770,23494,80915DD90,37.8,Rupee,37.8,Rupee,ACH,0,0.4752146637667676
2022/09/01 22:08,24869,8094FED80,224371,809776600,68.7,Rupee,68.7,Rupee,Wire,0,0.8636837936713475
2022/09/01 22:23,328007,80EB83DC0,225606,80EB83780,0.02,Rupee,0.02,Rupee,ACH,0,0.00025143633003532677
2022/09/01 22:01,332831,80BF8F980,19,80BF8F9D0,0.01,Ruble,0.01,Ruble,ACH,0,0.00016565341991485414
2022/09/01 22:21,333163,80C109B10,32755,80C10AB80,0.01,Ruble,0.01,Ruble,ACH,0,0.00016565341991485414
2022/09/01 22:15,336827,80D7DB390,136136,80D7DEB90,0.01,Canadian Dollar,0.01,Canadian Dollar,ACH,0,0.0076103500761035
2022/09/01 22:22,346104,810DE2DC0,14,810DDF310,0.01,Mexican Peso,0.01,Mexican Peso,ACH,0,0.000495319233245827
2022/09/01 22:11,14,810E97200,46228,81105D9A0,1.1,Mexican Peso,1.1,Mexican Peso,ACH,0,0.054485115657040964
2022/09/01 22:23,350421,81261DB80,248575,81261DA40,0.02,Brazil Real,0.02,Brazil Real,ACH,0,0.0038606312132033584
2022/09/01 22:25,350771,812EFE2A0,248957,812EFE250,0.02,Brazil Real,0.02,Brazil Real,ACH,0,0.0038606312132033584
2022/09/01 22:06,52898,8142CAAD0,54525,8142F83D0,0.45,Swiss Franc,0.45,Swiss Franc,ACH,0,0.4591883590648884
2022/09/01 22:22,52898,813C61ED0,153802,814662820,0.36,Swiss Franc,0.36,Swiss Franc,ACH,0,0.3673506872519107
2022/09/01 22:21,52898,813C61ED0,153802,814662820,0.03,Swiss Franc,0.03,Swiss Franc,Wire,0,0.03061255727099256
2022/09/01 22:04,258461,815CD0200,57466,815CDA630,2.2,Shekel,2.2,Shekel,Wire,0,0.6560310123751305
2022/09/01 22:04,347090,815EC7570,347090,815EC7570,0.01,Shekel,0.09,Mexican Peso,ACH,0,0.004457873099212442
2022/09/01 22:04,347090,815EC7570,259164,815EC57C0,0.01,Shekel,0.01,Shekel,ACH,0,0.002981959147159684
2022/09/01 22:18,366781,81872C580,265216,818A3D1F0,0.02,Saudi Riyal,0.02,Saudi Riyal,ACH,0,0.005333333333333333
2022/09/01 22:04,367827,81904BEA0,165768,819028B00,0.01,Saudi Riyal,0.01,Saudi Riyal,ACH,0,0.0026666666666666666
2022/09/01 22:13,17803,80EE84BB1,17803,80EE84BB0,1e-06,Bitcoin,0.01,US Dollar,ACH,0,0.01
2022/09/01 22:17,6586,803F648A1,6586,803F648A0,2e-06,Bitcoin,0.02,Euro,ACH,0,0.019996000799840034
2022/09/01 22:17,6586,803F648A1,6586,803F648A0,1e-06,Bitcoin,0.01,Euro,ACH,0,0.009998000399920017
2022/09/01 22:09,6586,803F648A1,6586,803F648A0,1e-06,Bitcoin,0.01,Euro,ACH,0,0.009998000399920017
2022/09/01 22:04,5394,80524ED81,5394,80524ED80,1e-06,Bitcoin,0.01,US Dollar,ACH,0,0.01
2022/09/01 22:02,5394,80524ED81,5394,80524ED80,1e-06,Bitcoin,0.01,US Dollar,ACH,0,0.01
2022/09/01 22:17,233706,80C874CD1,233706,80C874CD0,3e-06,Bitcoin,0.03,UK Pound,Wire,0,0.03477373887240356
2022/09/01 22:01,125980,81700BA31,125980,81700BA30,4.7e-05,Bitcoin,0.56,US Dollar,Wire,0,0.56
2022/09/01 22:26,125980,81700BA31,125980,81700BA30,7e-06,Bitcoin,0.08,US Dollar,ACH,0,0.08
2022/09/01 22:10,18247,80B3A7B81,18247,80B3A7B80,1.9e-05,Bitcoin,0.23,US Dollar,ACH,0,0.23
2022/09/01 22:03,1110,80101B7D1,1110,80101B7D0,1e-06,Bitcoin,0.01,US Dollar,ACH,0,0.01
2022/09/01 22:18,1110,80101B7D1,1110,80101B7D0,1e-06,Bitcoin,0.01,US Dollar,ACH,0,0.01
2022/09/01 22:53,20,80015A0A0,11046,8005D0EB0,0.99,US Dollar,0.99,US Dollar,Wire,0,0.99
2022/09/01 22:42,310483,8082820A0,15331,808282C60,0.01,US Dollar,0.01,US Dollar,ACH,0,0.01
2022/09/01 22:50,37612,80857FE60,37612,80857FE60,0.01,US Dollar,0.01,Euro,ACH,0,0.009998000399920017
2022/09/01 22:42,220188,807FA4E00,22031,808D4EAA0,0.46,US Dollar,0.46,US Dollar,Wire,0,0.46
2022/09/01 22:42,21939,80690EE90,112568,80AAFB090,0.72,US Dollar,0.72,US Dollar,Wire,0,0.72
2022/09/01 22:58,21260,802350090,119174,80C78E990,0.3,US Dollar,0.3,US Dollar,ACH,0,0.3
2022/09/01 22:56,20,800392B70,127980,80EFD8240,0.14,US Dollar,0.14,US Dollar,ACH,0,0.14
2022/09/01 22:57,25526,80437B9D0,12063,8102FFEC0,0.03,US Dollar,0.03,US Dollar,ACH,0,0.03
2022/09/01 22:51,25526,80437B9D0,12063,8102FFEC0,0.01,US Dollar,0.01,US Dollar,Wire,0,0.01
2022/09/01 22:47,13354,8047945E0,236008,810C628E0,0.76,US Dollar,0.76,US Dollar,ACH,0,0.76
2022/09/01 22:40,317350,811B9EB10,225759,811B87DB0,0.49,US Dollar,0.49,US Dollar,ACH,0,0.49
2022/09/01 22:42,28625,806094570,15875,812114510,0.62,US Dollar,0.62,US Dollar,ACH,0,0.62
2022/09/01 22:41,118681,8075555A0,226290,8155FA500,0.89,US Dollar,0.89,US Dollar,ACH,0,0.89
2022/09/01 22:46,18990,814AB21B0,126883,81A1F77D0,0.35,US Dollar,0.35,US Dollar,Wire,0,0.35
2022/09/01 22:48,14213,8024A8410,24455,804564BE0,0.96,Euro,0.96,Euro,ACH,0,0.9598080383923215
2022/09/01 22:37,39470,804CE3760,1595,804CE3B70,0.01,Euro,0.01,Euro,ACH,0,0.009998000399920017
2022/09/01 22:56,5082,802646480,6058,8053BA480,0.16,Euro,0.16,Euro,ACH,0,0.15996800639872027
2022/09/01 22:52,320663,8077CE460,3460,807783240,0.01,Euro,0.01,Euro,ACH,0,0.009998000399920017
2022/09/01 22:32,321288,809C30D30,19300,809C30E20,0.01,Euro,0.01,Euro,ACH,0,0.009998000399920017
2022/09/01 22:58,4308,806142440,19629,80EF2A850,0.06,Euro,0.06,Euro,ACH,0,0.059988002399520096
2022/09/01 22:33,4308,80260CCF0,8889,8108BDA60,0.58,Euro,0.58,Euro,ACH,0,0.5798840231953609
2022/09/01 22:57,357792,819AF78A0,168474,819AF76D0,0.08,Euro,0.08,Euro,ACH,0,0.07998400319936014
2022/09/01 22:48,7082,802C142E0,9096,80338E590,1.27,Yuan,1.27,Yuan,Wire,0,0.18405797101449275
2022/09/01 22:46,39308,80432EE80,8997,80432AAD0,0.01,Yuan,0.01,Yuan,ACH,0,0.0014492753623188406
2022/09/01 22:50,310283,80529CFA0,12307,80529C880,0.04,Yuan,0.04,Yuan,ACH,0,0.005797101449275362
2022/09/01 22:43,313649,819FBE4A0,29867,819FBFDF0,0.03,Yuan,0.03,Yuan,ACH,0,0.004347826086956521
2022/09/01 22:42,29592,8038FAFE0,29572,80450ED50,3.22,Yen,3.22,Yen,ACH,0,0.02310894215587771
2022/09/01 22:54,315610,8066A57C0,15726,80669CD70,0.05,Yen,0.05,Yen,ACH,0,0.0003588345055260514
2022/09/01 22:37,215278,80662D430,17380,806F9B970,80.28,Yen,80.28,Yen,Wire,0,0.5761446820726281
2022/09/01 22:49,318205,8081DA8B0,117743,8081C27D0,0.02,Yen,0.02,Yen,ACH,0,0.00014353380221042057
2022/09/01 22:49,315614,80908B560,315614,80908B560,0.02,Rupee,0.03,Yen,ACH,0,0.0002153007033156308
2022/09/01 22:36,324029,809FB64E0,225095,809FB65D0,0.15,Rupee,0.15,Rupee,ACH,0,0.0018857724752649508
2022/09/01 22:54,126455,809F50C10,223281,80A0DEF40,76.57,Rupee,76.57,Rupee,ACH,0,0.9626239895402485
2022/09/01 22:56,123824,808C00170,128540,80A7C4BB0,0.88,Rupee,0.88,Rupee,Wire,0,0.01106319852155438
2022/09/01 22:40,325605,80EC44F90,24320,80EC6ACC0,0.08,Rupee,0.08,Rupee,ACH,0,0.001005745320141307
2022/09/01 22:37,11,80CFD2C00,136136,80D61BA30,0.64,Canadian Dollar,0.64,Canadian Dollar,ACH,0,0.487062404870624
2022/09/01 22:47,36242,80D536590,136606,80D9A7230,0.07,Canadian Dollar,0.07,Canadian Dollar,Wire,0,0.05327245053272451
2022/09/01 22:56,110,80F58D840,241503,80F8A5D80,0.01,Australian Dollar,0.01,Australian Dollar,ACH,0,0.006828735318219066
2022/09/01 22:51,354506,813E5A480,253428,813E40960,0.01,Swiss Franc,0.01,Swiss Franc,ACH,0,0.01020418575699752
2022/09/01 22:49,153743,813C29500,156900,814EA13E0,0.21,Swiss Franc,0.21,Swiss Franc,ACH,0,0.2142879008969479
2022/09/01 22:53,14,8152AE3A0,59700,815F14C00,1.59,Shekel,1.59,Shekel,Wire,0,0.4741315043983898
2022/09/01 22:35,63587,8174B5DA0,163470,817525650,1.0,Saudi Riyal,1.0,Saudi Riyal,Wire,0,0.26666666666666666
2022/09/01 22:38,363757,81784A460,263186,81784A370,0.02,Saudi Riyal,0.02,Saudi Riyal,ACH,0,0.005333333333333333
2022/09/01 22:50,63834,817B98C50,263574,817E47270,1.07,Saudi Riyal,1.07,Saudi Riyal,ACH,0,0.2853333333333333
2022/09/01 22:50,63834,817B98C50,263574,817E47270,0.16,Saudi Riyal,0.16,Saudi Riyal,Wire,0,0.042666666666666665
2022/09/01 22:38,1291,802AF2FF1,1291,802AF2FF0,8e-06,Bitcoin,0.1,US Dollar,ACH,0,0.1
2022/09/01 22:57,1291,802AF2FF1,1291,802AF2FF0,5.1e-05,Bitcoin,0.61,US Dollar,ACH,0,0.61
2022/09/01 22:59,214527,8073CA7B1,214527,8073CA7B0,1e-06,Bitcoin,0.01,US Dollar,ACH,0,0.01
2022/09/01 22:34,20737,817B281F1,20737,817B281F0,3e-06,Bitcoin,0.03,Euro,Wire,0,0.029994001199760048
2022/09/01 22:44,226660,81914AE11,226660,81914AE10,2.7e-05,Bitcoin,0.32,US Dollar,ACH,0,0.32
2022/09/01 22:31,29158,81280B411,29158,81280B410,1e-06,Bitcoin,0.01,US Dollar,ACH,0,0.01
2022/09/01 22:58,29158,81280B411,29158,81280B410,2e-06,Bitcoin,0.03,US Dollar,Wire,0,0.03
2022/09/01 23:18,33378,8013942F0,1231,801394160,0.01,US Dollar,0.01,US Dollar,ACH,0,0.01
2022/09/01 23:00,1277,805DD4290,210472,8061FF2B0,0.09,US Dollar,0.09,US Dollar,Wire,0,0.09
2022/09/01 23:10,1217,8006A8420,110821,806B94130,0.23,US Dollar,0.23,US Dollar,Wire,0,0.23
2022/09/01 23:04,110400,805198320,110400,805198320,0.54,US Dollar,3.59,Yuan,ACH,0,0.5202898550724637
2022/09/01 23:28,110400,805198320,110400,805198320,0.63,US Dollar,4.24,Yuan,ACH,0,0.6144927536231884
2022/09/01 23:28,110400,805198320,11222,80B7D77A0,0.63,US Dollar,0.63,US Dollar,ACH,0,0.63
2022/09/01 23:01,329925,80D221140,16456,80D2203B0,0.01,US Dollar,0.01,US Dollar,ACH,0,0.01
2022/09/01 23:19,34978,80D20AA80,1217,80DDB3FA0,0.28,US Dollar,0.28,US Dollar,ACH,0,0.28
2022/09/01 23:13,1638,800EA30A0,19085,811DF7380,0.98,US Dollar,0.98,US Dollar,Wire,0,0.98
2022/09/01 23:19,1217,805207DF0,12592,8142E0450,0.2,US Dollar,0.2,US Dollar,ACH,0,0.2
2022/09/01 23:02,1217,805207DF0,12592,8142E0450,0.51,US Dollar,0.51,US Dollar,Wire,0,0.51
2022/09/01 23:13,117912,806A5D500,117912,806A5D500,0.98,US Dollar,103.4,Yen,ACH,0,0.7420697574278743
2022/09/01 23:11,11701,800BBDD80,220822,814A345C0,0.59,US Dollar,0.59,US Dollar,ACH,0,0.59
2022/09/01 23:01,11671,8055C71B0,226151,81A2E93E0,0.24,US Dollar,0.24,US Dollar,ACH,0,0.24
2022/09/01 23:25,11671,8055C71B0,226151,81A2E93E0,0.08,US Dollar,0.08,US Dollar,Wire,0,0.08
2022/09/01 23:17,23319,80EA093A0,149701,81A4C8D80,0.32,US Dollar,0.32,US Dollar,Wire,0,0.32
2022/09/01 23:13,224231,80B980950,43217,81AFBE9E0,0.83,US Dollar,0.83,US Dollar,ACH,0,0.83
2022/09/01 23:23,20,8014EA1D0,1595,801D7DF10,0.07,Euro,0.07,Euro,Wire,0,0.06998600279944012
2022/09/01 23:06,24027,801863970,3460,801F475D0,0.5,Euro,0.5,Euro,Wire,0,0.4999000199960008
2022/09/01 23:18,310938,803F4E790,25400,803F5FC30,0.01,Euro,0.01,Euro,ACH,0,0.009998000399920017
2022/09/01 23:27,11,8001A22A0,27436,812BD51E0,0.4,Euro,0.4,Euro,ACH,0,0.39992001599680066
2022/09/01 23:18,25788,80292B640,14195,8136B26E0,0.78,Euro,0.78,Euro,ACH,0,0.7798440311937613
2022/09/01 23:02,6090,8105B0450,247976,813FAE4E0,0.67,Euro,0.67,Euro,ACH,0,0.6698660267946411
2022/09/01 23:03,1390,806C79620,255226,8188942C0,0.02,Euro,0.02,Euro,ACH,0,0.019996000799840034
2022/09/01 23:06,212418,80B8AE4C0,61712,81A1270F0,0.85,Euro,0.85,Euro,Wire,0,0.8498300339932013
2022/09/01 23:15,15,8021E7ED0,5923,80340DF90,3.29,Yuan,3.29,Yuan,ACH,0,0.47681159420289854
2022/09/01 23:15,26922,802991FD0,27425,8035A7FF0,5.85,Yuan,5.85,Yuan,ACH,0,0.8478260869565216
2022/09/01 23:23,26922,802991FD0,27425,8035A7FF0,0.31,Yuan,0.31,Yuan,Wire,0,0.04492753623188406
2022/09/01 23:06,35938,803D652A0,27,803D55C00,0.01,Yuan,0.01,Yuan,ACH,0,0.0014492753623188406
2022/09/01 23:04,27356,80494A960,13577,80523FBA0,1.95,Yuan,1.95,Yuan,Wire,0,0.2826086956521739
2022/09/01 23:12,17768,804931140,11756,80532B790,2.36,Yuan,2.36,Yuan,Wire,0,0.34202898550724636
2022/09/01 23:29,15885,8033C15E0,10920,805946D30,6.56,Yuan,6.56,Yuan,Wire,0,0.9507246376811593
2022/09/01 23:26,29844,803B273C0,13191,80CB8D310,4.7,Yuan,4.7,Yuan,ACH,0,0.6811594202898551
2022/09/01 23:09,310220,817F4B650,213293,817F41D20,0.04,Yuan,0.04,Yuan,ACH,0,0.005797101449275362
2022/09/01 23:06,23,8036B8250,13,8038CDCD0,42.16,Yen,42.16,Yen,Wire,0,0.3025692550595665
2022/09/01 23:09,315611,8063BA150,13,8063B1A70,0.04,Yen,0.04,Yen,ACH,0,0.00028706760442084113
2022/09/01 23:16,312039,80671AC10,115648,80671A7B0,1.41,Yen,1.41,Yen,ACH,0,0.010119133055834648
2022/09/01 23:23,323657,8089C7710,72,8089C76C0,0.01,Rupee,0.01,Rupee,ACH,0,0.00012571816501766338
2022/09/01 23:07,323747,808A7C460,123651,808A7C320,0.46,Rupee,0.46,Rupee,ACH,0,0.005783035590812517
2022/09/01 23:06,119732,807322F90,123800,808CC9D90,53.73,Rupee,53.73,Rupee,ACH,0,0.6754837006399054
2022/09/01 23:04,323728,808EC0B80,123957,808EC1B30,0.88,Rupee,0.88,Rupee,ACH,0,0.01106319852155438
2022/09/01 23:12,327006,809F185B0,123568,809EE6190,0.04,Rupee,0.04,Rupee,ACH,0,0.0005028726600706535
2022/09/01 23:03,328819,80A7CFA70,127900,80A7CEB00,0.01,Rupee,0.01,Rupee,ACH,0,0.00012571816501766338
2022/09/01 23:04,340146,80E8383F0,238312,80E82C690,0.02,Rupee,0.02,Rupee,ACH,0,0.00025143633003532677
2022/09/01 23:09,136424,80D5763A0,235647,80D646EA0,1.14,Canadian Dollar,1.14,Canadian Dollar,Wire,0,0.8675799086757989
2022/09/01 23:02,345031,810BA9230,43538,810B94710,0.01,Australian Dollar,0.01,Australian Dollar,ACH,0,0.006828735318219066
2022/09/01 23:11,347108,811204ED0,19,811205680,0.01,Mexican Peso,0.01,Mexican Peso,ACH,0,0.000495319233245827
2022/09/01 23:05,349547,8122FB990,214,8122FB940,0.01,Brazil Real,0.01,Brazil Real,ACH,0,0.0019303156066016792
2022/09/01 23:07,351081,812F07CB0,250253,812EEF920,0.01,Brazil Real,0.01,Brazil Real,ACH,0,0.0019303156066016792
2022/09/01 23:08,358101,815379C80,1199,81537D230,0.01,Shekel,0.01,Shekel,ACH,0,0.002981959147159684
2022/09/01 23:17,367343,818FC9120,67682,818FC8CA0,0.03,Saudi Riyal,0.03,Saudi Riyal,ACH,0,0.008
2022/09/01 23:21,11701,8034B3501,11701,8034B3500,1e-06,Bitcoin,0.01,US Dollar,Wire,0,0.01
2022/09/01 23:26,11701,8034B3501,11701,8034B3500,1e-06,Bitcoin,0.01,US Dollar,ACH,0,0.01
2022/09/01 23:57,3549,800ADE600,1807,800ACF7A0,0.01,US Dollar,0.01,US Dollar,ACH,0,0.01
2022/09/01 23:44,31810,8013FE4C0,13125,8013F6180,0.02,US Dollar,0.02,US Dollar,ACH,0,0.02
2022/09/01 23:54,11495,800918520,1,802FBABE0,0.01,US Dollar,0.01,US Dollar,ACH,0,0.01
2022/09/01 23:32,38473,803816F90,3500,803816AB0,0.01,US Dollar,0.01,US Dollar,ACH,0,0.01
2022/09/01 23:36,1812,800B30440,22129,80452AB90,0.65,US Dollar,0.65,US Dollar,ACH,0,0.65
2022/09/01 23:35,36052,8047A6330,2196,8047A0350,0.01,US Dollar,0.01,US Dollar,ACH,0,0.01
2022/09/01 23:55,31509,804A6F520,27175,804A6F430,0.01,US Dollar,0.01,US Dollar,ACH,0,0.01
2022/09/01 23:49,24523,8023FD8B0,14162,809E85370,0.15,US Dollar,0.15,US Dollar,Wire,0,0.15
2022/09/01 23:38,327990,80A339F40,15786,80A337150,0.04,US Dollar,0.04,US Dollar,ACH,0,0.04
2022/09/01 23:30,1638,8055912D0,22481,80ABD7EA0,0.5,US Dollar,0.5,US Dollar,ACH,0,0.5
2022/09/01 23:40,1638,8055912D0,22481,80ABD7EA0,0.05,US Dollar,0.05,US Dollar,Wire,0,0.05
2022/09/01 23:58,116473,809E8B960,215766,80B0B2DE0,0.45,US Dollar,0.45,US Dollar,ACH,0,0.45
2022/09/01 23:33,116473,809E8B960,215766,80B0B2DE0,0.59,US Dollar,0.59,US Dollar,Wire,0,0.59
2022/09/01 23:44,31172,80B6BEA70,225862,80B6C8AE0,0.01,US Dollar,0.01,US Dollar,ACH,0,0.01
2022/09/01 23:51,11046,80161EF00,28393,80BA73C70,0.69,US Dollar,0.69,US Dollar,ACH,0,0.69
2022/09/01 23:51,342829,80F88D730,27155,80F88CBD0,0.08,US Dollar,0.08,US Dollar,ACH,0,0.08
2022/09/01 23:57,344535,8105257F0,226624,81052DE80,0.01,US Dollar,0.01,US Dollar,ACH,0,0.01
2022/09/01 23:46,13210,803C48AC0,22031,8119F18F0,0.29,US Dollar,0.29,US Dollar,ACH,0,0.29
2022/09/01 23:51,226436,8116F8E60,121335,811A665C0,0.51,US Dollar,0.51,US Dollar,ACH,0,0.51
2022/09/01 23:51,353574,8137C9620,136360,8137C97A0,0.01,US Dollar,0.01,US Dollar,ACH,0,0.01
2022/09/01 23:30,33599,813C075C0,135035,813C02410,0.05,US Dollar,0.05,US Dollar,ACH,0,0.05
2022/09/01 23:47,227639,80D709800,23760,8161DCCC0,0.58,US Dollar,0.58,US Dollar,ACH,0,0.58
2022/09/01 23:54,317333,81746B150,253043,817469060,0.02,US Dollar,0.02,US Dollar,ACH,0,0.02
2022/09/01 23:40,364033,8180871E0,118681,81809A950,0.02,US Dollar,0.02,US Dollar,ACH,0,0.02
2022/09/01 23:41,36442,8186A1E70,18903,8186A0B60,0.02,US Dollar,0.02,US Dollar,ACH,0,0.02
2022/09/01 23:42,327854,81A3915E0,262348,81A3914F0,0.01,US Dollar,0.01,US Dollar,ACH,0,0.01
2022/09/01 23:47,319932,81A57DFA0,240478,81A57DE60,0.07,US Dollar,0.07,US Dollar,ACH,0,0.07
2022/09/01 23:59,1776,800ED6900,6586,802647050,0.42,Euro,0.42,Euro,ACH,0,0.41991601679664065
2022/09/01 23:39,317006,8061D1A70,425,8061D1290,0.01,Euro,0.01,Euro,ACH,0,0.009998000399920017
2022/09/01 23:58,311253,8085CCC70,16505,8085CFB60,0.01,Euro,0.01,Euro,ACH,0,0.009998000399920017
2022/09/01 23:32,38739,80C6871D0,130808,80C686620,0.02,Euro,0.02,Euro,ACH,0,0.019996000799840034
2022/09/01 23:54,215557,806461090,215557,806461090,1.07,Euro,132.35,Yen,ACH,0,0.949834936127458
2022/09/01 23:37,5724,810C08D20,25634,811AD7CC0,0.08,Euro,0.08,Euro,ACH,0,0.07998400319936014
2022/09/01 23:47,5724,810C08D20,25634,811AD7CC0,0.21,Euro,0.21,Euro,Wire,0,0.20995800839832032
2022/09/01 23:32,5981,802B54450,219011,819888530,0.26,Euro,0.26,Euro,ACH,0,0.2599480103979204
2022/09/01 23:57,34814,802995C70,692,802995AE0,0.04,Yuan,0.04,Yuan,ACH,0,0.005797101449275362
2022/09/01 23:45,37184,80356BEF0,15,80356BDB0,0.06,Yuan,0.06,Yuan,ACH,0,0.008695652173913042
2022/09/01 23:52,39459,803652DE0,5923,803652260,0.01,Yuan,0.01,Yuan,ACH,0,0.0014492753623188406
2022/09/01 23:31,312780,815B93B70,113830,815B89FB0,0.16,Yuan,0.16,Yuan,ACH,0,0.02318840579710145
2022/09/01 23:57,311034,804EEE200,11832,804EEE1B0,0.28,Yen,0.28,Yen,ACH,0,0.0020094732309458877
2022/09/01 23:54,311032,805BEE460,115648,805BE49A0,0.38,Yen,0.38,Yen,ACH,0,0.0027271422419979903
2022/09/01 23:45,322062,808050290,221493,80804A600,0.28,Yen,0.28,Yen,ACH,0,0.0020094732309458877
2022/09/01 23:38,324464,808EC7530,123260,808ECADF0,0.01,Rupee,0.01,Rupee,ACH,0,0.00012571816501766338
2022/09/01 23:57,24320,8092A7D80,224237,809675A00,20.16,Rupee,20.16,Rupee,ACH,0,0.2534478206756094
2022/09/01 23:30,19414,809248C50,223281,8096C5840,62.39,Rupee,62.39,Rupee,ACH,0,0.7843556315452019
2022/09/01 23:50,325632,8099BBE60,124304,8099BB910,0.1,Rupee,0.1,Rupee,ACH,0,0.001257181650176634
2022/09/01 23:34,324104,80A93BE90,227277,80A93BE40,0.01,Rupee,0.01,Rupee,ACH,0,0.00012571816501766338
2022/09/01 23:31,319802,80AC32810,24677,80AC33920,0.33,Rupee,0.33,Rupee,ACH,0,0.004148699445582892
2022/09/01 23:59,325879,80C03A680,127152,80C03A180,0.12,Rupee,0.12,Rupee,ACH,0,0.0015086179802119607
2022/09/01 23:42,327029,80E7C24C0,225412,80E7C4A50,0.05,Rupee,0.05,Rupee,ACH,0,0.000628590825088317
2022/09/01 23:40,340415,80EA37590,125222,80EA37540,0.01,Rupee,0.01,Rupee,ACH,0,0.00012571816501766338
2022/09/01 23:31,136009,80D2B24F0,136009,80D4D1BA0,0.77,Canadian Dollar,0.77,Canadian Dollar,ACH,0,0.5859969558599696
2022/09/01 23:44,10,80D275690,135558,80D52DC40,0.02,Canadian Dollar,0.02,Canadian Dollar,ACH,0,0.015220700152207
2022/09/01 23:34,339968,80E75AF50,11,80E75A9A0,0.01,Canadian Dollar,0.01,Canadian Dollar,ACH,0,0.0076103500761035
2022/09/01 23:44,346767,811175DD0,45907,811190630,0.06,Mexican Peso,0.06,Mexican Peso,ACH,0,0.0029719153994749617
2022/09/01 23:35,11,811E1D510,48719,81200E780,1.55,Brazil Real,1.55,Brazil Real,Wire,0,0.2991989190232603
2022/09/01 23:32,49700,812617750,248575,812CDA520,2.89,Brazil Real,2.89,Brazil Real,Wire,0,0.5578612103078854
2022/09/01 23:59,50707,812EA1190,148894,8132518B0,2.12,Brazil Real,2.12,Brazil Real,Wire,0,0.409226908599556
2022/09/01 23:43,53736,8142AF350,153802,814F2B190,0.4,Swiss Franc,0.4,Swiss Franc,ACH,0,0.4081674302799008
2022/09/01 23:43,53736,8142AF350,153802,814F2B190,0.13,Swiss Franc,0.13,Swiss Franc,Wire,0,0.13265441484096777
2022/09/01 23:46,360589,8166F6A00,59704,8166F5130,0.02,Shekel,0.02,Shekel,ACH,0,0.005963918294319368
2022/09/01 23:54,115,8171D8660,216,8172D5780,1.74,Saudi Riyal,1.74,Saudi Riyal,Wire,0,0.464
2022/09/01 23:43,163470,8174F8510,163233,8178397D0,2.78,Saudi Riyal,2.78,Saudi Riyal,ACH,0,0.7413333333333333
2022/09/01 23:30,364742,81803E190,163470,81801DA60,0.02,Saudi Riyal,0.02,Saudi Riyal,ACH,0,0.005333333333333333
2022/09/01 23:56,366499,81874E490,63779,81878DB50,0.01,Saudi Riyal,0.01,Saudi Riyal,ACH,0,0.0026666666666666666
2022/09/01 23:33,366454,818E87D50,115,818E87D00,0.01,Saudi Riyal,0.01,Saudi Riyal,ACH,0,0.0026666666666666666
2022/09/01 23:35,343251,81A22BED1,343251,81A22BED0,1e-06,Bitcoin,0.01,Australian Dollar,ACH,0,0.006828735318219066
2022/09/01 23:54,227006,80AE0A901,227006,80AE0A900,5e-06,Bitcoin,0.05,Euro,ACH,0,0.04999000199960008
2022/09/01 23:57,227006,80AE0A901,227006,80AE0A900,3.9e-05,Bitcoin,0.4,Euro,Wire,0,0.39992001599680066
2022/09/01 23:46,29,80CA0AD51,29,80CA0AD50,1e-06,Bitcoin,0.01,UK Pound,ACH,0,0.011591246290801186
2022/09/01 23:35,112926,80BC8C2C1,112926,80BC8C2C0,1.7e-05,Bitcoin,1.34,Yuan,ACH,0,0.19420289855072465
2022/09/02 00:09,1231,800A90040,11265,8055B0930,0.33,US Dollar,0.33,US Dollar,ACH,0,0.33
2022/09/02 00:22,13354,8058EBC40,13354,8058EBC40,69.29,Yen,0.66,US Dollar,ACH,0,0.66
2022/09/02 00:22,9534,804DC0C40,9534,804DC0C40,0.03,US Dollar,0.18,Yuan,ACH,0,0.026073730716303322
2022/09/02 00:22,9534,804DC0C40,22185,805E46400,0.03,US Dollar,0.03,US Dollar,ACH,0,0.03
2022/09/02 00:24,9534,804DC0C40,9534,804DC0C40,0.05,US Dollar,0.37,Yuan,ACH,0,0.05359600202795683
2022/09/02 00:24,9534,804DC0C40,22185,805E46400,0.05,US Dollar,0.05,US Dollar,Wire,0,0.05
2022/09/02 00:20,220188,807FA4E00,22031,808D4EAA0,0.46,US Dollar,0.46,US Dollar,Wire,0,0.46
2022/09/02 00:19,28625,804D0C500,22086,80A5559F0,0.29,US Dollar,0.29,US Dollar,ACH,0,0.29
2022/09/02 00:02,11016,8042B0710,11016,8042B0710,0.41,US Dollar,2.76,Yuan,ACH,0,0.39979720431665094
2022/09/02 00:03,24438,809062190,24438,80CE91200,0.09,US Dollar,0.09,US Dollar,ACH,0,0.09
2022/09/02 00:26,25242,8025178C0,19589,814DF9F40,0.27,US Dollar,0.27,US Dollar,Wire,0,0.27
2022/09/02 00:19,1807,815196330,171007,81AE180F0,0.33,US Dollar,0.33,US Dollar,Wire,0,0.33
2022/09/02 00:26,423,80027F420,0,801AE2650,0.41,Euro,0.41,Euro,Wire,0,0.40954949555488956
2022/09/02 00:17,14851,801ACB400,24643,8026EBB00,0.01,Euro,0.01,Euro,Wire,0,0.009989012086704625
2022/09/02 00:10,14213,8026D54D0,20,802E22E10,0.01,Euro,0.01,Euro,ACH,0,0.009989012086704625
2022/09/02 00:29,18491,8040B6430,6269,80505B070,0.84,Euro,0.84,Euro,Wire,0,0.8390770152831883
2022/09/02 00:22,16298,806C52460,27387,80A3CF3A0,0.84,Euro,0.84,Euro,Wire,0,0.8390770152831883
2022/09/02 00:23,22260,80ACAC220,22260,80ACAC220,0.3,US Dollar,0.26,Euro,ACH,0,0.25971431425432023
2022/09/02 00:03,117286,806A24970,117286,806A24970,0.15,Euro,18.39,Yen,ACH,0,0.13125401470273357
2022/09/02 00:19,14003,80B2AABB0,27436,817754BE0,0.01,Euro,0.01,Euro,ACH,0,0.009989012086704625
2022/09/02 00:21,14003,80B2AABB0,27436,817754BE0,0.07,Euro,0.07,Euro,Wire,0,0.06992308460693238
2022/09/02 00:22,11,8021E5380,11,8028F6FB0,1.63,Yuan,1.63,Yuan,ACH,0,0.23611211704208007
2022/09/02 00:01,11,803424DC0,11,803424DC0,23.44,Yen,1.49,Yuan,ACH,0,0.21583254870717752
2022/09/02 00:06,27356,804403DC0,110522,80448EC40,2.53,Yuan,2.53,Yuan,ACH,0,0.3664807706235967
2022/09/02 00:06,27356,804403DC0,110522,80448EC40,2.06,Yuan,2.06,Yuan,Wire,0,0.29839936264213807
2022/09/02 00:12,119732,808A159E0,19414,808AF3190,60.42,Rupee,60.42,Rupee,ACH,0,0.7579121664847779
2022/09/02 00:18,119732,808AC9640,2,808E95850,74.78,Rupee,74.78,Rupee,ACH,0,0.9380448826503093
2022/09/02 00:21,119732,8090DE440,224574,8098A6020,36.13,Rupee,36.13,Rupee,ACH,0,0.4532169244471206
2022/09/02 00:00,16,80AFA9660,32245,80BD17F50,34.31,Ruble,34.31,Ruble,Wire,0,0.5677925430684959
2022/09/02 00:22,241036,80F9FDBD0,41335,80FBF0470,1.01,Australian Dollar,1.01,Australian Dollar,ACH,0,0.687495745694643
2022/09/02 00:08,241036,80F9FDBD0,41335,80FBF0470,0.27,Australian Dollar,0.27,Australian Dollar,Wire,0,0.18378599142332042
2022/09/02 00:12,263574,81895B010,167626,818DF2D00,0.16,Saudi Riyal,0.16,Saudi Riyal,ACH,0,0.042666666666666665
2022/09/02 00:22,263574,81895B010,167626,818DF2D00,0.04,Saudi Riyal,0.04,Saudi Riyal,Wire,0,0.010666666666666666
2022/09/02 00:07,23571,8046CBE11,23571,8046CBE10,3e-06,Bitcoin,0.04,US Dollar,ACH,0,0.04
2022/09/02 00:10,22661,80D016C81,22661,80D016C80,5e-06,Bitcoin,0.06,US Dollar,ACH,0,0.06
2022/09/02 00:20,22661,80D016C81,22661,80D016C80,5e-06,Bitcoin,0.06,US Dollar,ACH,0,0.06
2022/09/02 00:23,5394,80524ED81,5394,80524ED80,1e-06,Bitcoin,0.01,US Dollar,ACH,0,0.01
2022/09/02 00:22,5394,80524ED81,5394,80524ED80,1e-06,Bitcoin,0.01,US Dollar,Wire,0,0.01
2022/09/02 00:22,169335,81A8C2F90,169335,81A8C2F91,29.63,Euro,0.002922,Bitcoin,Wire,0,1.4610073050365252e-08
2022/09/02 00:14,125980,81700BA31,125980,81700BA30,4.7e-05,Bitcoin,0.56,US Dollar,ACH,0,0.56
2022/09/02 00:02,125980,81700BA31,125980,81700BA30,7e-06,Bitcoin,0.08,US Dollar,ACH,0,0.08
2022/09/02 00:28,70997,81A8D84B0,70997,81A8D84B1,19.67,Euro,0.00194,Bitcoin,ACH,0,9.700048500242501e-09
2022/09/02 00:09,11770,80151E171,11770,80151E170,1.9e-05,Bitcoin,0.22,US Dollar,ACH,0,0.22
2022/09/02 00:06,11770,80151E171,11770,80151E170,3.6e-05,Bitcoin,0.43,US Dollar,ACH,0,0.43
2022/09/02 00:28,72475,81AC3E990,72475,81AC3E991,49.77,Canadian Dollar,0.003175,Bitcoin,ACH,0,1.5875079375396876e-08
2022/09/02 00:19,11495,816EC45C1,11495,816EC45C0,2e-06,Bitcoin,0.03,US Dollar,ACH,0,0.03
2022/09/02 00:20,11495,816EC45C1,11495,816EC45C0,1e-06,Bitcoin,0.02,US Dollar,ACH,0,0.02
2022/09/02 00:13,269294,81AFCBB00,269294,81AFCBB01,20.68,US Dollar,0.00174,Bitcoin,ACH,0,8.700043500217501e-09
2022/09/02 00:06,273635,81B3DEF10,273635,81B3DEF11,5.54,Euro,0.000547,Bitcoin,ACH,0,2.735013675068375e-09
2022/09/02 00:17,124682,80DDBA331,124682,80DDBA330,5e-06,Bitcoin,0.06,US Dollar,ACH,0,0.06
2022/09/02 00:02,124682,80DDBA331,124682,80DDBA330,5e-06,Bitcoin,0.06,US Dollar,Wire,0,0.06
2022/09/02 00:14,72146,81BAE6A70,72146,81BAE6A71,204.06,US Dollar,0.017174,Bitcoin,Wire,0,8.587042935214676e-08
2022/09/02 00:08,270392,81BAFB340,270392,81BAFB341,198.88,Euro,0.019614,Bitcoin,ACH,0,9.807049035245175e-08
2022/09/02 00:20,20,81BC86D20,20,81BC86D21,53.36,Euro,0.005263,Bitcoin,ACH,0,2.631513157565788e-08
2022/09/02 00:26,170727,81C003100,170727,81C003101,194.66,US Dollar,0.016383,Bitcoin,ACH,0,8.19154095770479e-08
2022/09/02 00:57,20,80030DD60,20,800D1D650,0.48,US Dollar,0.48,US Dollar,ACH,0,0.48
2022/09/02 00:53,36176,80DA1A850,27234,80FED72E0,0.21,US Dollar,0.21,US Dollar,ACH,0,0.21
2022/09/02 00:32,36176,80DA1A850,27234,80FED72E0,0.04,US Dollar,0.04,US Dollar,Wire,0,0.04
2022/09/02 00:52,217226,80B9A50B0,24633,812E98110,0.15,US Dollar,0.15,US Dollar,Wire,0,0.15
2022/09/02 00:57,115966,80CA770C0,239457,8143671B0,0.35,US Dollar,0.35,US Dollar,Wire,0,0.35
2022/09/02 00:38,0,8002676B0,25400,80413E210,0.6,Euro,0.6,Euro,Wire,0,0.5993407252022774
2022/09/02 00:52,600,8003C5140,10881,8088F9B20,0.21,Euro,0.21,Euro,ACH,0,0.20976925382079709
2022/09/02 00:57,600,8003C5140,10881,8088F9B20,0.31,Euro,0.31,Euro,Wire,0,0.3096593746878433
2022/09/02 00:40,12202,800E14990,29154,80DFB2230,0.93,Euro,0.93,Euro,Wire,0,0.9289781240635301
2022/09/02 00:42,12202,8014D9ED0,3671,812C775C0,0.02,Euro,0.02,Euro,ACH,0,0.01997802417340925
2022/09/02 00:37,17831,80E3351F0,17831,80E3351F0,0.46,Euro,0.54,US Dollar,ACH,0,0.54
2022/09/02 00:32,17831,80E3351F0,17831,80E3351F0,0.49,Euro,0.58,US Dollar,ACH,0,0.58
2022/09/02 00:46,17831,80E3351F0,17831,80E3351F0,0.08,Euro,0.1,US Dollar,ACH,0,0.1
2022/09/02 00:52,27425,8039D0300,19970,8040002D0,6.55,Yuan,6.55,Yuan,ACH,0,0.9487940899543709
2022/09/02 00:44,7080,803410660,110080,804A56960,2.4,Yuan,2.4,Yuan,ACH,0,0.3476497428840443
2022/09/02 00:44,7080,803410660,110080,804A56960,5.44,Yuan,5.44,Yuan,Wire,0,0.7880060838705005
2022/09/02 00:55,11832,804787DE0,220421,8078DE720,88.03,Yen,88.03,Yen,Wire,0,0.6282920562415245
2022/09/02 00:48,123568,8089D6AB0,72,808E7D3A0,57.33,Rupee,57.33,Rupee,ACH,0,0.7191510179505514
2022/09/02 00:53,14,809A5D360,24713,80A33DB00,3.55,Rupee,3.55,Rupee,ACH,0,0.04453141660081035
2022/09/02 00:50,136009,80D2B24F0,136009,80D4D1BA0,0.77,Canadian Dollar,0.77,Canadian Dollar,ACH,0,0.5859523628338787
2022/09/02 00:43,41348,80FE32B20,143711,8108BF9E0,0.45,Australian Dollar,0.45,Australian Dollar,Wire,0,0.30630998570553397
2022/09/02 00:33,52898,813C61ED0,153802,814662820,0.36,Swiss Franc,0.36,Swiss Franc,ACH,0,0.3666921313980137
2022/09/02 00:47,52898,813C61ED0,153802,814662820,0.03,Swiss Franc,0.03,Swiss Franc,Wire,0,0.030557677616501144
2022/09/02 00:56,152768,81360D7E0,53905,814EBB580,0.5,Swiss Franc,0.5,Swiss Franc,ACH,0,0.5092946269416858
2022/09/02 00:49,157948,816153580,58138,816227AD0,1.44,Shekel,1.44,Shekel,Wire,0,0.42660346615316247
2022/09/02 00:39,216,817DD91A0,265216,818751520,2.17,Saudi Riyal,2.17,Saudi Riyal,ACH,0,0.5786666666666667
2022/09/02 00:45,216,817DD91A0,265216,818751520,1.07,Saudi Riyal,1.07,Saudi Riyal,Wire,0,0.2853333333333333
2022/09/02 00:55,214527,80A4A2341,214527,80A4A2340,3.1e-05,Bitcoin,0.37,US Dollar,Wire,0,0.37
2022/09/02 00:55,11255,80616F2B1,11255,80616F2B0,6e-05,Bitcoin,0.71,US Dollar,Wire,0,0.71
2022/09/02 00:57,1231,8001DEA81,1231,8001DEA80,1.5e-05,Bitcoin,0.18,US Dollar,ACH,0,0.18
2022/09/02 00:59,1231,8001DEA81,1231,8001DEA80,2e-06,Bitcoin,0.03,US Dollar,Wire,0,0.03
2022/09/02 00:31,211738,80535DC91,211738,80535DC90,2e-06,Bitcoin,0.16,Yuan,Wire,0,0.023176649525602954
2022/09/02 00:39,211738,80535DC91,211738,80535DC90,2e-06,Bitcoin,0.16,Yuan,ACH,0,0.023176649525602954
2022/09/02 00:52,211738,80535DC91,211738,80535DC90,3e-06,Bitcoin,0.23,Yuan,ACH,0,0.033316433693054245
2022/09/02 00:48,214527,807872671,214527,807872670,1.1e-05,Bitcoin,0.14,US Dollar,ACH,0,0.14
2022/09/02 00:48,214527,807872671,214527,807872670,2e-06,Bitcoin,0.03,US Dollar,Wire,0,0.03
2022/09/02 00:40,214527,807872671,214527,807872670,4e-06,Bitcoin,0.04,US Dollar,ACH,0,0.04
2022/09/02 00:53,13243,815629471,13243,815629470,5e-06,Bitcoin,0.06,US Dollar,Wire,0,0.06
2022/09/02 00:34,13243,815629471,13243,815629470,1.7e-05,Bitcoin,0.2,US Dollar,Wire,0,0.2
2022/09/02 00:36,13243,815629471,13243,815629470,4e-06,Bitcoin,0.04,US Dollar,ACH,0,0.04
2022/09/02 00:54,1422,800DA0901,1422,800DA0900,3.1e-05,Bitcoin,0.37,US Dollar,ACH,0,0.37
2022/09/02 00:48,1422,800DA0901,1422,800DA0900,1.4e-05,Bitcoin,0.16,US Dollar,ACH,0,0.16
2022/09/02 00:57,117916,819B9C7A1,117916,819B9C7A0,1.4e-05,Bitcoin,0.17,US Dollar,ACH,0,0.17
2022/09/02 00:59,117916,819B9C7A1,117916,819B9C7A0,1.1e-05,Bitcoin,0.13,US Dollar,Wire,0,0.13
2022/09/02 01:22,1,8006A1070,21566,800B76A80,0.12,US Dollar,0.12,US Dollar,ACH,0,0.12
2022/09/02 01:17,6809,8029B40C0,11770,803525090,0.26,US Dollar,0.26,US Dollar,ACH,0,0.26
2022/09/02 01:16,6809,8029B40C0,11770,803525090,0.22,US Dollar,0.22,US Dollar,Wire,0,0.22
2022/09/02 01:26,1439,8014C4220,22435,8043D9EA0,0.99,US Dollar,0.99,US Dollar,ACH,0,0.99
2022/09/02 01:07,11,800D1AD80,28932,804F52230,0.69,US Dollar,0.69,US Dollar,ACH,0,0.69
2022/09/02 01:16,11,800101740,29158,8062446A0,0.64,US Dollar,0.64,US Dollar,Wire,0,0.64
2022/09/02 01:17,4894,8031A2830,112568,80763EF30,0.95,US Dollar,0.95,US Dollar,Wire,0,0.95
2022/09/02 01:18,4790,808BE3440,18247,80B035770,0.35,US Dollar,0.35,US Dollar,Wire,0,0.35
2022/09/02 01:29,116473,809E8B960,215766,80B0B2DE0,0.45,US Dollar,0.45,US Dollar,ACH,0,0.45
2022/09/02 01:12,116473,809E8B960,215766,80B0B2DE0,0.59,US Dollar,0.59,US Dollar,Wire,0,0.59
2022/09/02 01:20,11661,80A16E540,239632,80FD912F0,0.2,US Dollar,0.2,US Dollar,ACH,0,0.2
2022/09/02 01:09,234717,811E14BB0,21647,8123DD050,0.77,US Dollar,0.77,US Dollar,ACH,0,0.77
2022/09/02 01:28,11047,800C3EDF0,153021,81487AF20,0.92,US Dollar,0.92,US Dollar,ACH,0,0.92
2022/09/02 01:10,4,8066282F0,4,8066282F0,0.25,US Dollar,26.22,Yen,ACH,0,0.187138676753979
2022/09/02 01:16,4,8066282F0,4,8066282F0,0.34,US Dollar,35.58,Yen,ACH,0,0.2539433302405253
2022/09/02 01:16,4,8066282F0,152943,8165042A0,0.34,US Dollar,0.34,US Dollar,ACH,0,0.34
2022/09/02 01:13,26179,8134120E0,152182,8151C2F70,0.96,US Dollar,0.96,US Dollar,ACH,0,0.96
2022/09/02 01:25,26179,8134120E0,152182,8151C2F70,0.67,US Dollar,0.67,US Dollar,Wire,0,0.67
2022/09/02 01:17,121013,80B6C91C0,147509,8171BA180,0.03,US Dollar,0.03,US Dollar,Wire,0,0.03
2022/09/02 01:00,24317,805DCFD90,133620,818C8FAA0,0.15,US Dollar,0.15,US Dollar,ACH,0,0.15
2022/09/02 01:15,24317,805DCFD90,133620,818C8FAA0,0.19,US Dollar,0.19,US Dollar,Wire,0,0.19
2022/09/02 01:13,1231,800931590,30562,819C3B250,0.28,US Dollar,0.28,US Dollar,Wire,0,0.28
2022/09/02 01:17,1720,8006886B0,3671,801B4EE20,0.17,Euro,0.17,Euro,ACH,0,0.16981320547397863
2022/09/02 01:17,20,8016595E0,12202,801B60060,0.07,Euro,0.07,Euro,Wire,0,0.06992308460693238
2022/09/02 01:29,20,8014EA1D0,1595,801D7DF10,0.07,Euro,0.07,Euro,Wire,0,0.06992308460693238
2022/09/02 01:02,12503,801D534A0,12274,806E0F2E0,0.15,Euro,0.15,Euro,Wire,0,0.14983518130056936
2022/09/02 01:00,5383,8066794C0,8884,80CBDCB80,0.81,Euro,0.81,Euro,Wire,0,0.8091099790230746
2022/09/02 01:13,423,8030AADD0,128948,80DB22580,0.94,Euro,0.94,Euro,Wire,0,0.9389671361502346
2022/09/02 01:04,29640,8080853B0,29640,8080853B0,0.24,Euro,29.31,Yen,ACH,0,0.2091927771037042
2022/09/02 01:04,29640,8080853B0,130803,8106CB500,0.24,Euro,0.24,Euro,ACH,0,0.23973629008091096
2022/09/02 01:18,29640,8080853B0,29640,8080853B0,0.46,Euro,56.21,Yen,ACH,0,0.4011847833844836
2022/09/02 01:18,29640,8080853B0,130803,8106CB500,0.46,Euro,0.46,Euro,Wire,0,0.4594945559884127
2022/09/02 01:25,123519,80B1AD8C0,25400,8116BCAE0,0.49,Euro,0.49,Euro,ACH,0,0.4894615922485266
2022/09/02 01:16,216208,80AE0A4E0,15461,813736C00,0.85,Euro,0.85,Euro,ACH,0,0.849066027369893
2022/09/02 01:16,214445,8157C88C0,212529,8095FE820,0.88,Euro,0.88,Euro,ACH,0,0.8790330636300069
2022/09/02 01:17,214445,8157C88C0,212529,8095FE820,0.9,Euro,0.9,Euro,Wire,0,0.8990110878034162
2022/09/02 01:25,20,800261140,18121,81A592D80,0.8,Euro,0.8,Euro,ACH,0,0.7991209669363699
2022/09/02 01:20,8087,80522D9A0,255226,81ACCAE10,0.05,Euro,0.05,Euro,ACH,0,0.04994506043352312
2022/09/02 01:19,8087,80522D9A0,255226,81ACCAE10,0.19,Euro,0.19,Euro,Wire,0,0.18979122964738784
2022/09/02 01:07,600,800D6AD10,25307,81BCDA1F0,0.93,Euro,0.93,Euro,Wire,0,0.9289781240635301
2022/09/02 01:18,12469,804FEE690,110198,805513500,6.8,Yuan,6.8,Yuan,Wire,0,0.9850076048381256
2022/09/02 01:05,15745,80801A100,216654,8157125B0,79.14,Yen,79.14,Yen,Wire,0,0.5648419099279137
2022/09/02 01:00,14,8072509D0,119732,808AC9640,5.55,Rupee,5.55,Rupee,ACH,0,0.0696195386294359
2022/09/02 01:10,226937,80A0AE630,124592,80A2AE990,43.32,Rupee,43.32,Rupee,ACH,0,0.5434087231400294
2022/09/02 01:10,226937,80A0AE630,124592,80A2AE990,0.53,Rupee,0.53,Rupee,Wire,0,0.006648352337585771
2022/09/02 01:21,212,80F85E410,41335,80F908230,0.05,Australian Dollar,0.05,Australian Dollar,ACH,0,0.034034442856170445
2022/09/02 01:11,212,80F85E410,41335,80F908230,0.17,Australian Dollar,0.17,Australian Dollar,Wire,0,0.11571710571097951
2022/09/02 01:26,246140,8110C4610,246140,81128AA50,9.31,Mexican Peso,9.31,Mexican Peso,ACH,0,0.46352999751058005
2022/09/02 01:10,18,81739E770,263431,817D4DE50,0.08,Saudi Riyal,0.08,Saudi Riyal,ACH,0,0.021333333333333333
2022/09/02 01:27,261630,819D914E1,261630,819D914E0,2e-06,Bitcoin,0.03,US Dollar,ACH,0,0.03
2022/09/02 01:02,4894,807E41661,4894,807E41660,7e-06,Bitcoin,0.08,US Dollar,ACH,0,0.08
2022/09/02 01:09,4894,807E41661,4894,807E41660,3e-06,Bitcoin,0.04,US Dollar,ACH,0,0.04
2022/09/02 01:41,1422,800537790,2860,8060231F0,0.28,US Dollar,0.28,US Dollar,Wire,0,0.28
2022/09/02 01:43,5206,808761DE0,5571,80A9634C0,0.22,US Dollar,0.22,US Dollar,Wire,0,0.22
2022/09/02 01:57,4894,80A247770,234039,80D854420,0.42,US Dollar,0.42,US Dollar,ACH,0,0.42
2022/09/02 01:48,218072,806E240E0,134085,80DD40CF0,0.6,US Dollar,0.6,US Dollar,ACH,0,0.6
2022/09/02 01:52,11255,808CF6280,349,80E273FC0,0.17,US Dollar,0.17,US Dollar,Wire,0,0.17
2022/09/02 01:32,118536,807C93C40,127980,814B5D520,0.82,US Dollar,0.82,US Dollar,ACH,0,0.82
2022/09/02 01:37,118536,807C93C40,127980,814B5D520,0.59,US Dollar,0.59,US Dollar,Wire,0,0.59
2022/09/02 01:48,1,8016E6F70,220916,8150F4DD0,0.05,US Dollar,0.05,US Dollar,ACH,0,0.05
2022/09/02 01:33,2175,807488BB0,1638,81580F910,0.75,US Dollar,0.75,US Dollar,ACH,0,0.75
2022/09/02 01:32,1120,801D6B170,245564,816327EF0,0.6,US Dollar,0.6,US Dollar,ACH,0,0.6
2022/09/02 01:54,221024,80AE7B430,22106,8164FF100,0.45,US Dollar,0.45,US Dollar,Wire,0,0.45
2022/09/02 01:55,12,801587680,150269,818552B50,0.34,US Dollar,0.34,US Dollar,Wire,0,0.34
2022/09/02 01:30,126991,8143B2580,66170,81864DCF0,0.09,US Dollar,0.09,US Dollar,ACH,0,0.09
2022/09/02 01:41,21260,81B3A57A0,228849,81BC5D940,0.44,US Dollar,0.44,US Dollar,Wire,0,0.44
2022/09/02 01:49,118970,80AA2F2E0,222654,810593DB0,0.13,Euro,0.13,Euro,ACH,0,0.12985715712716012
2022/09/02 01:43,4308,80414C710,231026,812D62BA0,0.78,Euro,0.78,Euro,ACH,0,0.7791429427629607
2022/09/02 01:31,29572,805A86BE0,15726,8065FECF0,138.71,Yen,138.71,Yen,Wire,0,0.9900078509742345
2022/09/02 01:42,136424,80D5763A0,235647,80D646EA0,1.14,Canadian Dollar,1.14,Canadian Dollar,Wire,0,0.8675138878319761
2022/09/02 01:31,136678,80DF20BD0,237958,80E2FFE80,0.52,Canadian Dollar,0.52,Canadian Dollar,Wire,0,0.3957080891865155
2022/09/02 01:37,40989,80F938650,142231,80FB655C0,1.2,Australian Dollar,1.2,Australian Dollar,ACH,0,0.8168266285480906
2022/09/02 01:30,150810,812A54A70,49096,812AA0A50,0.2,Brazil Real,0.2,Brazil Real,ACH,0,0.03843566830018257
2022/09/02 01:44,150810,812A54A70,49096,812AA0A50,0.21,Brazil Real,0.21,Brazil Real,Wire,0,0.04035745171519169
2022/09/02 01:50,14,8000D2820,115,8158B4EC0,2.77,Shekel,2.77,Shekel,ACH,0,0.8206191675307362
2022/09/02 01:50,14,8000D2820,115,8158B4EC0,0.86,Shekel,0.86,Shekel,Wire,0,0.25477707006369427
2022/09/02 01:30,258461,815CD0200,57466,815CDA630,2.2,Shekel,2.2,Shekel,Wire,0,0.651755295511776
2022/09/02 01:31,17256,806BD8EC0,17256,806BD8EC0,1.82,Saudi Riyal,0.49,US Dollar,ACH,0,0.49
2022/09/02 01:53,17256,806BD8EC0,17256,806BD8EC0,1.3,Saudi Riyal,0.35,US Dollar,ACH,0,0.35
2022/09/02 01:34,17256,806BD8EC0,17256,806BD8EC0,0.04,Saudi Riyal,0.01,US Dollar,ACH,0,0.01
2022/09/02 01:34,17256,806BD8EC0,115,818D2DC20,0.04,Saudi Riyal,0.04,Saudi Riyal,ACH,0,0.010666666666666666
2022/09/02 01:35,17256,806BD8EC0,17256,806BD8EC0,0.12,Saudi Riyal,0.03,US Dollar,ACH,0,0.03
2022/09/02 01:35,17256,806BD8EC0,115,818D2DC20,0.12,Saudi Riyal,0.12,Saudi Riyal,Wire,0,0.032
2022/09/02 01:56,6045,80348F281,6045,80348F280,4.7e-05,Bitcoin,0.56,US Dollar,ACH,0,0.56
2022/09/02 01:44,14162,80B96E891,14162,80B96E890,9e-06,Bitcoin,0.11,US Dollar,Wire,0,0.11
2022/09/02 01:39,215766,8068CAEB1,215766,8068CAEB0,1.1e-05,Bitcoin,0.13,US Dollar,ACH,0,0.13
2022/09/02 01:51,215766,8068CAEB1,215766,8068CAEB0,8e-06,Bitcoin,0.1,US Dollar,ACH,0,0.1
2022/09/02 01:58,215766,8068CAEB1,215766,8068CAEB0,1e-06,Bitcoin,0.02,US Dollar,ACH,0,0.02
2022/09/02 01:31,262622,817786051,262622,817786050,1e-06,Bitcoin,0.01,US Dollar,ACH,0,0.01
2022/09/02 02:18,1639,80076AFF0,2860,80149EFE0,0.76,US Dollar,0.76,US Dollar,Wire,0,0.76
2022/09/02 02:02,12,8004D4080,22547,801BFF3A0,0.05,US Dollar,0.05,US Dollar,ACH,0,0.05
2022/09/02 02:09,12,8004D4080,22547,801BFF3A0,0.28,US Dollar,0.28,US Dollar,Wire,0,0.28
2022/09/02 02:20,1812,800B30440,22129,80452AB90,0.65,US Dollar,0.65,US Dollar,ACH,0,0.65
2022/09/02 02:25,22086,8011FD3A0,5394,80458ADC0,0.16,US Dollar,0.16,US Dollar,ACH,0,0.16
2022/09/02 02:22,22031,8030C4240,15284,805D6D670,0.62,US Dollar,0.62,US Dollar,ACH,0,0.62
2022/09/02 02:02,14595,8070D44B0,21393,808205B70,0.91,US Dollar,0.91,US Dollar,ACH,0,0.91
2022/09/02 02:20,15331,80771D5D0,217717,80A002E00,0.64,US Dollar,0.64,US Dollar,Wire,0,0.64
2022/09/02 02:14,115966,808853FE0,130821,80B4035A0,0.51,US Dollar,0.51,US Dollar,ACH,0,0.51
2022/09/02 02:25,15786,806B92710,21260,80CAC0620,0.44,US Dollar,0.44,US Dollar,ACH,0,0.44
2022/09/02 02:19,27425,803172FF0,27425,803172FF0,0.04,US Dollar,0.3,Yuan,ACH,0,0.04345621786050554
2022/09/02 02:19,27425,803172FF0,29158,80CDD01E0,0.04,US Dollar,0.04,US Dollar,Wire,0,0.04
2022/09/02 02:16,11,80067DB00,238219,81A149410,0.72,US Dollar,0.72,US Dollar,Wire,0,0.72
2022/09/02 02:19,22595,804D60210,70588,81B120140,0.64,US Dollar,0.64,US Dollar,ACH,0,0.64
2022/09/02 02:24,22595,804D60210,70588,81B120140,0.34,US Dollar,0.34,US Dollar,Wire,0,0.34
2022/09/02 02:08,24027,801863970,3460,801F475D0,0.5,Euro,0.5,Euro,Wire,0,0.4994506043352312
2022/09/02 02:29,5383,8027CAB40,14652,8027CBFB0,0.01,Euro,0.01,Euro,Wire,0,0.009989012086704625
2022/09/02 02:06,0,800064CA0,11437,8035E3560,0.94,Euro,0.94,Euro,ACH,0,0.9389671361502346
2022/09/02 02:01,0,800064CA0,11437,8035E3560,0.09,Euro,0.09,Euro,Wire,0,0.08990110878034162
2022/09/02 02:11,215557,806461090,215557,806461090,1.07,Euro,132.35,Yen,ACH,0,0.9446149454000426
2022/09/02 02:17,13590,8058B1690,217519,80F10B360,0.51,Euro,0.51,Euro,ACH,0,0.5094396164219358
2022/09/02 02:01,425,80C139750,19622,8150FADF0,0.52,Euro,0.52,Euro,Wire,0,0.5194286285086405
2022/09/02 02:12,1390,806C79620,255226,8188942C0,0.02,Euro,0.02,Euro,ACH,0,0.01997802417340925
2022/09/02 02:19,29844,803BAC0D0,15168,803DFEC00,0.16,Yuan,0.16,Yuan,Wire,0,0.023176649525602954
2022/09/02 02:20,5,8099631B0,5,80A1C7580,73.36,Rupee,73.36,Rupee,ACH,0,0.9202323160099851
2022/09/02 02:05,136136,80D326750,36096,80D8DF540,0.6,Canadian Dollar,0.6,Canadian Dollar,ACH,0,0.4565862567536717
2022/09/02 02:07,110,80F01A570,110,80F349090,0.68,Australian Dollar,0.68,Australian Dollar,Wire,0,0.46286842284391805
2022/09/02 02:25,19,80004C910,212,80F59CCA0,1.23,Australian Dollar,1.23,Australian Dollar,ACH,0,0.8372472942617929
2022/09/02 02:20,52898,8142CAAD0,54525,8142F83D0,0.45,Swiss Franc,0.45,Swiss Franc,ACH,0,0.4583651642475172
2022/09/02 02:21,59033,815F8D890,59157,8162E66C0,0.06,Shekel,0.06,Shekel,ACH,0,0.017775144423048436
2022/09/02 02:14,211012,80FEAFDB0,211012,80FEAFDB0,2.61,Shekel,0.66,Euro,ACH,0,0.6592747977225052
2022/09/02 02:22,211012,80FEAFDB0,211012,80FEAFDB0,1.11,Shekel,0.28,Euro,ACH,0,0.2796923384277295
2022/09/02 02:22,211012,80FEAFDB0,112,8162F6820,1.11,Shekel,1.11,Shekel,ACH,0,0.3288401718263961
2022/09/02 02:26,211012,80FEAFDB0,211012,80FEAFDB0,0.76,Shekel,0.19,Euro,ACH,0,0.18979122964738784
2022/09/02 02:26,211012,80FEAFDB0,112,8162F6820,0.76,Shekel,0.76,Shekel,Wire,0,0.22515182935861353
2022/09/02 02:04,122779,80AA94B91,122779,80AA94B90,2.2e-05,Bitcoin,0.27,US Dollar,Wire,0,0.27
2022/09/02 02:27,122779,80AA94B91,122779,80AA94B90,1.4e-05,Bitcoin,0.17,US Dollar,ACH,0,0.17
2022/09/02 02:02,215456,80605E241,215456,80605E240,1.1e-05,Bitcoin,0.13,US Dollar,Wire,0,0.13
2022/09/02 02:21,215456,80605E241,215456,80605E240,3e-05,Bitcoin,0.36,US Dollar,ACH,0,0.36
2022/09/02 02:08,215456,80605E241,215456,80605E240,3e-06,Bitcoin,0.03,US Dollar,Wire,0,0.03
2022/09/02 02:24,215456,80605E241,215456,80605E240,1e-06,Bitcoin,0.01,US Dollar,ACH,0,0.01
2022/09/02 02:18,22106,80B225AA1,22106,80B225AA0,6.8e-05,Bitcoin,0.8,US Dollar,ACH,0,0.8
2022/09/02 02:11,22106,80B225AA1,22106,80B225AA0,2e-05,Bitcoin,0.24,US Dollar,ACH,0,0.24
2022/09/02 02:58,11,800197E20,1,8001D8BA0,0.05,US Dollar,0.05,US Dollar,Wire,0,0.05
2022/09/02 02:45,1422,8005D40C0,1291,800670D30,0.16,US Dollar,0.16,US Dollar,Wire,0,0.16
2022/09/02 02:34,1217,8007A6EB0,22086,800E78CF0,0.32,US Dollar,0.32,US Dollar,Wire,0,0.32
2022/09/02 02:39,110821,804256540,21260,8064F4DC0,0.18,US Dollar,0.18,US Dollar,ACH,0,0.18
2022/09/02 02:47,1217,8034BB670,214000,80706C8C0,0.23,US Dollar,0.23,US Dollar,ACH,0,0.23
2022/09/02 02:46,214527,806BB5550,24950,8075F3BB0,0.1,US Dollar,0.1,US Dollar,ACH,0,0.1
2022/09/02 02:57,16,80B51E0C0,16,80B51E0C0,0.26,US Dollar,20.42,Ruble,ACH,0,0.3379284094858259
2022/09/02 02:59,1291,80062C100,12063,80D363F60,0.85,US Dollar,0.85,US Dollar,Wire,0,0.85
2022/09/02 02:43,110777,805D46650,226659,80D8AA520,0.82,US Dollar,0.82,US Dollar,Wire,0,0.82
2022/09/02 02:52,18081,804398770,31373,8143F0580,0.7,US Dollar,0.7,US Dollar,ACH,0,0.7
2022/09/02 02:30,15726,806F2E2F0,15726,806F2E2F0,1.19,US Dollar,125.25,Yen,ACH,0,0.8939404753408036
2022/09/02 02:37,14,8002AE940,14,800449680,0.08,Euro,0.08,Euro,ACH,0,0.079912096693637
2022/09/02 02:47,14,8002AE940,14,800449680,0.45,Euro,0.45,Euro,Wire,0,0.4495055439017081
2022/09/02 02:38,12055,800DBB280,12202,801CEAB60,0.02,Euro,0.02,Euro,Wire,0,0.01997802417340925
2022/09/02 02:59,2293,8025A0760,8811,805F6B2B0,0.16,Euro,0.16,Euro,ACH,0,0.159824193387274
2022/09/02 02:39,2293,8025A0760,8811,805F6B2B0,0.09,Euro,0.09,Euro,Wire,0,0.08990110878034162
2022/09/02 02:44,116186,8063C4860,118293,806C7DA60,0.11,Euro,0.11,Euro,ACH,0,0.10987913295375086
2022/09/02 02:36,116186,8063C4860,118293,806C7DA60,0.03,Euro,0.03,Euro,Wire,0,0.02996703626011387
2022/09/02 02:57,5294,803073930,4308,80791E4A0,0.23,Euro,0.23,Euro,ACH,0,0.22974727799420636
2022/09/02 02:59,19629,807B43C80,25384,8118C8D20,0.57,Euro,0.57,Euro,ACH,0,0.5693736889421636
2022/09/02 02:46,19629,807B43C80,25384,8118C8D20,0.31,Euro,0.31,Euro,Wire,0,0.3096593746878433
2022/09/02 02:39,114983,8088132D0,7272,811A43D60,0.02,Euro,0.02,Euro,ACH,0,0.01997802417340925
2022/09/02 02:39,24643,807719FD0,8087,812DA9D70,0.35,Euro,0.35,Euro,ACH,0,0.3496154230346618
2022/09/02 02:38,1720,802DF49E0,51510,817DD9BE0,0.7,Euro,0.7,Euro,ACH,0,0.6992308460693236
2022/09/02 02:42,26,80290ABE0,19521,8049B42B0,2.68,Yuan,2.68,Yuan,Wire,0,0.38820887955384953
2022/09/02 02:56,18,804543420,4,8059BB590,48.48,Yen,48.48,Yen,ACH,0,0.34601384626364995
2022/09/02 02:30,18,804543420,4,8059BB590,105.22,Yen,105.22,Yen,Wire,0,0.7509813717793161
2022/09/02 02:53,116914,80665F200,21334,808041260,107.21,Yen,107.21,Yen,ACH,0,0.7651844978945114
2022/09/02 02:49,116914,80665F200,21334,808041260,91.09,Yen,91.09,Yen,Wire,0,0.6501320391121261
2022/09/02 02:58,11832,808137470,15726,806A569D0,136.72,Yen,136.72,Yen,ACH,0,0.9758047248590392
2022/09/02 02:56,119699,809964490,23809,80A0D7EE0,43.85,Rupee,43.85,Rupee,Wire,0,0.5500570754776152
2022/09/02 02:44,216,8000E14F0,217,817151620,0.58,Saudi Riyal,0.58,Saudi Riyal,ACH,0,0.15466666666666665
2022/09/02 02:54,143797,813F92111,143797,813F92110,2.7e-05,Bitcoin,0.27,Euro,ACH,0,0.26970332634102484
2022/09/02 02:37,21828,801A2BCE1,21828,801A2BCE0,4e-05,Bitcoin,0.48,US Dollar,ACH,0,0.48
2022/09/02 02:36,21828,801A2BCE1,21828,801A2BCE0,2e-05,Bitcoin,0.24,US Dollar,ACH,0,0.24
2022/09/02 02:46,21828,801A2BCE1,21828,801A2BCE0,5e-06,Bitcoin,0.06,US Dollar,ACH,0,0.06
2022/09/02 02:47,21828,801A2BCE1,21828,801A2BCE0,9e-06,Bitcoin,0.11,US Dollar,Wire,0,0.11
2022/09/02 02:46,9976,8053F81B1,9976,8053F81B0,1.1e-05,Bitcoin,0.87,Yuan,ACH,0,0.12602303179546606
2022/09/02 02:51,9976,8053F81B1,9976,8053F81B0,1e-06,Bitcoin,0.1,Yuan,ACH,0,0.014485405953501847
2022/09/02 02:57,14133,812216FA1,14133,812216FA0,9e-06,Bitcoin,0.11,US Dollar,Wire,0,0.11
2022/09/02 02:54,14133,812216FA1,14133,812216FA0,3.8e-05,Bitcoin,0.46,US Dollar,ACH,0,0.46
2022/09/02 02:59,226436,814BBCDB1,226436,814BBCDB0,2.7e-05,Bitcoin,0.32,US Dollar,Wire,0,0.32
2022/09/02 02:33,226436,814BBCDB1,226436,814BBCDB0,7.8e-05,Bitcoin,0.93,US Dollar,ACH,0,0.93
2022/09/02 02:47,113213,81712B1E1,113213,81712B1E0,9e-06,Bitcoin,0.1,US Dollar,ACH,0,0.1
2022/09/02 02:56,113213,81712B1E1,113213,81712B1E0,2e-05,Bitcoin,0.24,US Dollar,ACH,0,0.24
2022/09/02 02:37,234992,80D2053B1,234992,80D2053B0,1e-06,Bitcoin,0.02,US Dollar,ACH,0,0.02
2022/09/02 02:51,237253,819763991,237253,819763990,1e-06,Bitcoin,0.02,US Dollar,ACH,0,0.02
2022/09/02 02:53,21647,81955AAC1,21647,81955AAC0,1.4e-05,Bitcoin,0.17,US Dollar,ACH,0,0.17
2022/09/02 02:46,132021,81B0BAE11,132021,81B0BAE10,9e-06,Bitcoin,0.1,US Dollar,ACH,0,0.1
2022/09/02 02:48,132021,81B0BAE11,132021,81B0BAE10,4e-06,Bitcoin,0.05,US Dollar,Wire,0,0.05
2022/09/02 02:49,132021,81B0BAE11,132021,81B0BAE10,1e-06,Bitcoin,0.01,US Dollar,Wire,0,0.01
2022/09/02 02:46,8488,807044561,8488,807044560,1.3e-05,Bitcoin,0.15,US Dollar,Wire,0,0.15
2022/09/02 02:37,8488,807044561,8488,807044560,8e-06,Bitcoin,0.09,US Dollar,ACH,0,0.09
2022/09/02 03:01,1291,8002077B0,349,80061B4B0,0.05,US Dollar,0.05,US Dollar,ACH,0,0.05
2022/09/02 03:06,12592,800F9EC90,11483,8047C7180,0.8,US Dollar,0.8,US Dollar,ACH,0,0.8
2022/09/02 03:20,15355,8030F6060,13395,805FCB1A0,0.19,US Dollar,0.19,US Dollar,Wire,0,0.19
2022/09/02 03:12,210277,8050083A0,210277,8050083A0,0.28,US Dollar,1.87,Yuan,ACH,0,0.27087709133048454
2022/09/02 03:10,210277,8050083A0,210277,8050083A0,0.44,US Dollar,2.97,Yuan,ACH,0,0.4302165568190049
2022/09/02 03:10,210277,8050083A0,16456,80608A100,0.44,US Dollar,0.44,US Dollar,ACH,0,0.44
2022/09/02 03:24,210277,8050083A0,210277,8050083A0,0.27,US Dollar,1.78,Yuan,ACH,0,0.25784022597233286
2022/09/02 03:24,210277,8050083A0,16456,80608A100,0.27,US Dollar,0.27,US Dollar,Wire,0,0.27
2022/09/02 03:17,20,8036DD260,4894,807D02B60,0.04,US Dollar,0.04,US Dollar,ACH,0,0.04
2022/09/02 03:29,2514,8036745C0,2514,8036745C0,0.31,US Dollar,0.26,Euro,ACH,0,0.25971431425432023
2022/09/02 03:29,2514,8036745C0,11337,80BA57580,0.31,US Dollar,0.31,US Dollar,ACH,0,0.31
2022/09/02 03:06,2514,8036745C0,2514,8036745C0,0.08,US Dollar,0.07,Euro,ACH,0,0.06992308460693238
2022/09/02 03:06,2514,8036745C0,11337,80BA57580,0.08,US Dollar,0.08,US Dollar,Wire,0,0.08
2022/09/02 03:01,11,800F03590,116473,80BC059B0,0.97,US Dollar,0.97,US Dollar,ACH,0,0.97
2022/09/02 03:24,128097,80B84C980,349,80C7EFBC0,0.27,US Dollar,0.27,US Dollar,ACH,0,0.27
2022/09/02 03:01,21939,806D7E0B0,21063,80CC9FFF0,0.16,US Dollar,0.16,US Dollar,ACH,0,0.16
2022/09/02 03:26,1422,80053D300,237102,80FB51610,0.88,US Dollar,0.88,US Dollar,Wire,0,0.88
2022/09/02 03:11,225862,810D336D0,66473,8185BC3D0,0.19,US Dollar,0.19,US Dollar,ACH,0,0.19
2022/09/02 03:26,12503,8015A81F0,12503,8015A81F0,0.34,US Dollar,0.29,Euro,ACH,0,0.28968135051443406
2022/09/02 03:26,12503,8015A81F0,28195,8185C6650,0.34,US Dollar,0.34,US Dollar,Wire,0,0.34
2022/09/02 03:04,21876,8029FBE60,14195,803781820,0.6,Euro,0.6,Euro,Wire,0,0.5993407252022774
2022/09/02 03:16,0,80032B340,14003,804ACA1C0,0.87,Euro,0.87,Euro,Wire,0,0.8690440515433022
2022/09/02 03:05,6586,805F9F8D0,20,806DC99D0,0.23,Euro,0.23,Euro,ACH,0,0.22974727799420636
2022/09/02 03:25,3460,802E781C0,212529,8078557C0,0.77,Euro,0.77,Euro,ACH,0,0.769153930676256
2022/09/02 03:05,27436,803E101D0,5383,80B4478C0,0.22,Euro,0.22,Euro,Wire,0,0.21975826590750172
2022/09/02 03:26,218604,80DD38FB0,130826,811AE76B0,0.72,Euro,0.72,Euro,ACH,0,0.719208870242733
2022/09/02 03:22,15885,80299BF50,15,8034310D0,1.39,Yuan,1.39,Yuan,ACH,0,0.20134714275367566
2022/09/02 03:09,15885,80299BF50,15,8034310D0,2.4,Yuan,2.4,Yuan,Wire,0,0.3476497428840443
2022/09/02 03:17,117960,806A4F220,17180,808081380,19.58,Yen,19.58,Yen,Wire,0,0.13974734137463418
2022/09/02 03:16,19836,805A7C000,115648,8081E8D60,58.96,Yen,58.96,Yen,ACH,0,0.4208122189708086
2022/09/02 03:16,19836,805A7C000,115648,8081E8D60,113.26,Yen,113.26,Yen,Wire,0,0.8083648561844264
2022/09/02 03:14,26,8087E39A0,72,808C3E940,36.91,Rupee,36.91,Rupee,Wire,0,0.46300129203828444
2022/09/02 03:13,24816,80C0619D0,25,80EB7E470,7.21,Rupee,7.21,Rupee,Wire,0,0.0904426799131951
2022/09/02 03:03,135933,80D2A0EC0,136009,80D773380,0.63,Canadian Dollar,0.63,Canadian Dollar,ACH,0,0.4794155695913553
2022/09/02 03:07,19,80F01CFD0,41428,80F4A01E0,0.25,Australian Dollar,0.25,Australian Dollar,ACH,0,0.17017221428085222
2022/09/02 03:07,19,80F01CFD0,41428,80F4A01E0,0.41,Australian Dollar,0.41,Australian Dollar,Wire,0,0.27908243142059763
2022/09/02 03:23,42130,8102CD020,11,810BBED90,0.18,Australian Dollar,0.18,Australian Dollar,ACH,0,0.12252399428221358
2022/09/02 03:07,42130,8102CD020,11,810BBED90,0.08,Australian Dollar,0.08,Australian Dollar,Wire,0,0.05445510856987271
2022/09/02 03:27,246242,8112D1C70,46152,81130D600,0.44,Mexican Peso,0.44,Mexican Peso,ACH,0,0.02190689569330346
2022/09/02 03:25,246242,8112D1C70,46152,81130D600,0.21,Mexican Peso,0.21,Mexican Peso,Wire,0,0.010455563853622105
2022/09/02 03:29,59704,8161484D0,160259,8169736F0,1.07,Shekel,1.07,Shekel,ACH,0,0.3169900755443638
2022/09/02 03:21,14351,80B1BDE11,14351,80B1BDE10,1e-06,Bitcoin,0.1,Yuan,ACH,0,0.014485405953501847
2022/09/02 03:17,113016,80A4D8561,113016,80A4D8560,1e-06,Bitcoin,0.01,US Dollar,ACH,0,0.01
2022/09/02 03:29,113016,80A4D8561,113016,80A4D8560,5e-06,Bitcoin,0.06,US Dollar,Wire,0,0.06
2022/09/02 03:13,113016,80A4D8561,113016,80A4D8560,1e-06,Bitcoin,0.01,US Dollar,ACH,0,0.01
2022/09/02 03:16,216492,80E1B5F81,216492,80E1B5F80,1e-06,Bitcoin,0.01,US Dollar,ACH,0,0.01
2022/09/02 03:01,216492,80E1B5F81,216492,80E1B5F80,1e-06,Bitcoin,0.01,US Dollar,ACH,0,0.01
2022/09/02 03:26,1277,801747551,1277,801747550,2e-06,Bitcoin,0.02,US Dollar,ACH,0,0.02
2022/09/02 03:20,1277,801747551,1277,801747550,1e-06,Bitcoin,0.01,US Dollar,ACH,0,0.01
2022/09/02 03:28,2860,801015AA1,2860,801015AA0,1e-06,Bitcoin,0.01,US Dollar,ACH,0,0.01
2022/09/02 03:23,18656,8076602A1,18656,8076602A0,5.5e-05,Bitcoin,0.66,US Dollar,Wire,0,0.66
2022/09/02 03:05,24523,805835C51,24523,805835C50,1.4e-05,Bitcoin,0.17,US Dollar,Wire,0,0.17
2022/09/02 03:01,133620,81B6D0E51,133620,81B6D0E50,1e-06,Bitcoin,0.01,US Dollar,Wire,0,0.01
2022/09/02 03:13,133620,81B6D0E51,133620,81B6D0E50,1e-06,Bitcoin,0.01,US Dollar,Wire,0,0.01
2022/09/02 03:50,1394,80062E580,2175,8018BB960,0.4,US Dollar,0.4,US Dollar,Wire,0,0.4
2022/09/02 03:55,21260,8011A8570,11661,804D4C0C0,0.46,US Dollar,0.46,US Dollar,Wire,0,0.46
2022/09/02 03:36,2368,800F29FD0,25526,808BBD2F0,0.02,US Dollar,0.02,US Dollar,ACH,0,0.02
2022/09/02 03:47,12702,805E5C7D0,19182,80957A770,0.18,US Dollar,0.18,US Dollar,Wire,0,0.18
2022/09/02 03:41,22031,808C01C30,14133,809600C70,0.79,US Dollar,0.79,US Dollar,ACH,0,0.79
2022/09/02 03:40,1217,808DFFEB0,21246,8113AC280,0.1,US Dollar,0.1,US Dollar,Wire,0,0.1
2022/09/02 03:59,124222,80C93FAB0,45803,8157911F0,0.21,US Dollar,0.21,US Dollar,Wire,0,0.21
2022/09/02 03:38,1217,800A54140,146287,816BED920,0.72,US Dollar,0.72,US Dollar,ACH,0,0.72
2022/09/02 03:52,1217,800A54140,146287,816BED920,0.02,US Dollar,0.02,US Dollar,Wire,0,0.02
2022/09/02 03:39,11047,8007D4850,56790,816473AD0,0.22,US Dollar,0.22,US Dollar,Wire,0,0.22
2022/09/02 03:57,158841,817D568B0,165132,81B894560,0.04,US Dollar,0.04,US Dollar,ACH,0,0.04
2022/09/02 03:59,20,8000F29B0,0,8000F3250,0.67,Euro,0.67,Euro,Wire,0,0.6692638098092099
2022/09/02 03:32,12202,8020022E0,8889,804163EF0,1.0,Euro,1.0,Euro,Wire,0,0.9989012086704624
2022/09/02 03:36,17353,8079980A0,123440,80AA036D0,0.04,Euro,0.04,Euro,Wire,0,0.0399560483468185
2022/09/02 03:34,423,800266A60,241795,810434CC0,0.06,Euro,0.06,Euro,ACH,0,0.05993407252022774
2022/09/02 03:39,423,800266A60,241795,810434CC0,0.12,Euro,0.12,Euro,Wire,0,0.11986814504045548
2022/09/02 03:59,15885,80222A2B0,692,802C14830,5.15,Yuan,5.15,Yuan,ACH,0,0.7459984066053451
2022/09/02 03:50,15885,80222A2B0,692,802C14830,5.24,Yuan,5.24,Yuan,Wire,0,0.7590352719634967
2022/09/02 03:55,110080,80461CAA0,112926,804EA44B0,2.81,Yuan,2.81,Yuan,Wire,0,0.4070399072934019
2022/09/02 03:39,9856,8039C9460,9530,80504A9B0,0.71,Yuan,0.71,Yuan,ACH,0,0.1028463822698631
2022/09/02 03:46,15885,8033C15E0,10920,805946D30,6.56,Yuan,6.56,Yuan,Wire,0,0.950242630549721
2022/09/02 03:52,17,8000A15E0,8,80D066010,0.16,Canadian Dollar,0.16,Canadian Dollar,ACH,0,0.12175633513431246
2022/09/02 03:32,17,8000A15E0,8,80D066010,0.23,Canadian Dollar,0.23,Canadian Dollar,Wire,0,0.17502473175557415
2022/09/02 03:53,138617,80E421F60,36524,80E5316D0,0.02,Canadian Dollar,0.02,Canadian Dollar,Wire,0,0.015219541891789057
2022/09/02 03:33,41019,80F2D6740,212,80F344D50,0.49,Australian Dollar,0.49,Australian Dollar,Wire,0,0.3335375399904703
2022/09/02 03:59,1199,8000D86B0,213,81549E3C0,0.83,Shekel,0.83,Shekel,ACH,0,0.24588949785217
2022/09/02 03:48,113,8000D1DE0,157900,8159AB3C0,1.48,Shekel,1.48,Shekel,Wire,0,0.43845356243519473
2022/09/02 03:35,216,81730B150,63587,8174D89C0,0.82,Saudi Riyal,0.82,Saudi Riyal,ACH,0,0.21866666666666665
2022/09/02 03:47,63587,8174B5DA0,163470,817525650,1.0,Saudi Riyal,1.0,Saudi Riyal,Wire,0,0.26666666666666666
2022/09/02 03:44,263025,817385330,163897,8179BB6A0,3.29,Saudi Riyal,3.29,Saudi Riyal,ACH,0,0.8773333333333333
2022/09/02 03:35,247096,8119563C1,247096,8119563C0,1.7e-05,Bitcoin,0.17,Euro,ACH,0,0.16981320547397863
2022/09/02 03:46,247096,8119563C1,247096,8119563C0,1.3e-05,Bitcoin,0.13,Euro,ACH,0,0.12985715712716012
2022/09/02 03:38,11671,807143141,11671,807143140,3e-06,Bitcoin,0.03,US Dollar,ACH,0,0.03
2022/09/02 03:48,11671,807143141,11671,807143140,1e-06,Bitcoin,0.01,US Dollar,ACH,0,0.01
2022/09/02 03:42,43642,810733E91,43642,810733E90,1e-06,Bitcoin,0.01,Euro,ACH,0,0.009989012086704625
2022/09/02 03:42,3533,804AD5281,3533,804AD5280,1.3e-05,Bitcoin,0.15,US Dollar,ACH,0,0.15
2022/09/02 03:52,13821,806E7FED1,13821,806E7FED0,4e-06,Bitcoin,0.04,US Dollar,ACH,0,0.04
2022/09/02 03:54,1110,80101B7D1,1110,80101B7D0,1e-06,Bitcoin,0.01,US Dollar,ACH,0,0.01
2022/09/02 03:31,1110,80101B7D1,1110,80101B7D0,1e-06,Bitcoin,0.01,US Dollar,ACH,0,0.01
2022/09/02 04:27,12592,801120550,1277,801C57450,0.21,US Dollar,0.21,US Dollar,ACH,0,0.21
2022/09/02 04:10,1291,8007B6380,11770,801FF23D0,0.34,US Dollar,0.34,US Dollar,Wire,0,0.34
2022/09/02 04:00,1291,80062D190,1807,80231B860,0.37,US Dollar,0.37,US Dollar,ACH,0,0.37
2022/09/02 04:16,1291,80042BEF0,22547,805442730,0.36,US Dollar,0.36,US Dollar,ACH,0,0.36
2022/09/02 04:09,1291,80042BEF0,22547,805442730,0.43,US Dollar,0.43,US Dollar,Wire,0,0.43
2022/09/02 04:05,213123,8075651A0,220015,807F51820,0.1,US Dollar,0.1,US Dollar,ACH,0,0.1
2022/09/02 04:29,11,8009C4B10,226624,80A4D9270,0.19,US Dollar,0.19,US Dollar,Wire,0,0.19
2022/09/02 04:26,1439,800A61310,1812,80C2FD3F0,0.08,US Dollar,0.08,US Dollar,Wire,0,0.08
2022/09/02 04:08,122967,80960B320,25443,80D01E090,0.18,US Dollar,0.18,US Dollar,ACH,0,0.18
2022/09/02 04:04,115966,8086CFC40,140981,812718E10,0.57,US Dollar,0.57,US Dollar,ACH,0,0.57
2022/09/02 04:17,23760,810416050,233005,816FB4FB0,0.31,US Dollar,0.31,US Dollar,ACH,0,0.31
2022/09/02 04:27,215571,817D65030,257646,81BD62CF0,0.95,US Dollar,0.95,US Dollar,ACH,0,0.95
2022/09/02 04:27,20,8001A3BB0,14,800278A90,0.38,Euro,0.38,Euro,ACH,0,0.3795824592947757
2022/09/02 04:09,20,8005FD050,14172,801875110,0.09,Euro,0.09,Euro,Wire,0,0.08990110878034162
2022/09/02 04:21,20,8000626A0,6269,802697A30,0.5,Euro,0.5,Euro,ACH,0,0.4994506043352312
2022/09/02 04:05,110164,804B73D40,110164,804B73D40,0.11,Euro,0.9,Yuan,ACH,0,0.1303686535815166
2022/09/02 04:05,110164,804B73D40,214554,80B90DC40,0.11,Euro,0.11,Euro,Wire,0,0.10987913295375086
2022/09/02 04:26,25788,80267DF00,2514,80B9C59F0,0.08,Euro,0.08,Euro,ACH,0,0.079912096693637
2022/09/02 04:09,16505,8085CE9A0,5312,80BBF7870,0.64,Euro,0.64,Euro,ACH,0,0.639296773549096
2022/09/02 04:16,211362,806CEBC80,5724,81177DD90,0.7,Euro,0.7,Euro,Wire,0,0.6992308460693236
2022/09/02 04:05,21048,80A183750,7839,811BBCBA0,0.56,Euro,0.56,Euro,ACH,0,0.559384676855459
2022/09/02 04:08,122416,810F39160,15763,811D0F140,0.21,Euro,0.21,Euro,ACH,0,0.20976925382079709
2022/09/02 04:15,116186,811A98F80,22260,8145506D0,0.98,Euro,0.98,Euro,ACH,0,0.9789231844970532
2022/09/02 04:19,116186,811A98F80,22260,8145506D0,0.97,Euro,0.97,Euro,Wire,0,0.9689341724103485
2022/09/02 04:29,2557,8020083C0,29559,8150FA510,0.8,Euro,0.8,Euro,ACH,0,0.7991209669363699
2022/09/02 04:12,5923,80293E280,19521,8049CEC50,2.34,Yuan,2.34,Yuan,Wire,0,0.33895849931194316
2022/09/02 04:22,19413,8072D53F0,26,8073B9F10,33.26,Rupee,33.26,Rupee,ACH,0,0.41721546933604287
2022/09/02 04:01,14,8089E68D0,23486,808F2FD30,11.94,Rupee,11.94,Rupee,ACH,0,0.14977608851089452
2022/09/02 04:16,14,8089E68D0,23486,808F2FD30,31.92,Rupee,31.92,Rupee,Wire,0,0.4004064275768638
2022/09/02 04:29,136474,80D9D4770,138426,80E2B3780,0.68,Canadian Dollar,0.68,Canadian Dollar,ACH,0,0.517464424320828
2022/09/02 04:21,219,8135016F0,219,81352FC20,0.1,Swiss Franc,0.1,Swiss Franc,ACH,0,0.10185892538833716
2022/09/02 04:25,219,8135016F0,219,81352FC20,0.09,Swiss Franc,0.09,Swiss Franc,Wire,0,0.09167303284950343
2022/09/02 04:01,52860,813A8C910,52860,813A8DBD0,0.64,Swiss Franc,0.64,Swiss Franc,ACH,0,0.6518971224853578
2022/09/02 04:21,115,81529F500,1199,81532C0D0,0.05,Shekel,0.05,Shekel,ACH,0,0.014812620352540365
2022/09/02 04:27,115,81529F500,1199,81532C0D0,0.01,Shekel,0.01,Shekel,Wire,0,0.0029625240705080727
2022/09/02 04:00,257858,8165D7A90,59954,816963AE0,1.4,Shekel,1.4,Shekel,ACH,0,0.41475336987113015
2022/09/02 04:17,63834,817B98C50,263574,817E47270,1.07,Saudi Riyal,1.07,Saudi Riyal,ACH,0,0.2853333333333333
2022/09/02 04:25,63834,817B98C50,263574,817E47270,0.16,Saudi Riyal,0.16,Saudi Riyal,Wire,0,0.042666666666666665
2022/09/02 04:19,1231,805EFBA41,1231,805EFBA40,1e-06,Bitcoin,0.01,US Dollar,ACH,0,0.01
2022/09/02 04:20,21414,807791041,21414,807791040,4e-05,Bitcoin,0.47,US Dollar,ACH,0,0.47
2022/09/02 04:01,214527,8073CA7B1,214527,8073CA7B0,1e-06,Bitcoin,0.01,US Dollar,ACH,0,0.01
2022/09/02 04:29,217862,80D464061,217862,80D464060,6.7e-05,Bitcoin,0.79,US Dollar,ACH,0,0.79
2022/09/02 04:06,29915,81330D4C1,29915,81330D4C0,3e-06,Bitcoin,0.03,US Dollar,ACH,0,0.03
2022/09/02 04:13,29915,81330D4C1,29915,81330D4C0,1.2e-05,Bitcoin,0.14,US Dollar,ACH,0,0.14
2022/09/02 04:27,14648,809612E01,14648,809612E00,3.3e-05,Bitcoin,0.39,US Dollar,Wire,0,0.39
2022/09/02 04:24,14648,809612E01,14648,809612E00,5e-05,Bitcoin,0.59,US Dollar,Wire,0,0.59
2022/09/02 04:30,11046,8008F9F00,1639,800CB8DB0,0.23,US Dollar,0.23,US Dollar,Wire,0,0.23
2022/09/02 04:56,11495,800918520,1,802FBABE0,0.01,US Dollar,0.01,US Dollar,ACH,0,0.01
2022/09/02 04:47,11222,800D44660,19229,804F3BED0,0.19,US Dollar,0.19,US Dollar,ACH,0,0.19
2022/09/02 04:35,3440,804720510,11701,80535EA80,0.4,US Dollar,0.4,US Dollar,Wire,0,0.4
2022/09/02 04:34,2545,80156FAB0,210700,806BCD080,0.97,US Dollar,0.97,US Dollar,ACH,0,0.97
2022/09/02 04:51,22124,80121A260,11265,806C3B800,0.1,US Dollar,0.1,US Dollar,ACH,0,0.1
2022/09/02 04:55,1277,804029000,3389,808599900,0.4,US Dollar,0.4,US Dollar,Wire,0,0.4
2022/09/02 04:47,20,80030DD60,212996,811FC1FB0,0.27,US Dollar,0.27,US Dollar,ACH,0,0.27
2022/09/02 04:35,14408,80DDB3C00,349,814A77CF0,0.17,US Dollar,0.17,US Dollar,ACH,0,0.17
2022/09/02 04:50,220822,80BF462E0,133044,8155796A0,0.94,US Dollar,0.94,US Dollar,ACH,0,0.94
2022/09/02 04:54,220822,80BF462E0,133044,8155796A0,0.09,US Dollar,0.09,US Dollar,Wire,0,0.09
2022/09/02 04:30,5617,80EF05DE0,142716,8189A0630,0.1,US Dollar,0.1,US Dollar,Wire,0,0.1
2022/09/02 04:42,11671,8055C71B0,226151,81A2E93E0,0.24,US Dollar,0.24,US Dollar,ACH,0,0.24
2022/09/02 04:44,11671,8055C71B0,226151,81A2E93E0,0.08,US Dollar,0.08,US Dollar,Wire,0,0.08
2022/09/02 04:45,226660,81272F580,269198,81B02CFE0,0.7,US Dollar,0.7,US Dollar,ACH,0,0.7
2022/09/02 04:44,226660,81272F580,269198,81B02CFE0,0.37,US Dollar,0.37,US Dollar,Wire,0,0.37
2022/09/02 04:57,12386,801ADEA90,5383,801FE7570,0.85,Euro,0.85,Euro,Wire,0,0.849066027369893
2022/09/02 04:44,3,800AF66E0,5082,80323F0A0,0.02,Euro,0.02,Euro,ACH,0,0.01997802417340925
2022/09/02 04:44,3,800AF66E0,5082,80323F0A0,0.07,Euro,0.07,Euro,Wire,0,0.06992308460693238
2022/09/02 04:54,1768,800DFB240,5436,80CA83E50,0.94,Euro,0.94,Euro,Wire,0,0.9389671361502346
2022/09/02 04:34,1768,800D313B0,229425,811A3C4D0,0.69,Euro,0.69,Euro,ACH,0,0.689241833982619
2022/09/02 04:48,231422,81010FF60,1126,811CFBC70,0.1,Euro,0.1,Euro,Wire,0,0.09989012086704624
2022/09/02 04:56,9856,80496F480,11587,80502F680,1.3,Yuan,1.3,Yuan,Wire,0,0.188310277395524
2022/09/02 04:32,23,806800370,117912,808001DE0,102.36,Yen,102.36,Yen,Wire,0,0.7305688387695382
2022/09/02 04:42,215557,807F62690,21652,808139A10,20.91,Yen,20.91,Yen,ACH,0,0.1492398829491114
2022/09/02 04:47,25892,80A24CCC0,225897,80A7ADDA0,76.03,Rupee,76.03,Rupee,ACH,0,0.9537249589182003
2022/09/02 04:47,35777,80E366910,38682,80E42B1B0,0.11,Canadian Dollar,0.11,Canadian Dollar,ACH,0,0.08370748040483982
2022/09/02 04:42,241469,80F4EA6F0,41542,80F61DF80,0.49,Australian Dollar,0.49,Australian Dollar,Wire,0,0.3335375399904703
2022/09/02 04:40,50707,812EA1190,148894,8132518B0,2.12,Brazil Real,2.12,Brazil Real,Wire,0,0.40741808398193524
2022/09/02 04:50,253428,813CDE850,154255,81431ECE0,0.04,Swiss Franc,0.04,Swiss Franc,ACH,0,0.04074357015533486
2022/09/02 04:40,28932,80C9F26B1,28932,80C9F26B0,8e-06,Bitcoin,0.09,US Dollar,Wire,0,0.09
2022/09/02 04:56,28932,80C9F26B1,28932,80C9F26B0,9e-06,Bitcoin,0.1,US Dollar,ACH,0,0.1
2022/09/02 04:57,9530,804A3A471,9530,804A3A470,3e-06,Bitcoin,0.27,Yuan,Wire,0,0.03911059607445499
2022/09/02 04:47,210472,812C2A4E1,210472,812C2A4E0,4.5e-05,Bitcoin,0.53,US Dollar,ACH,0,0.53
2022/09/02 04:31,21828,803EC7831,21828,803EC7830,1e-06,Bitcoin,0.02,US Dollar,ACH,0,0.02
2022/09/02 04:58,21828,803EC7831,21828,803EC7830,3e-06,Bitcoin,0.03,US Dollar,ACH,0,0.03
2022/09/02 04:33,4894,80B853B61,4894,80B853B60,1.9e-05,Bitcoin,0.23,US Dollar,ACH,0,0.23
2022/09/02 05:18,20,80005B040,1231,80010C4C0,0.18,US Dollar,0.18,US Dollar,ACH,0,0.18
2022/09/02 05:25,1120,80072D840,1394,80205A340,0.07,US Dollar,0.07,US Dollar,ACH,0,0.07
2022/09/02 05:12,1120,80072D840,1394,80205A340,0.15,US Dollar,0.15,US Dollar,Wire,0,0.15
2022/09/02 05:29,1638,802514A30,2175,8061F6690,0.41,US Dollar,0.41,US Dollar,ACH,0,0.41
2022/09/02 05:13,5206,805D5D560,20,8079C1BD0,0.3,US Dollar,0.3,US Dollar,Wire,0,0.3
2022/09/02 05:02,22124,80637CFB0,11770,80A3EC8F0,0.35,US Dollar,0.35,US Dollar,ACH,0,0.35
2022/09/02 05:07,1638,8055912D0,22481,80ABD7EA0,0.5,US Dollar,0.5,US Dollar,ACH,0,0.5
2022/09/02 05:13,1638,8055912D0,22481,80ABD7EA0,0.05,US Dollar,0.05,US Dollar,Wire,0,0.05
2022/09/02 05:22,122779,8098CE470,216796,80B3A0AA0,0.66,US Dollar,0.66,US Dollar,ACH,0,0.66
2022/09/02 05:23,12063,801253D50,224231,80D8B9170,0.09,US Dollar,0.09,US Dollar,Wire,0,0.09
2022/09/02 05:25,22432,810C22410,43217,8117794E0,0.68,US Dollar,0.68,US Dollar,ACH,0,0.68
2022/09/02 05:03,18270,80AD4E3C0,61144,8181C8950,0.24,US Dollar,0.24,US Dollar,Wire,0,0.24
2022/09/02 05:07,1110,8021DB900,259461,8182C3E70,0.76,US Dollar,0.76,US Dollar,ACH,0,0.76
2022/09/02 05:02,126991,813BA8E60,1439,81B5F6AC0,0.17,US Dollar,0.17,US Dollar,Wire,0,0.17
2022/09/02 05:11,425,80028DD80,425,801A36CB0,0.2,Euro,0.2,Euro,Wire,0,0.19978024173409248
2022/09/02 05:11,23726,8018535C0,12386,802BFA740,0.81,Euro,0.81,Euro,ACH,0,0.8091099790230746
2022/09/02 05:12,1595,805E7CD80,25307,808D43C20,0.53,Euro,0.53,Euro,Wire,0,0.5294176405953451
2022/09/02 05:04,425,8003383F0,25634,809597600,0.23,Euro,0.23,Euro,ACH,0,0.22974727799420636
2022/09/02 05:21,425,8003383F0,25634,809597600,0.3,Euro,0.3,Euro,Wire,0,0.2996703626011387
2022/09/02 05:23,21267,808924FF0,131333,80C330A60,0.05,Euro,0.05,Euro,ACH,0,0.04994506043352312
2022/09/02 05:14,21267,808924FF0,131333,80C330A60,0.1,Euro,0.1,Euro,Wire,0,0.09989012086704624
2022/09/02 05:14,129589,80AEE9190,25304,812CDDC20,0.65,Euro,0.65,Euro,ACH,0,0.6492857856358005
2022/09/02 05:21,39194,8110C3880,44720,813F92B10,0.64,Euro,0.64,Euro,ACH,0,0.639296773549096
2022/09/02 05:19,27,802C09D10,210812,80433DE60,4.01,Yuan,4.01,Yuan,ACH,0,0.580864778735424
2022/09/02 05:27,9534,8042DDB50,9735,814E3F330,4.15,Yuan,4.15,Yuan,ACH,0,0.6011443470703267
2022/09/02 05:14,9534,8042DDB50,9735,814E3F330,0.66,Yuan,0.66,Yuan,Wire,0,0.0956036792931122
2022/09/02 05:02,224943,8096C6500,123957,809948B20,76.65,Rupee,76.65,Rupee,ACH,0,0.9615022767470742
2022/09/02 05:03,124503,80986AFF0,124359,809D0F7C0,10.72,Rupee,10.72,Rupee,ACH,0,0.13447233407343295
2022/09/02 05:19,224943,809413F90,123568,80AAEBB30,48.93,Rupee,48.93,Rupee,ACH,0,0.613780905430324
2022/09/02 05:05,135558,80D1E4290,235676,80D3F4E90,0.63,Canadian Dollar,0.63,Canadian Dollar,Wire,0,0.4794155695913553
2022/09/02 05:20,142223,80F7EB550,141465,8104E6840,0.14,Australian Dollar,0.14,Australian Dollar,ACH,0,0.09529643999727724
2022/09/02 05:24,142223,80F7EB550,141465,8104E6840,0.16,Australian Dollar,0.16,Australian Dollar,Wire,0,0.10891021713974541
2022/09/02 05:09,19,810FCF820,146738,8113D6DC0,0.27,Mexican Peso,0.27,Mexican Peso,ACH,0,0.01344286781179985
2022/09/02 05:21,248575,812377C40,149805,81285B970,4.84,Brazil Real,4.84,Brazil Real,Wire,0,0.9301431728644182
2022/09/02 05:17,10,811E40FF0,150028,81275E550,2.43,Brazil Real,2.43,Brazil Real,ACH,0,0.46699336984721823
2022/09/02 05:18,18,81352DA40,152768,813B45840,0.56,Swiss Franc,0.56,Swiss Franc,Wire,0,0.5704099821746881
2022/09/02 05:13,58848,81674C980,160643,816605730,2.21,Shekel,2.21,Shekel,ACH,0,0.654717819582284
2022/09/02 05:16,115114,805DD4841,115114,805DD4840,4e-06,Bitcoin,0.05,US Dollar,ACH,0,0.05
2022/09/02 05:25,115114,805DD4841,115114,805DD4840,3e-06,Bitcoin,0.03,US Dollar,ACH,0,0.03
2022/09/02 05:26,115114,805DD4841,115114,805DD4840,2e-06,Bitcoin,0.02,US Dollar,ACH,0,0.02
2022/09/02 05:04,115114,805DD4841,115114,805DD4840,1e-06,Bitcoin,0.01,US Dollar,ACH,0,0.01
2022/09/02 05:11,126688,81726C5E1,126688,81726C5E0,1.3e-05,Bitcoin,0.16,US Dollar,ACH,0,0.16
2022/09/02 05:09,126688,81726C5E1,126688,81726C5E0,1e-05,Bitcoin,0.12,US Dollar,ACH,0,0.12
2022/09/02 05:04,28932,8181585B1,28932,8181585B0,2e-06,Bitcoin,0.03,US Dollar,ACH,0,0.03
2022/09/02 05:12,28932,8181585B1,28932,8181585B0,7e-06,Bitcoin,0.08,US Dollar,Wire,0,0.08
2022/09/02 05:04,129888,80FA30121,129888,80FA30120,8e-06,Bitcoin,0.64,Yuan,ACH,0,0.09270659810241182
2022/09/02 05:26,23848,807B6BB51,23848,807B6BB50,2e-06,Bitcoin,0.02,Euro,ACH,0,0.01997802417340925
2022/09/02 05:13,23848,807B6BB51,23848,807B6BB50,1e-06,Bitcoin,0.01,Euro,Wire,0,0.009989012086704625
2022/09/02 05:20,246656,819AEF641,246656,819AEF640,4e-06,Bitcoin,0.05,US Dollar,Wire,0,0.05
2022/09/02 05:18,246656,819AEF641,246656,819AEF640,1.3e-05,Bitcoin,0.15,US Dollar,ACH,0,0.15
2022/09/02 05:48,349,8014AA100,13703,802C9FB20,0.16,US Dollar,0.16,US Dollar,Wire,0,0.16
2022/09/02 05:39,12,800611380,24216,804D105B0,0.1,US Dollar,0.1,US Dollar,Wire,0,0.1
2022/09/02 05:32,2196,8015283D0,115216,805A63B50,0.03,US Dollar,0.03,US Dollar,ACH,0,0.03
2022/09/02 05:31,11,8042075C0,22124,8065D7AC0,0.63,US Dollar,0.63,US Dollar,Wire,0,0.63
2022/09/02 05:43,1394,8002870A0,219054,8074EF7C0,0.04,US Dollar,0.04,US Dollar,Wire,0,0.04
2022/09/02 05:51,34978,80D20AA80,1217,80DDB3FA0,0.28,US Dollar,0.28,US Dollar,ACH,0,0.28
2022/09/02 05:49,15331,801E73790,137383,8134079A0,0.16,US Dollar,0.16,US Dollar,ACH,0,0.16
2022/09/02 05:30,31363,80DE69B80,22547,814D5D050,0.11,US Dollar,0.11,US Dollar,ACH,0,0.11
2022/09/02 05:46,31363,80DE69B80,22547,814D5D050,0.05,US Dollar,0.05,US Dollar,Wire,0,0.05
2022/09/02 05:54,215239,80B6B7360,133530,817BA06E0,0.06,US Dollar,0.06,US Dollar,Wire,0,0.06
2022/09/02 05:43,11047,80099E1D0,62847,81865C0F0,0.23,US Dollar,0.23,US Dollar,ACH,0,0.23
2022/09/02 05:31,11047,80099E1D0,62847,81865C0F0,0.08,US Dollar,0.08,US Dollar,Wire,0,0.08
2022/09/02 05:31,33219,80FDBFF40,11047,818F1C110,0.62,US Dollar,0.62,US Dollar,ACH,0,0.62
2022/09/02 05:35,14,80039ECD0,0,80053C550,0.34,Euro,0.34,Euro,ACH,0,0.33962641094795726
2022/09/02 05:43,22264,801675680,4308,801F31160,0.84,Euro,0.84,Euro,ACH,0,0.8390770152831883
2022/09/02 05:40,8811,8040A7A00,7249,805D6F240,0.73,Euro,0.73,Euro,Wire,0,0.7291978823294375
2022/09/02 05:42,425,8055CF900,216269,806567370,0.4,Euro,0.4,Euro,ACH,0,0.39956048346818496
2022/09/02 05:34,3,801583560,8720,808BA66E0,0.1,Euro,0.1,Euro,Wire,0,0.09989012086704624
2022/09/02 05:43,1595,801A65BA0,115690,80E1D7110,0.46,Euro,0.46,Euro,ACH,0,0.4594945559884127
2022/09/02 05:50,23726,802257790,125589,80E46C510,0.95,Euro,0.95,Euro,ACH,0,0.9489561482369392
2022/09/02 05:46,24070,80CEF6200,29154,81B7E52C0,0.71,Euro,0.71,Euro,Wire,0,0.7092198581560283
2022/09/02 05:58,11,8044AF8F0,110164,804675E70,1.13,Yuan,1.13,Yuan,Wire,0,0.16368508727457085
2022/09/02 05:37,12066,804FCEF80,12469,804FEA020,1.54,Yuan,1.54,Yuan,ACH,0,0.22307525168392844
2022/09/02 05:52,12066,804FCEF80,12469,804FEA020,0.6,Yuan,0.6,Yuan,Wire,0,0.08691243572101108
2022/09/02 05:41,692,804BAF850,10311,80543FD30,0.29,Yuan,0.29,Yuan,Wire,0,0.04200767726515535
2022/09/02 05:52,29844,804616B50,210858,8122C8FA0,0.87,Yuan,0.87,Yuan,ACH,0,0.12602303179546606
2022/09/02 05:59,4,804018930,19856,8059B7ED0,21.08,Yen,21.08,Yen,ACH,0,0.1504532153308115
2022/09/02 05:31,4,804018930,19856,8059B7ED0,93.66,Yen,93.66,Yen,Wire,0,0.6684747698237099
2022/09/02 05:50,18,80452F4B0,116914,8086B4B40,80.7,Yen,80.7,Yen,Wire,0,0.5759760188423382
2022/09/02 05:47,19414,809248C50,223281,8096C5840,62.39,Rupee,62.39,Rupee,ACH,0,0.782623966682974
2022/09/02 05:45,135933,80D66DA40,235735,80E55D260,0.92,Canadian Dollar,0.92,Canadian Dollar,Wire,0,0.7000989270222966
2022/09/02 05:52,14,810E97200,46228,81105D9A0,1.1,Mexican Peso,1.1,Mexican Peso,ACH,0,0.05476723923325865
2022/09/02 05:46,149453,812347B50,149891,8125C9380,0.97,Brazil Real,0.97,Brazil Real,ACH,0,0.18641299125588545
2022/09/02 05:57,248756,8122EF900,49700,812918580,0.14,Brazil Real,0.14,Brazil Real,Wire,0,0.0269049678101278
2022/09/02 05:49,263431,818528FD0,264772,8191EAFE0,3.11,Saudi Riyal,3.11,Saudi Riyal,ACH,0,0.8293333333333333
2022/09/02 05:42,37146,80FB96440,37146,80FB96440,2.16,Saudi Riyal,0.58,US Dollar,ACH,0,0.58
2022/09/02 05:42,37146,80FB96440,68159,81936EF90,2.16,Saudi Riyal,2.16,Saudi Riyal,ACH,0,0.5760000000000001
2022/09/02 05:30,126588,816CA6A01,126588,816CA6A00,1e-05,Bitcoin,0.12,US Dollar,ACH,0,0.12
2022/09/02 05:47,126588,816CA6A01,126588,816CA6A00,2e-05,Bitcoin,0.24,US Dollar,ACH,0,0.24
2022/09/02 05:51,134019,80F5E25F1,134019,80F5E25F0,5e-06,Bitcoin,0.06,US Dollar,ACH,0,0.06
2022/09/02 05:57,2545,80A313571,2545,80A313570,1e-06,Bitcoin,0.01,US Dollar,ACH,0,0.01
2022/09/02 05:43,140797,817079AD1,140797,817079AD0,4e-06,Bitcoin,0.04,US Dollar,ACH,0,0.04
2022/09/02 05:45,140797,817079AD1,140797,817079AD0,2e-06,Bitcoin,0.02,US Dollar,ACH,0,0.02
2022/09/02 05:56,13243,805993661,13243,805993660,1e-06,Bitcoin,0.01,US Dollar,ACH,0,0.01
2022/09/02 05:53,13474,803A93631,13474,803A93630,7e-06,Bitcoin,0.08,US Dollar,ACH,0,0.08
2022/09/02 05:30,13474,803A93631,13474,803A93630,2e-05,Bitcoin,0.23,US Dollar,ACH,0,0.23
2022/09/02 05:51,13474,803A93631,13474,803A93630,1e-06,Bitcoin,0.01,US Dollar,ACH,0,0.01
2022/09/02 06:20,1812,800BB2070,15331,8030EA040,0.17,US Dollar,0.17,US Dollar,Wire,0,0.17
2022/09/02 06:27,23319,804604310,28932,805FE0BC0,0.91,US Dollar,0.91,US Dollar,Wire,0,0.91
2022/09/02 06:22,11,8006E8F20,224,808505480,0.57,US Dollar,0.57,US Dollar,ACH,0,0.57
2022/09/02 06:24,24523,8074B7C60,11701,809FF6040,0.21,US Dollar,0.21,US Dollar,ACH,0,0.21
2022/09/02 06:27,113317,80766E5E0,221284,80E1BDB40,0.37,US Dollar,0.37,US Dollar,ACH,0,0.37
2022/09/02 06:02,22031,800E58EE0,136393,8113DD340,0.39,US Dollar,0.39,US Dollar,Wire,0,0.39
2022/09/02 06:21,20,800420460,21130,8120CED60,0.31,US Dollar,0.31,US Dollar,Wire,0,0.31
2022/09/02 06:11,11222,8008C5810,3100,813C20650,0.93,US Dollar,0.93,US Dollar,ACH,0,0.93
2022/09/02 06:10,12,803B3CC20,12,803B3CC20,0.11,US Dollar,0.74,Yuan,ACH,0,0.10719200405591366
2022/09/02 06:01,12,803B3CC20,12,803B3CC20,0.25,US Dollar,1.67,Yuan,ACH,0,0.24190627942348084
2022/09/02 06:01,12,803B3CC20,148288,8146151A0,0.25,US Dollar,0.25,US Dollar,ACH,0,0.25
2022/09/02 06:27,11483,812AC2A90,238352,81523AD10,0.29,US Dollar,0.29,US Dollar,ACH,0,0.29
2022/09/02 06:28,9856,80494B800,9856,80494B800,0.41,US Dollar,2.73,Yuan,ACH,0,0.3954515825306004
2022/09/02 06:24,12503,806AF5470,6681,807A395C0,0.59,Euro,0.59,Euro,ACH,0,0.5893517131155728
2022/09/02 06:24,24455,802BEC090,6058,808F6CC30,0.58,Euro,0.58,Euro,Wire,0,0.5793627010288681
2022/09/02 06:05,24643,801EC3820,7249,8095B4950,0.11,Euro,0.11,Euro,ACH,0,0.10987913295375086
2022/09/02 06:01,211012,80AF441C0,18586,80E1852F0,0.47,Euro,0.47,Euro,ACH,0,0.4694835680751173
2022/09/02 06:23,24070,80DCE07D0,130803,80FEAB240,0.28,Euro,0.28,Euro,ACH,0,0.2796923384277295
2022/09/02 06:22,24070,80DCE07D0,130803,80FEAB240,0.11,Euro,0.11,Euro,Wire,0,0.10987913295375086
2022/09/02 06:10,15168,803B73580,19521,803E86A20,1.87,Yuan,1.87,Yuan,Wire,0,0.27087709133048454
2022/09/02 06:10,29640,80718BFE0,123135,8145F9B50,133.15,Yen,133.15,Yen,ACH,0,0.9503247448433373
2022/09/02 06:23,2,808AD62B0,23809,809F49A20,0.74,Rupee,0.74,Rupee,Wire,0,0.009282605150591454
2022/09/02 06:07,232857,80C8CE730,135422,80CFAB900,0.46,UK Pound,0.46,UK Pound,Wire,0,0.5319887125873155
2022/09/02 06:23,19,810FBD520,46633,81129D7A0,13.49,Mexican Peso,13.49,Mexican Peso,ACH,0,0.6716455065969629
2022/09/02 06:03,19,810FBD520,46633,81129D7A0,0.14,Mexican Peso,0.14,Mexican Peso,Wire,0,0.0069703759024147376
2022/09/02 06:23,53933,813EC21B0,254535,814E7E080,0.02,Swiss Franc,0.02,Swiss Franc,ACH,0,0.02037178507766743
2022/09/02 06:00,112,81350F730,152768,814FC69F0,0.69,Swiss Franc,0.69,Swiss Franc,Wire,0,0.7028265851795263
2022/09/02 06:28,157948,81546AC60,259116,815C3D7E0,3.33,Shekel,3.33,Shekel,ACH,0,0.9865205154791883
2022/09/02 06:23,259272,8162A2740,157900,816737830,2.12,Shekel,2.12,Shekel,ACH,0,0.6280551029477115
2022/09/02 06:02,220822,808171E31,220822,808171E30,7e-06,Bitcoin,0.08,US Dollar,ACH,0,0.08
2022/09/02 06:18,220822,808171E31,220822,808171E30,4e-06,Bitcoin,0.04,US Dollar,ACH,0,0.04
2022/09/02 06:03,9096,80540B791,9096,80540B790,2e-06,Bitcoin,0.14,Yuan,ACH,0,0.020279568334902586
2022/09/02 06:03,9096,80540B791,9096,80540B790,1e-06,Bitcoin,0.07,Yuan,Wire,0,0.010139784167451293
2022/09/02 06:21,224231,812E902A1,224231,812E902A0,1.2e-05,Bitcoin,0.14,US Dollar,ACH,0,0.14
2022/09/02 06:27,224231,812E902A1,224231,812E902A0,5.5e-05,Bitcoin,0.66,US Dollar,ACH,0,0.66
2022/09/02 06:10,20,8004C2AE1,20,8004C2AE0,1.7e-05,Bitcoin,0.2,US Dollar,ACH,0,0.2
2022/09/02 06:04,20,8004C2AE1,20,8004C2AE0,3.1e-05,Bitcoin,0.37,US Dollar,Wire,0,0.37
2022/09/02 06:06,37146,8125CA831,37146,8125CA830,2e-06,Bitcoin,0.02,US Dollar,Wire,0,0.02
2022/09/02 06:14,37146,8125CA831,37146,8125CA830,3e-06,Bitcoin,0.03,US Dollar,ACH,0,0.03
2022/09/02 06:24,213123,8057CF451,213123,8057CF450,1e-06,Bitcoin,0.01,US Dollar,ACH,0,0.01
2022/09/02 06:11,5724,806680EE1,5724,806680EE0,6e-06,Bitcoin,0.06,Euro,ACH,0,0.05993407252022774
2022/09/02 06:03,5724,806680EE1,5724,806680EE0,3e-06,Bitcoin,0.03,Euro,ACH,0,0.02996703626011387
2022/09/02 06:52,2860,80056F030,21260,8009EB8B0,0.72,US Dollar,0.72,US Dollar,ACH,0,0.72
2022/09/02 06:42,1,80005CA70,2368,805182900,0.32,US Dollar,0.32,US Dollar,ACH,0,0.32
2022/09/02 06:34,1277,805DD4290,210472,8061FF2B0,0.09,US Dollar,0.09,US Dollar,Wire,0,0.09
2022/09/02 06:39,18840,8045DEBB0,113016,8065A0000,0.45,US Dollar,0.45,US Dollar,ACH,0,0.45
2022/09/02 06:41,18840,8045DEBB0,113016,8065A0000,0.7,US Dollar,0.7,US Dollar,Wire,0,0.7
2022/09/02 06:58,25242,8038184C0,212730,808022530,0.02,US Dollar,0.02,US Dollar,ACH,0,0.02
2022/09/02 06:42,3500,81305F1D0,133539,81381B740,0.14,US Dollar,0.14,US Dollar,ACH,0,0.14
2022/09/02 06:33,9715,812969770,16584,8148A9E80,0.93,US Dollar,0.93,US Dollar,Wire,0,0.93
2022/09/02 06:51,11265,8018A37C0,149701,816AC5F60,0.18,US Dollar,0.18,US Dollar,Wire,0,0.18
2022/09/02 06:40,12,803B3CC20,12,803B3CC20,1.0,US Dollar,6.68,Yuan,ACH,0,0.9676251176939233
2022/09/02 06:38,117694,80898C130,1807,81916FDB0,0.08,US Dollar,0.08,US Dollar,ACH,0,0.08
2022/09/02 06:56,23319,80EA093A0,149701,81A4C8D80,0.32,US Dollar,0.32,US Dollar,Wire,0,0.32
2022/09/02 06:34,23726,80292EDE0,23848,804D96F50,0.06,Euro,0.06,Euro,ACH,0,0.05993407252022774
2022/09/02 06:38,20798,807D2FEC0,25384,809132990,0.66,Euro,0.66,Euro,ACH,0,0.6592747977225052
2022/09/02 06:51,20798,807D2FEC0,25384,809132990,0.11,Euro,0.11,Euro,Wire,0,0.10987913295375086
2022/09/02 06:48,1390,80150C7E0,212529,809CAD1B0,0.51,Euro,0.51,Euro,ACH,0,0.5094396164219358
2022/09/02 06:31,44720,812E417B0,22026,816B13920,0.44,Euro,0.44,Euro,Wire,0,0.43951653181500344
2022/09/02 06:37,15,8021E7ED0,5923,80340DF90,3.29,Yuan,3.29,Yuan,ACH,0,0.4765698558702108
2022/09/02 06:50,110134,804458BC0,112659,804B7F230,1.85,Yuan,1.85,Yuan,ACH,0,0.2679800101397842
2022/09/02 06:56,5,808F38130,224257,809095570,40.07,Rupee,40.07,Rupee,Wire,0,0.5026405248435128
2022/09/02 06:32,16,80D3F6870,235676,80D436DC0,1.19,Canadian Dollar,1.19,Canadian Dollar,ACH,0,0.9055627425614489
2022/09/02 06:45,41126,80F26DA10,42646,80FA076F0,0.62,Australian Dollar,0.62,Australian Dollar,ACH,0,0.4220270914165135
2022/09/02 06:43,41126,80F0F40B0,41542,80FC0D7F0,0.3,Australian Dollar,0.3,Australian Dollar,Wire,0,0.20420665713702266
2022/09/02 06:51,149108,8120C21C0,49411,81240DFE0,3.61,Brazil Real,3.61,Brazil Real,ACH,0,0.6937638128182954
2022/09/02 06:48,14,8152AE3A0,59700,815F14C00,1.59,Shekel,1.59,Shekel,Wire,0,0.47104132721078357
2022/09/02 06:54,110400,8135B5C01,110400,8135B5C00,5.1e-05,Bitcoin,4.02,Yuan,Wire,0,0.5823133193307741
2022/09/02 06:37,226660,81914AE11,226660,81914AE10,2.7e-05,Bitcoin,0.32,US Dollar,ACH,0,0.32
2022/09/02 06:41,18247,80B3A7B81,18247,80B3A7B80,1.9e-05,Bitcoin,0.23,US Dollar,ACH,0,0.23
2022/09/02 06:43,229512,81B0B1C41,229512,81B0B1C40,1e-06,Bitcoin,0.01,US Dollar,ACH,0,0.01
2022/09/02 06:31,229512,81B0B1C41,229512,81B0B1C40,1e-06,Bitcoin,0.01,US Dollar,Wire,0,0.01
2022/09/02 07:03,20,8001E8940,349,8002F7290,0.43,US Dollar,0.43,US Dollar,ACH,0,0.43
2022/09/02 07:14,224,8001DC0F0,531,80050FB20,0.13,US Dollar,0.13,US Dollar,Wire,0,0.13
2022/09/02 07:03,349,800997340,1422,801120820,0.8,US Dollar,0.8,US Dollar,ACH,0,0.8
2022/09/02 07:16,21260,801AA7150,13354,801D4D9D0,0.84,US Dollar,0.84,US Dollar,ACH,0,0.84
2022/09/02 07:21,21393,801565E70,15284,80861F5A0,0.02,US Dollar,0.02,US Dollar,ACH,0,0.02
2022/09/02 07:29,21393,801565E70,15284,80861F5A0,0.09,US Dollar,0.09,US Dollar,Wire,0,0.09
2022/09/02 07:19,12307,8049FE520,12307,8049FE520,0.17,US Dollar,1.11,Yuan,ACH,0,0.1607880060838705
2022/09/02 07:19,12307,8049FE520,120280,808F856D0,0.17,US Dollar,0.17,US Dollar,ACH,0,0.17
2022/09/02 07:11,12307,8049FE520,12307,8049FE520,0.32,US Dollar,2.15,Yuan,ACH,0,0.3114362280002897
2022/09/02 07:11,12307,8049FE520,120280,808F856D0,0.32,US Dollar,0.32,US Dollar,Wire,0,0.32
2022/09/02 07:28,23,8064ECAA0,23,8064ECAA0,1.07,US Dollar,112.91,Yen,ACH,0,0.8058668189279851
2022/09/02 07:13,4,8062101E0,4,8062101E0,1.1,US Dollar,115.89,Yen,ACH,0,0.8271358218542573
2022/09/02 07:21,1394,8004F2770,13395,80B41D8F0,0.51,US Dollar,0.51,US Dollar,Wire,0,0.51
2022/09/02 07:18,11046,80161EF00,28393,80BA73C70,0.69,US Dollar,0.69,US Dollar,ACH,0,0.69
2022/09/02 07:26,219705,809F58850,118314,80DE2C0A0,0.78,US Dollar,0.78,US Dollar,ACH,0,0.78
2022/09/02 07:02,219705,809F58850,118314,80DE2C0A0,0.07,US Dollar,0.07,US Dollar,Wire,0,0.07
2022/09/02 07:26,21438,80B737CC0,43217,8118CA1A0,0.76,US Dollar,0.76,US Dollar,Wire,0,0.76
2022/09/02 07:17,226436,8116F8E60,121335,811A665C0,0.51,US Dollar,0.51,US Dollar,ACH,0,0.51
2022/09/02 07:25,1,801409750,143280,8121670C0,0.82,US Dollar,0.82,US Dollar,Wire,0,0.82
2022/09/02 07:25,24029,811A8E770,24029,811A8E770,0.34,US Dollar,0.29,Euro,ACH,0,0.28968135051443406
2022/09/02 07:25,24029,811A8E770,26894,813A1C250,0.34,US Dollar,0.34,US Dollar,Wire,0,0.34
2022/09/02 07:15,2196,8014BAED0,240242,814B15380,0.06,US Dollar,0.06,US Dollar,ACH,0,0.06
2022/09/02 07:02,13354,80C4EC0D0,115216,8184439C0,0.6,US Dollar,0.6,US Dollar,Wire,0,0.6
2022/09/02 07:16,56824,817DE6AC0,56824,81C174CF0,0.38,US Dollar,0.38,US Dollar,ACH,0,0.38
2022/09/02 07:25,12055,8015CEC50,14195,80225DA50,0.23,Euro,0.23,Euro,ACH,0,0.22974727799420636
2022/09/02 07:21,14172,802DA63F0,8087,8058B3810,0.56,Euro,0.56,Euro,ACH,0,0.559384676855459
2022/09/02 07:19,14652,801AAC360,17059,80B5EEFB0,0.8,Euro,0.8,Euro,ACH,0,0.7991209669363699
2022/09/02 07:21,1835,801593050,24455,80D46F0A0,0.22,Euro,0.22,Euro,ACH,0,0.21975826590750172
2022/09/02 07:17,1835,801593050,24455,80D46F0A0,0.43,Euro,0.43,Euro,Wire,0,0.42952751972829883
2022/09/02 07:27,423,801EFC5A0,425,810621FC0,0.85,Euro,0.85,Euro,Wire,0,0.849066027369893
2022/09/02 07:02,222654,80ADC4A50,498,815A29F10,0.57,Euro,0.57,Euro,Wire,0,0.5693736889421636
2022/09/02 07:16,3,808BB4070,18355,81652FAF0,0.04,Euro,0.04,Euro,Wire,0,0.0399560483468185
2022/09/02 07:23,29154,814D883D0,62088,8176D9090,0.62,Euro,0.62,Euro,ACH,0,0.6193187493756867
2022/09/02 07:06,12055,800D06700,120478,817BB8B20,0.45,Euro,0.45,Euro,Wire,0,0.4495055439017081
2022/09/02 07:17,29867,803DA17D0,212405,804F356E0,6.63,Yuan,6.63,Yuan,ACH,0,0.9603824147171725
2022/09/02 07:07,29867,803DA17D0,212405,804F356E0,4.1,Yuan,4.1,Yuan,Wire,0,0.5939016440935757
2022/09/02 07:19,29640,805C4D2B0,116914,8067F97F0,59.7,Yen,59.7,Yen,Wire,0,0.4260937834558561
2022/09/02 07:03,72,8087E4B20,123260,808A04E00,59.55,Rupee,59.55,Rupee,Wire,0,0.7469988334023256
2022/09/02 07:22,16,8000A2020,138426,80E42A500,0.59,Canadian Dollar,0.59,Canadian Dollar,ACH,0,0.44897648580777716
2022/09/02 07:19,41126,80F39ABE0,41019,80F4E8E00,0.11,Australian Dollar,0.11,Australian Dollar,Wire,0,0.07487577428357498
2022/09/02 07:21,14,810BEFBF0,19,810DCC060,14.39,Mexican Peso,14.39,Mexican Peso,ACH,0,0.716455065969629
2022/09/02 07:29,14,810BEFBF0,19,810DCC060,4.97,Mexican Peso,4.97,Mexican Peso,Wire,0,0.24744834453572315
2022/09/02 07:18,113,810DA51B0,1135,810F32FB0,3.75,Mexican Peso,3.75,Mexican Peso,ACH,0,0.18670649738610903
2022/09/02 07:18,10,8122DD860,116,8123219F0,2.83,Brazil Real,2.83,Brazil Real,ACH,0,0.5438647064475833
2022/09/02 07:19,214,812342D10,49096,812477AB0,0.04,Brazil Real,0.04,Brazil Real,ACH,0,0.007687133660036514
2022/09/02 07:21,11,811E5C430,248756,81266F260,0.12,Brazil Real,0.12,Brazil Real,ACH,0,0.02306140098010954
2022/09/02 07:18,11,811EB5990,151678,81309BB00,0.2,Brazil Real,0.2,Brazil Real,Wire,0,0.03843566830018257
2022/09/02 07:22,259272,816165F40,259592,8161740A0,1.0,Shekel,1.0,Shekel,ACH,0,0.2962524070508073
2022/09/02 07:07,163470,818709430,64059,8187993D0,3.32,Saudi Riyal,3.32,Saudi Riyal,ACH,0,0.8853333333333333
2022/09/02 07:08,24,80C6D12E1,24,80C6D12E0,1e-06,Bitcoin,0.01,UK Pound,Wire,0,0.01156497201276773
2022/09/02 07:06,24,80C6D12E1,24,80C6D12E0,1e-06,Bitcoin,0.01,UK Pound,ACH,0,0.01156497201276773
2022/09/02 07:04,22435,801E3C4D1,22435,801E3C4D0,6e-06,Bitcoin,0.07,US Dollar,Wire,0,0.07
2022/09/02 07:04,22435,801E3C4D1,22435,801E3C4D0,1e-05,Bitcoin,0.11,US Dollar,ACH,0,0.11
2022/09/02 07:23,29264,80AF38BD1,29264,80AF38BD0,1e-06,Bitcoin,0.02,US Dollar,ACH,0,0.02
2022/09/02 07:05,29264,80AF38BD1,29264,80AF38BD0,4e-06,Bitcoin,0.05,US Dollar,ACH,0,0.05
2022/09/02 07:09,118840,8081BF841,118840,8081BF840,5e-06,Bitcoin,0.06,US Dollar,ACH,0,0.06
2022/09/02 07:22,118840,8081BF841,118840,8081BF840,1.1e-05,Bitcoin,0.13,US Dollar,ACH,0,0.13
2022/09/02 07:23,112357,8115B8E21,112357,8115B8E20,3.3e-05,Bitcoin,0.34,Euro,Wire,0,0.33962641094795726
2022/09/02 07:23,22435,819DA4501,22435,819DA4500,5.3e-05,Bitcoin,0.63,US Dollar,Wire,0,0.63
2022/09/02 07:30,1422,8003531A0,1291,8011820F0,0.15,US Dollar,0.15,US Dollar,ACH,0,0.15
2022/09/02 07:56,20,80103F3B0,11222,8011B4120,0.03,US Dollar,0.03,US Dollar,Wire,0,0.03
2022/09/02 07:30,531,800B8C480,1,8030F7BB0,0.36,US Dollar,0.36,US Dollar,Wire,0,0.36
2022/09/02 07:35,12,8019D00E0,212996,8054CB750,0.54,US Dollar,0.54,US Dollar,Wire,0,0.54
2022/09/02 07:58,22224,8082A16B0,18665,80912AEA0,0.01,US Dollar,0.01,US Dollar,ACH,0,0.01
2022/09/02 07:38,24523,8023FD8B0,14162,809E85370,0.15,US Dollar,0.15,US Dollar,Wire,0,0.15
2022/09/02 07:33,11255,801FE5690,2368,80CC090A0,0.24,US Dollar,0.24,US Dollar,Wire,0,0.24
2022/09/02 07:52,224,800B2F5B0,239440,810E5F360,0.23,US Dollar,0.23,US Dollar,ACH,0,0.23
2022/09/02 07:37,2692,80243E570,135982,81583FE20,0.73,US Dollar,0.73,US Dollar,Wire,0,0.73
2022/09/02 07:41,224,8059E0A40,238352,816A56960,0.29,US Dollar,0.29,US Dollar,Wire,0,0.29
2022/09/02 07:30,11,8001A22A0,11,80023DD80,0.28,Euro,0.28,Euro,Wire,0,0.2796923384277295
2022/09/02 07:40,1768,8007F3B90,1835,8018DF510,0.14,Euro,0.14,Euro,ACH,0,0.13984616921386475
2022/09/02 07:51,14172,80240E8D0,16934,8041B5750,0.37,Euro,0.37,Euro,ACH,0,0.3695934472080711
2022/09/02 07:50,1835,800A4C690,18624,805548560,0.46,Euro,0.46,Euro,ACH,0,0.4594945559884127
2022/09/02 07:40,498,80B475ED0,19622,80E9E0B80,0.57,Euro,0.57,Euro,Wire,0,0.5693736889421636
2022/09/02 07:48,425,802316060,219353,80EA19ED0,0.15,Euro,0.15,Euro,Wire,0,0.14983518130056936
2022/09/02 07:41,7082,80340C570,110134,80499FBB0,1.49,Yuan,1.49,Yuan,Wire,0,0.21583254870717752
2022/09/02 07:30,28335,80461D440,17768,804A658E0,2.06,Yuan,2.06,Yuan,Wire,0,0.29839936264213807
2022/09/02 07:46,117912,806828470,220421,80802B970,34.19,Yen,34.19,Yen,ACH,0,0.24402255370780096
2022/09/02 07:32,7,80C8CF220,134744,817E6C3C0,0.56,UK Pound,0.56,UK Pound,Wire,0,0.6476384327149929
2022/09/02 07:39,41126,80F4CFE10,110,80F514910,0.94,Australian Dollar,0.94,Australian Dollar,ACH,0,0.6398475256960043
2022/09/02 07:45,212,80EFF77E0,43378,8102D1170,0.83,Australian Dollar,0.83,Australian Dollar,Wire,0,0.5649717514124293
2022/09/02 07:41,141352,80F8724B0,41019,81032A610,1.07,Australian Dollar,1.07,Australian Dollar,Wire,0,0.7283370771220475
2022/09/02 07:38,1199,8152AD390,59033,815A45CD0,2.08,Shekel,2.08,Shekel,ACH,0,0.6162050066656791
2022/09/02 07:53,263574,817F7D170,164686,818963100,0.41,Saudi Riyal,0.41,Saudi Riyal,ACH,0,0.10933333333333332
2022/09/02 07:55,263574,817F7D170,164686,818963100,0.94,Saudi Riyal,0.94,Saudi Riyal,Wire,0,0.25066666666666665
2022/09/02 07:46,16584,810FE5E41,16584,810FE5E40,4e-06,Bitcoin,0.05,US Dollar,ACH,0,0.05
2022/09/02 07:52,16584,810FE5E41,16584,810FE5E40,1.3e-05,Bitcoin,0.15,US Dollar,ACH,0,0.15
2022/09/02 07:44,16584,810FE5E41,16584,810FE5E40,2e-06,Bitcoin,0.03,US Dollar,ACH,0,0.03
2022/09/02 07:45,16584,810FE5E41,16584,810FE5E40,6e-06,Bitcoin,0.07,US Dollar,Wire,0,0.07
2022/09/02 07:48,19622,811C81971,19622,811C81970,6e-06,Bitcoin,0.06,Euro,ACH,0,0.05993407252022774
2022/09/02 07:50,215571,806379E41,215571,806379E40,1.2e-05,Bitcoin,0.15,US Dollar,ACH,0,0.15
2022/09/02 07:57,215571,806379E41,215571,806379E40,2.3e-05,Bitcoin,0.28,US Dollar,ACH,0,0.28
2022/09/02 07:37,215571,806379E41,215571,806379E40,1.6e-05,Bitcoin,0.18,US Dollar,Wire,0,0.18
2022/09/02 07:31,116342,80617FF31,116342,80617FF30,9e-06,Bitcoin,0.11,US Dollar,ACH,0,0.11
2022/09/02 07:48,116342,80617FF31,116342,80617FF30,2e-06,Bitcoin,0.02,US Dollar,ACH,0,0.02
2022/09/02 07:38,15783,8046CF851,15783,8046CF850,6e-06,Bitcoin,0.07,US Dollar,ACH,0,0.07
2022/09/02 07:35,15783,8046CF851,15783,8046CF850,1.2e-05,Bitcoin,0.14,US Dollar,ACH,0,0.14
2022/09/02 08:01,1422,802038070,18081,803741710,0.16,US Dollar,0.16,US Dollar,Wire,0,0.16
2022/09/02 08:19,3202,8012EC440,25526,8050D0320,0.96,US Dollar,0.96,US Dollar,Wire,0,0.96
2022/09/02 08:01,22547,801301700,13210,805ED2A70,0.98,US Dollar,0.98,US Dollar,ACH,0,0.98
2022/09/02 08:11,22185,80174C9E0,214527,806DC7580,0.41,US Dollar,0.41,US Dollar,ACH,0,0.41
2022/09/02 08:10,2196,8064571A0,18324,809509B80,0.76,US Dollar,0.76,US Dollar,ACH,0,0.76
2022/09/02 08:02,215514,80677EB60,25526,80A657880,0.68,US Dollar,0.68,US Dollar,ACH,0,0.68
2022/09/02 08:10,13210,803F554B0,24216,80AA04100,0.76,US Dollar,0.76,US Dollar,Wire,0,0.76
2022/09/02 08:27,117694,80774BCC0,27155,80B9B0DE0,0.03,US Dollar,0.03,US Dollar,ACH,0,0.03
2022/09/02 08:13,117694,80774BCC0,27155,80B9B0DE0,0.14,US Dollar,0.14,US Dollar,Wire,0,0.14
2022/09/02 08:28,5621,8047B3D20,18324,80BCA9350,0.01,US Dollar,0.01,US Dollar,ACH,0,0.01
2022/09/02 08:14,1889,80E16D0C0,5571,80FE74220,0.09,US Dollar,0.09,US Dollar,ACH,0,0.09
2022/09/02 08:13,8106,8043AA550,12966,811129F40,0.71,US Dollar,0.71,US Dollar,Wire,0,0.71
2022/09/02 08:06,13703,806CA8550,28195,8121EF0E0,0.72,US Dollar,0.72,US Dollar,ACH,0,0.72
2022/09/02 08:14,13703,806CA8550,28195,8121EF0E0,0.68,US Dollar,0.68,US Dollar,Wire,0,0.68
2022/09/02 08:12,1638,803EB3F30,212996,8144372E0,0.98,US Dollar,0.98,US Dollar,Wire,0,0.98
2022/09/02 08:06,11483,804C554E0,27009,814939C30,0.72,US Dollar,0.72,US Dollar,ACH,0,0.72
2022/09/02 08:25,11701,800BBDD80,220822,814A345C0,0.59,US Dollar,0.59,US Dollar,ACH,0,0.59
2022/09/02 08:08,12204,80B7B2B70,22890,816DE6C60,0.78,US Dollar,0.78,US Dollar,ACH,0,0.78
2022/09/02 08:11,224,8004A8D40,224,8004A8D40,0.12,Euro,0.14,US Dollar,ACH,0,0.14
2022/09/02 08:14,224,8004A8D40,224,8004A8D40,0.2,Euro,0.23,US Dollar,ACH,0,0.23
2022/09/02 08:14,224,8004A8D40,5082,801DEA410,0.2,Euro,0.2,Euro,ACH,0,0.19978024173409248
2022/09/02 08:08,224,8004A8D40,224,8004A8D40,0.05,Euro,0.06,US Dollar,ACH,0,0.06
2022/09/02 08:08,224,8004A8D40,5082,801DEA410,0.05,Euro,0.05,Euro,Wire,0,0.04994506043352312
2022/09/02 08:00,123260,808EAC270,123260,808EAC270,0.78,Euro,66.75,Rupee,ACH,0,0.8373160727053777
2022/09/02 08:24,1776,800DB0DC0,122416,80DAFB260,0.1,Euro,0.1,Euro,ACH,0,0.09989012086704624
2022/09/02 08:00,212418,80B8AE4C0,61712,81A1270F0,0.85,Euro,0.85,Euro,Wire,0,0.849066027369893
2022/09/02 08:08,17180,807FDC930,29572,808671C90,30.94,Yen,30.94,Yen,ACH,0,0.22082649346941688
2022/09/02 08:00,14,8072CECE0,124592,808CE98F0,47.89,Rupee,47.89,Rupee,Wire,0,0.6007350819754388
2022/09/02 08:26,14,810E30410,45907,810E5CFE0,16.44,Mexican Peso,16.44,Mexican Peso,Wire,0,0.818521284540702
2022/09/02 08:25,11,811E9E690,116,8120EA590,2.77,Brazil Real,2.77,Brazil Real,ACH,0,0.5323340059575286
2022/09/02 08:27,265175,818C49230,66761,8193BF740,2.83,Saudi Riyal,2.83,Saudi Riyal,Wire,0,0.7546666666666667
2022/09/02 08:11,27436,810CF5791,27436,810CF5790,3.1e-05,Bitcoin,0.31,Euro,ACH,0,0.3096593746878433
2022/09/02 08:11,7,80C41B9B1,7,80C41B9B0,2e-06,Bitcoin,0.02,UK Pound,Wire,0,0.02312994402553546
2022/09/02 08:14,7,80C41B9B1,7,80C41B9B0,1.1e-05,Bitcoin,0.11,UK Pound,Wire,0,0.127214692140445
2022/09/02 08:17,22364,8015FE671,22364,8015FE670,3e-06,Bitcoin,0.04,US Dollar,ACH,0,0.04
2022/09/02 08:18,131099,80EF80FE1,131099,80EF80FE0,2e-06,Bitcoin,0.03,US Dollar,Wire,0,0.03
2022/09/02 08:07,131099,80EF80FE1,131099,80EF80FE0,5e-06,Bitcoin,0.05,US Dollar,ACH,0,0.05
2022/09/02 08:07,13703,813B02F71,13703,813B02F70,6.7e-05,Bitcoin,0.79,US Dollar,ACH,0,0.79
2022/09/02 08:23,13703,813B02F71,13703,813B02F70,8.1e-05,Bitcoin,0.97,US Dollar,Wire,0,0.97
2022/09/02 08:14,13703,813B02F71,13703,813B02F70,3.2e-05,Bitcoin,0.38,US Dollar,ACH,0,0.38
2022/09/02 08:07,11701,8034B3501,11701,8034B3500,1e-06,Bitcoin,0.01,US Dollar,ACH,0,0.01
2022/09/02 08:17,11701,8034B3501,11701,8034B3500,1e-06,Bitcoin,0.01,US Dollar,ACH,0,0.01
2022/09/02 08:51,20,8000F0530,1,8002293E0,0.89,US Dollar,0.89,US Dollar,ACH,0,0.89
2022/09/02 08:47,1231,80013AF70,531,80054F690,0.12,US Dollar,0.12,US Dollar,ACH,0,0.12
2022/09/02 08:36,1231,80013AF70,531,80054F690,0.04,US Dollar,0.04,US Dollar,Wire,0,0.04
2022/09/02 08:59,21260,800ACE690,1889,801250A00,0.23,US Dollar,0.23,US Dollar,Wire,0,0.23
2022/09/02 08:30,20,800223E30,394,801E626D0,0.52,US Dollar,0.52,US Dollar,ACH,0,0.52
2022/09/02 08:41,23319,8013DF450,1439,802D603D0,0.57,US Dollar,0.57,US Dollar,ACH,0,0.57
2022/09/02 08:38,14640,80236C020,14640,80236C020,0.97,US Dollar,0.83,Euro,ACH,0,0.8290880031964838
2022/09/02 08:56,16263,804D6F220,19561,8075DBDA0,0.28,US Dollar,0.28,US Dollar,ACH,0,0.28
2022/09/02 08:53,10154,804967660,10154,804967660,0.46,US Dollar,3.08,Yuan,ACH,0,0.4461505033678569
2022/09/02 08:45,216796,80C4EA990,19589,80C524630,0.09,US Dollar,0.09,US Dollar,ACH,0,0.09
2022/09/02 08:34,216796,80C4EA990,19589,80C524630,0.18,US Dollar,0.18,US Dollar,Wire,0,0.18
2022/09/02 08:30,214527,80F1CF880,18656,8157D2230,0.54,US Dollar,0.54,US Dollar,ACH,0,0.54
2022/09/02 08:35,134720,818468B00,264643,8185EEE60,0.27,US Dollar,0.27,US Dollar,ACH,0,0.27
2022/09/02 08:34,5206,806302F50,212730,819C49A10,0.1,US Dollar,0.1,US Dollar,Wire,0,0.1
2022/09/02 08:39,8318,8057A2D10,31373,81C0FBF20,0.63,US Dollar,0.63,US Dollar,ACH,0,0.63
2022/09/02 08:57,20,800EA7710,425,8016F9C00,0.73,Euro,0.73,Euro,ACH,0,0.7291978823294375
2022/09/02 08:53,24070,802E2CEB0,2557,80306F0D0,0.98,Euro,0.98,Euro,Wire,0,0.9789231844970532
2022/09/02 08:40,12274,801291280,14,80308C840,0.32,Euro,0.32,Euro,Wire,0,0.319648386774548
2022/09/02 08:31,24029,802B02840,600,80460EA00,0.97,Euro,0.97,Euro,Wire,0,0.9689341724103485
2022/09/02 08:38,24027,80A6315B0,28930,80ACC2640,0.56,Euro,0.56,Euro,Wire,0,0.559384676855459
2022/09/02 08:48,24070,80AEF9550,25788,80DB3EE00,0.39,Euro,0.39,Euro,ACH,0,0.38957147138148035
2022/09/02 08:41,27356,802C29890,15,80344D460,4.7,Yuan,4.7,Yuan,Wire,0,0.6808140798145869
2022/09/02 08:37,15,803BAA830,9534,80DE2E9F0,1.63,Yuan,1.63,Yuan,Wire,0,0.23611211704208007
2022/09/02 08:37,17096,806A222E0,17891,807975910,51.6,Yen,51.6,Yen,ACH,0,0.36828206409249875
2022/09/02 08:42,18256,808674F20,4,808717BE0,49.24,Yen,49.24,Yen,Wire,0,0.3514381557347798
2022/09/02 08:53,119732,8089CEE00,123568,808E5D450,11.78,Rupee,11.78,Rupee,ACH,0,0.14776903874860448
2022/09/02 08:38,119732,8089CEE00,123568,808E5D450,42.67,Rupee,42.67,Rupee,Wire,0,0.5352550834807261
2022/09/02 08:50,142342,80F9C0F80,42646,8100C1100,1.44,Australian Dollar,1.44,Australian Dollar,ACH,0,0.9801919542577087
2022/09/02 08:34,48719,8127682E0,149891,812876270,5.04,Brazil Real,5.04,Brazil Real,ACH,0,0.9685788411646008
2022/09/02 08:51,24,80C3ED011,24,80C3ED010,3e-06,Bitcoin,0.03,UK Pound,ACH,0,0.034694916038303186
2022/09/02 08:48,24,80C3ED011,24,80C3ED010,1e-06,Bitcoin,0.01,UK Pound,Wire,0,0.01156497201276773
2022/09/02 08:53,122779,80EA05A61,122779,80EA05A60,3.5e-05,Bitcoin,0.41,US Dollar,Wire,0,0.41
2022/09/02 08:53,25281,80E6526E1,25281,80E6526E0,3e-06,Bitcoin,0.03,US Dollar,ACH,0,0.03
2022/09/02 08:34,25281,80E6526E1,25281,80E6526E0,1e-06,Bitcoin,0.02,US Dollar,ACH,0,0.02
2022/09/02 08:30,3389,8018D3911,3389,8018D3910,6e-06,Bitcoin,0.07,US Dollar,ACH,0,0.07
2022/09/02 08:51,3389,8018D3911,3389,8018D3910,6e-06,Bitcoin,0.08,US Dollar,ACH,0,0.08
2022/09/02 08:35,23571,80ADBA9E1,23571,80ADBA9E0,2e-06,Bitcoin,0.03,US Dollar,ACH,0,0.03
2022/09/02 08:34,23571,80ADBA9E1,23571,80ADBA9E0,1e-06,Bitcoin,0.01,US Dollar,ACH,0,0.01
2022/09/02 09:17,11,8000ECA90,21393,800AC5040,0.47,US Dollar,0.47,US Dollar,Wire,0,0.47
2022/09/02 09:18,11701,80131CA00,13821,801B3A290,0.75,US Dollar,0.75,US Dollar,Wire,0,0.75
2022/09/02 09:03,21566,802B1C5E0,18656,80388DEE0,0.09,US Dollar,0.09,US Dollar,Wire,0,0.09
2022/09/02 09:25,11,800191AD0,211374,80510A790,0.89,US Dollar,0.89,US Dollar,Wire,0,0.89
2022/09/02 09:07,11255,800A869F0,26179,806075B60,0.48,US Dollar,0.48,US Dollar,ACH,0,0.48
2022/09/02 09:01,11255,800A869F0,26179,806075B60,0.19,US Dollar,0.19,US Dollar,Wire,0,0.19
2022/09/02 09:17,110164,8043C84C0,110164,8043C84C0,0.21,US Dollar,1.42,Yuan,ACH,0,0.2056927645397262
2022/09/02 09:17,110164,8043C84C0,18084,8062C0AC0,0.21,US Dollar,0.21,US Dollar,ACH,0,0.21
2022/09/02 09:23,110164,8043C84C0,110164,8043C84C0,0.52,US Dollar,3.49,Yuan,ACH,0,0.5055406677772145
2022/09/02 09:23,110164,8043C84C0,18084,8062C0AC0,0.52,US Dollar,0.52,US Dollar,Wire,0,0.52
2022/09/02 09:18,110400,805565050,110400,805565050,0.83,US Dollar,5.55,Yuan,ACH,0,0.8039400304193525
2022/09/02 09:18,110400,805565050,1812,807CF5BA0,0.83,US Dollar,0.83,US Dollar,ACH,0,0.83
2022/09/02 09:25,1,80132E300,8814,80854BBA0,0.58,US Dollar,0.58,US Dollar,ACH,0,0.58
2022/09/02 09:08,1,80132E300,8814,80854BBA0,0.53,US Dollar,0.53,US Dollar,Wire,0,0.53
2022/09/02 09:19,2692,806E77BE0,12,809768AA0,0.52,US Dollar,0.52,US Dollar,ACH,0,0.52
2022/09/02 09:24,2692,806E77BE0,12,809768AA0,0.48,US Dollar,0.48,US Dollar,Wire,0,0.48
2022/09/02 09:08,23041,80B2EC280,223113,80BC7B240,0.11,US Dollar,0.11,US Dollar,Wire,0,0.11
2022/09/02 09:07,26179,809320740,131787,80F3AD310,0.69,US Dollar,0.69,US Dollar,ACH,0,0.69
2022/09/02 09:01,15355,806DD16B0,11047,814D7A740,0.78,US Dollar,0.78,US Dollar,ACH,0,0.78
2022/09/02 09:12,228849,812D75480,23319,817720190,0.06,US Dollar,0.06,US Dollar,Wire,0,0.06
2022/09/02 09:20,47060,812218220,45803,817BAA320,0.15,US Dollar,0.15,US Dollar,ACH,0,0.15
2022/09/02 09:13,47060,812218220,45803,817BAA320,0.01,US Dollar,0.01,US Dollar,Wire,0,0.01
2022/09/02 09:28,394,8009F63A0,11255,8196DA800,0.85,US Dollar,0.85,US Dollar,ACH,0,0.85
2022/09/02 09:29,18256,806F84830,18256,806F84830,0.49,US Dollar,52.08,Yen,ACH,0,0.37170794375847543
2022/09/02 09:29,18256,806F84830,9715,8197783D0,0.49,US Dollar,0.49,US Dollar,ACH,0,0.49
2022/09/02 09:12,9856,803BDF220,9856,803BDF220,0.72,US Dollar,4.8,Yuan,ACH,0,0.6952994857680886
2022/09/02 09:12,9856,803BDF220,253043,81A63D0E0,0.72,US Dollar,0.72,US Dollar,Wire,0,0.72
2022/09/02 09:24,225759,816330A70,24999,81AAAA980,0.62,US Dollar,0.62,US Dollar,Wire,0,0.62
2022/09/02 09:20,237253,81255BD60,175159,81BC09830,0.59,US Dollar,0.59,US Dollar,ACH,0,0.59
2022/09/02 09:12,12274,800E80510,14,801AD3980,0.26,Euro,0.26,Euro,ACH,0,0.25971431425432023
2022/09/02 09:24,14003,802D10AD0,27737,80B5F9F80,0.04,Euro,0.04,Euro,ACH,0,0.0399560483468185
2022/09/02 09:11,14003,802D10AD0,27737,80B5F9F80,0.02,Euro,0.02,Euro,Wire,0,0.01997802417340925
2022/09/02 09:15,7522,80B58B0C0,0,80F913560,0.01,Euro,0.01,Euro,ACH,0,0.009989012086704625
2022/09/02 09:12,7522,80B58B0C0,0,80F913560,0.01,Euro,0.01,Euro,Wire,0,0.009989012086704625
2022/09/02 09:29,25307,802274AA0,24643,811D52D40,0.3,Euro,0.3,Euro,Wire,0,0.2996703626011387
2022/09/02 09:07,2293,80587A2D0,47801,813687100,0.29,Euro,0.29,Euro,Wire,0,0.28968135051443406
2022/09/02 09:00,211204,804D8ED30,111425,804EEFCE0,4.31,Yuan,4.31,Yuan,Wire,0,0.6243209965959295
2022/09/02 09:04,15885,8029A7F10,242449,8145F9370,1.87,Yuan,1.87,Yuan,Wire,0,0.27087709133048454
2022/09/02 09:08,12,803729CD0,29592,80457D640,111.88,Yen,111.88,Yen,ACH,0,0.7985154521447433
2022/09/02 09:28,29592,8059B3700,117284,815700F30,89.84,Yen,89.84,Yen,Wire,0,0.6412104774819785
2022/09/02 09:05,223281,808E384F0,124592,80925A0F0,21.25,Rupee,21.25,Rupee,Wire,0,0.26656129655414645
2022/09/02 09:04,2,808CDDCB0,25,8096BD810,71.57,Rupee,71.57,Rupee,ACH,0,0.8977784467943651
2022/09/02 09:09,135933,80D87E090,16,80E0C3A80,0.88,Canadian Dollar,0.88,Canadian Dollar,ACH,0,0.6696598432387185
2022/09/02 09:07,212,80F28A910,212,80F856D10,0.24,Australian Dollar,0.24,Australian Dollar,Wire,0,0.16336532570961812
2022/09/02 09:13,112,813EC5F50,254535,8142EC6A0,0.19,Swiss Franc,0.19,Swiss Franc,ACH,0,0.19353195823784058
2022/09/02 09:11,157948,8158642C0,160008,815FDEF70,0.95,Shekel,0.95,Shekel,Wire,0,0.2814397866982669
2022/09/02 09:17,253214,8143C8EE1,253214,8143C8EE0,2.6e-05,Bitcoin,0.26,Euro,ACH,0,0.25971431425432023
2022/09/02 09:25,253214,8143C8EE1,253214,8143C8EE0,4e-06,Bitcoin,0.04,Euro,Wire,0,0.0399560483468185
2022/09/02 09:41,2196,804D408C0,1889,8057D52B0,0.06,US Dollar,0.06,US Dollar,ACH,0,0.06
2022/09/02 09:47,2196,804D408C0,1889,8057D52B0,0.03,US Dollar,0.03,US Dollar,Wire,0,0.03
2022/09/02 09:56,22031,805CF0780,14133,8073FC3F0,0.46,US Dollar,0.46,US Dollar,Wire,0,0.46
2022/09/02 09:43,18890,804940560,128019,80B9F2A80,0.16,US Dollar,0.16,US Dollar,ACH,0,0.16
2022/09/02 09:37,11,806EAAF20,11,806EAAF20,0.64,US Dollar,0.54,Euro,ACH,0,0.5394066526820497
2022/09/02 09:37,11,806EAAF20,14133,80C7A64D0,0.64,US Dollar,0.64,US Dollar,ACH,0,0.64
2022/09/02 09:34,11,806EAAF20,11,806EAAF20,0.12,US Dollar,0.11,Euro,ACH,0,0.10987913295375086
2022/09/02 09:34,11,806EAAF20,14133,80C7A64D0,0.12,US Dollar,0.12,US Dollar,Wire,0,0.12
2022/09/02 09:34,20,800392B70,127980,80EFD8240,0.14,US Dollar,0.14,US Dollar,ACH,0,0.14
2022/09/02 09:36,131099,80E8E4500,235053,811927A10,0.46,US Dollar,0.46,US Dollar,Wire,0,0.46
2022/09/02 09:37,116473,807A830E0,232746,811C09E80,0.61,US Dollar,0.61,US Dollar,ACH,0,0.61
2022/09/02 09:52,26179,810CEA820,25443,816232D20,0.93,US Dollar,0.93,US Dollar,Wire,0,0.93
2022/09/02 09:34,3440,806368D10,163271,81A3D32F0,0.48,US Dollar,0.48,US Dollar,ACH,0,0.48
2022/09/02 09:43,236897,81467AC50,21828,81B2B6C70,0.57,US Dollar,0.57,US Dollar,Wire,0,0.57
2022/09/02 09:50,11968,8005D27A0,22264,8016D1150,0.92,Euro,0.92,Euro,ACH,0,0.9189891119768254
2022/09/02 09:35,12274,802239290,24029,80270CA00,0.28,Euro,0.28,Euro,ACH,0,0.2796923384277295
2022/09/02 09:36,21444,8016D15B0,212854,805598550,0.54,Euro,0.54,Euro,Wire,0,0.5394066526820497
2022/09/02 09:39,6058,8028A7030,15461,8063E20E0,0.67,Euro,0.67,Euro,Wire,0,0.6692638098092099
2022/09/02 09:31,27,801356FD0,27,801356FD0,0.51,Euro,4.04,Yuan,ACH,0,0.5852104005214745
2022/09/02 09:44,27,801356FD0,27,801356FD0,0.45,Euro,3.52,Yuan,ACH,0,0.509886289563265
2022/09/02 09:44,27,801356FD0,216208,8066E2980,0.45,Euro,0.45,Euro,ACH,0,0.4495055439017081
2022/09/02 09:40,3,80017E980,211362,80EE427F0,0.55,Euro,0.55,Euro,ACH,0,0.5493956647687543
2022/09/02 09:33,5724,810C08D20,25634,811AD7CC0,0.08,Euro,0.08,Euro,ACH,0,0.079912096693637
2022/09/02 09:54,5724,810C08D20,25634,811AD7CC0,0.21,Euro,0.21,Euro,Wire,0,0.20976925382079709
2022/09/02 09:42,12055,802411EE0,117105,8150F8950,0.57,Euro,0.57,Euro,ACH,0,0.5693736889421636
2022/09/02 09:48,12055,802411EE0,117105,8150F8950,0.22,Euro,0.22,Euro,Wire,0,0.21975826590750172
2022/09/02 09:54,216208,80DE5C9B0,255226,8152E6000,0.19,Euro,0.19,Euro,Wire,0,0.18979122964738784
2022/09/02 09:39,29592,8045973F0,122538,81573F0D0,56.92,Yen,56.92,Yen,ACH,0,0.40625223039040753
2022/09/02 09:44,26169,809C91C70,127170,80A80D310,41.6,Rupee,41.6,Rupee,Wire,0,0.5218329381954114
2022/09/02 09:35,11,80CFD2C00,136136,80D61BA30,0.64,Canadian Dollar,0.64,Canadian Dollar,ACH,0,0.48702534053724983
2022/09/02 09:40,136474,80E0F8340,138512,80E143FE0,0.74,Canadian Dollar,0.74,Canadian Dollar,Wire,0,0.5631230499961951
2022/09/02 09:48,256566,814EC36A0,18,814F44D60,0.44,Swiss Franc,0.44,Swiss Franc,ACH,0,0.4481792717086835
2022/09/02 09:55,1199,815865170,157900,815E93D10,0.59,Shekel,0.59,Shekel,Wire,0,0.17478892015997627
2022/09/02 09:51,28625,80EB594C1,28625,80EB594C0,1.6e-05,Bitcoin,0.19,US Dollar,ACH,0,0.19
2022/09/02 09:55,28625,80EB594C1,28625,80EB594C0,3.8e-05,Bitcoin,0.45,US Dollar,ACH,0,0.45
2022/09/02 09:35,14408,8042CE241,14408,8042CE240,2e-06,Bitcoin,0.03,US Dollar,ACH,0,0.03
2022/09/02 09:50,14408,8042CE241,14408,8042CE240,3e-06,Bitcoin,0.03,US Dollar,ACH,0,0.03
2022/09/02 09:59,23747,80F5E6CF1,23747,80F5E6CF0,1e-06,Bitcoin,0.01,US Dollar,ACH,0,0.01
2022/09/02 09:55,23747,80F5E6CF1,23747,80F5E6CF0,7e-06,Bitcoin,0.08,US Dollar,ACH,0,0.08
2022/09/02 09:37,6586,803F648A1,6586,803F648A0,2e-06,Bitcoin,0.02,Euro,ACH,0,0.01997802417340925
2022/09/02 09:30,6586,803F648A1,6586,803F648A0,1e-06,Bitcoin,0.01,Euro,ACH,0,0.009989012086704625
2022/09/02 09:57,6586,803F648A1,6586,803F648A0,1e-06,Bitcoin,0.01,Euro,ACH,0,0.009989012086704625
2022/09/02 09:44,1,80AA7EB61,1,80AA7EB60,3e-06,Bitcoin,0.04,US Dollar,ACH,0,0.04
2022/09/02 09:40,1,80AA7EB61,1,80AA7EB60,5e-06,Bitcoin,0.06,US Dollar,ACH,0,0.06
2022/09/02 09:45,30515,81A51A641,30515,81A51A640,6e-06,Bitcoin,0.07,US Dollar,ACH,0,0.07
2022/09/02 09:40,30515,81A51A641,30515,81A51A640,9e-06,Bitcoin,0.1,US Dollar,ACH,0,0.1
2022/09/02 09:45,19182,80B367311,19182,80B367310,2.2e-05,Bitcoin,0.26,US Dollar,ACH,0,0.26
2022/09/02 09:58,24317,80319DEF1,24317,80319DEF0,1.2e-05,Bitcoin,0.15,US Dollar,ACH,0,0.15
2022/09/02 09:51,24317,80319DEF1,24317,80319DEF0,2.3e-05,Bitcoin,0.27,US Dollar,ACH,0,0.27
2022/09/02 10:07,1394,800913480,21414,800F0EAA0,0.07,US Dollar,0.07,US Dollar,Wire,0,0.07
2022/09/02 10:10,224,8002ECF00,349,802B79260,0.26,US Dollar,0.26,US Dollar,ACH,0,0.26
2022/09/02 10:09,29158,804A849F0,14408,804D35150,0.85,US Dollar,0.85,US Dollar,Wire,0,0.85
2022/09/02 10:26,349,800249990,23319,8058264B0,0.04,US Dollar,0.04,US Dollar,ACH,0,0.04
2022/09/02 10:26,4790,805183250,219425,807607B60,0.22,US Dollar,0.22,US Dollar,Wire,0,0.22
2022/09/02 10:15,22661,801E74D70,3500,8095805B0,0.25,US Dollar,0.25,US Dollar,ACH,0,0.25
2022/09/02 10:08,22661,801E74D70,3500,8095805B0,0.41,US Dollar,0.41,US Dollar,Wire,0,0.41
2022/09/02 10:28,110400,805198320,110400,805198320,0.54,US Dollar,3.59,Yuan,ACH,0,0.5200260737307163
2022/09/02 10:29,110400,805198320,110400,805198320,0.63,US Dollar,4.24,Yuan,ACH,0,0.6141812124284783
2022/09/02 10:29,110400,805198320,11222,80B7D77A0,0.63,US Dollar,0.63,US Dollar,ACH,0,0.63
2022/09/02 10:06,214107,80B7FFC00,25443,80C508B50,0.21,US Dollar,0.21,US Dollar,ACH,0,0.21
2022/09/02 10:25,11495,80758DBF0,22481,80EC5C0C0,0.26,US Dollar,0.26,US Dollar,ACH,0,0.26
2022/09/02 10:26,110593,804E47E70,110593,804E47E70,0.23,US Dollar,1.51,Yuan,ACH,0,0.2187296298978779
2022/09/02 10:01,110593,804E47E70,110593,804E47E70,0.42,US Dollar,2.83,Yuan,ACH,0,0.40993698848410226
2022/09/02 10:11,15355,806DBFC80,1807,8136D9B10,0.13,US Dollar,0.13,US Dollar,Wire,0,0.13
2022/09/02 10:01,1120,80581A9E0,5855,815B530E0,0.94,US Dollar,0.94,US Dollar,ACH,0,0.94
2022/09/02 10:22,349,800C480E0,56335,816B52900,0.04,US Dollar,0.04,US Dollar,Wire,0,0.04
2022/09/02 10:07,10073,805170730,10073,805170730,0.47,US Dollar,3.13,Yuan,ACH,0,0.4533932063446078
2022/09/02 10:07,10073,805170730,258931,817092DA0,0.47,US Dollar,0.47,US Dollar,ACH,0,0.47
2022/09/02 10:21,10416,8066D7700,11305,817D87B50,0.07,US Dollar,0.07,US Dollar,ACH,0,0.07
2022/09/02 10:24,10416,8066D7700,11305,817D87B50,0.06,US Dollar,0.06,US Dollar,Wire,0,0.06
2022/09/02 10:24,129402,80F3AED50,226290,81BDE24D0,0.31,US Dollar,0.31,US Dollar,Wire,0,0.31
2022/09/02 10:05,11,80021E2E0,11,80021E2E0,0.66,Euro,0.77,US Dollar,ACH,0,0.77
2022/09/02 10:25,11,8009BA6E0,12202,801397BF0,0.01,Euro,0.01,Euro,ACH,0,0.009989012086704625
2022/09/02 10:02,11,8009BA6E0,12202,801397BF0,0.01,Euro,0.01,Euro,Wire,0,0.009989012086704625
2022/09/02 10:08,0,800845590,3460,8023584E0,0.7,Euro,0.7,Euro,Wire,0,0.6992308460693236
2022/09/02 10:12,14652,802DED120,3,8064FEE60,0.39,Euro,0.39,Euro,Wire,0,0.38957147138148035
2022/09/02 10:13,26262,80E5E49A0,14,81127EC30,0.83,Euro,0.83,Euro,ACH,0,0.8290880031964838
2022/09/02 10:13,692,801712560,15168,803753F50,0.48,Yuan,0.48,Yuan,ACH,0,0.06952994857680886
2022/09/02 10:01,27356,803BADFA0,19970,80436A500,3.33,Yuan,3.33,Yuan,ACH,0,0.4823640182516115
2022/09/02 10:01,15,800350080,110134,8046213D0,4.88,Yuan,4.88,Yuan,ACH,0,0.7068878105308901
2022/09/02 10:26,29844,803B273C0,13191,80CB8D310,4.7,Yuan,4.7,Yuan,ACH,0,0.6808140798145869
2022/09/02 10:11,119732,808EFC890,124304,80A1906D0,72.58,Rupee,72.58,Rupee,Wire,0,0.9104479484188212
2022/09/02 10:15,36096,80DF72E20,136424,80E2538A0,1.14,Canadian Dollar,1.14,Canadian Dollar,ACH,0,0.8675138878319761
2022/09/02 10:00,137117,80DF6E8E0,138879,80E6FF300,1.21,Canadian Dollar,1.21,Canadian Dollar,ACH,0,0.920782284453238
2022/09/02 10:21,212,80F0CA4F0,212,80F7C3740,0.19,Australian Dollar,0.19,Australian Dollar,Wire,0,0.12933088285344768
2022/09/02 10:09,46228,81116AB10,146738,811310FF0,18.15,Mexican Peso,18.15,Mexican Peso,ACH,0,0.9036594473487676
2022/09/02 10:11,46228,81116AB10,146738,811310FF0,7.74,Mexican Peso,7.74,Mexican Peso,Wire,0,0.38536221060492903
2022/09/02 10:10,10,811DB6860,10,811DDECD0,2.87,Brazil Real,2.87,Brazil Real,ACH,0,0.5515518401076199
2022/09/02 10:26,10,811DB6860,10,811DDECD0,4.2,Brazil Real,4.2,Brazil Real,Wire,0,0.807149034303834
2022/09/02 10:03,157948,8159F8430,258799,815D4EE50,1.23,Shekel,1.23,Shekel,Wire,0,0.3643904606724929
2022/09/02 10:06,157948,8159E2740,59157,815F8E590,0.81,Shekel,0.81,Shekel,ACH,0,0.2399644497111539
2022/09/02 10:11,18,81807D790,217,818A3F430,1.11,Saudi Riyal,1.11,Saudi Riyal,Wire,0,0.29600000000000004
2022/09/02 10:21,15,802226511,15,802226510,1e-06,Bitcoin,0.04,Yuan,Wire,0,0.0057941623814007385
2022/09/02 10:20,15,802226511,15,802226510,1e-06,Bitcoin,0.09,Yuan,ACH,0,0.013036865358151661
2022/09/02 10:13,2545,809C3F6D1,2545,809C3F6D0,2e-06,Bitcoin,0.02,US Dollar,ACH,0,0.02
2022/09/02 10:03,146475,8138AE811,146475,8138AE810,7.6e-05,Bitcoin,0.9,US Dollar,Wire,0,0.9
2022/09/02 10:00,146475,8138AE811,146475,8138AE810,4.8e-05,Bitcoin,0.57,US Dollar,ACH,0,0.57
2022/09/02 10:25,217717,80A557671,217717,80A557670,1e-06,Bitcoin,0.02,US Dollar,Wire,0,0.02
2022/09/02 10:20,217717,80A557671,217717,80A557670,4e-06,Bitcoin,0.05,US Dollar,ACH,0,0.05
2022/09/02 10:04,11265,805923411,11265,805923410,6e-06,Bitcoin,0.07,US Dollar,ACH,0,0.07
2022/09/02 10:12,11265,805923411,11265,805923410,6e-06,Bitcoin,0.07,US Dollar,Wire,0,0.07
2022/09/02 10:29,22086,80147C081,22086,80147C080,2e-06,Bitcoin,0.03,US Dollar,ACH,0,0.03
2022/09/02 10:29,22086,80147C081,22086,80147C080,1e-06,Bitcoin,0.01,US Dollar,ACH,0,0.01
2022/09/02 10:04,29158,81280B411,29158,81280B410,1e-06,Bitcoin,0.01,US Dollar,ACH,0,0.01
2022/09/02 10:06,29158,81280B411,29158,81280B410,2e-06,Bitcoin,0.03,US Dollar,ACH,0,0.03
2022/09/02 10:10,239886,814CAEE91,239886,814CAEE90,5e-06,Bitcoin,0.06,US Dollar,ACH,0,0.06
2022/09/02 10:19,239886,814CAEE91,239886,814CAEE90,1e-06,Bitcoin,0.01,US Dollar,ACH,0,0.01
2022/09/02 10:33,1422,8014D18C0,13703,8030F2990,0.17,US Dollar,0.17,US Dollar,Wire,0,0.17
2022/09/02 10:57,2175,8012D0A60,26894,81051FA40,0.79,US Dollar,0.79,US Dollar,Wire,0,0.79
2022/09/02 10:48,1277,806A88340,1807,8139DBE10,0.25,US Dollar,0.25,US Dollar,Wire,0,0.25
2022/09/02 10:52,1638,805D9D500,37524,813B64890,0.06,US Dollar,0.06,US Dollar,Wire,0,0.06
2022/09/02 10:45,13210,803349A80,122459,813E7DD10,0.1,US Dollar,0.1,US Dollar,ACH,0,0.1
2022/09/02 10:52,1291,8002D0DA0,221024,818AA23F0,0.19,US Dollar,0.19,US Dollar,ACH,0,0.19
2022/09/02 10:48,1291,8002D0DA0,221024,818AA23F0,0.17,US Dollar,0.17,US Dollar,Wire,0,0.17
2022/09/02 10:48,4187,80817CE90,131857,818E6D090,0.54,US Dollar,0.54,US Dollar,Wire,0,0.54
2022/09/02 10:45,224231,80B980950,43217,81AFBE9E0,0.83,US Dollar,0.83,US Dollar,ACH,0,0.83
2022/09/02 10:47,15516,80264CBC0,3460,802A2FDB0,0.12,Euro,0.12,Euro,ACH,0,0.11986814504045548
2022/09/02 10:56,15516,80264CBC0,3460,802A2FDB0,0.16,Euro,0.16,Euro,Wire,0,0.159824193387274
2022/09/02 10:58,1595,80C867360,219760,80DC05630,0.03,Euro,0.03,Euro,Wire,0,0.02996703626011387
2022/09/02 10:42,600,800F1CC20,133674,8164A34D0,0.15,Euro,0.15,Euro,Wire,0,0.14983518130056936
2022/09/02 10:42,219353,80BC6E800,152737,8164BC4C0,0.9,Euro,0.9,Euro,ACH,0,0.8990110878034162
2022/09/02 10:51,2557,8031147C0,233908,816EE3AE0,0.05,Euro,0.05,Euro,Wire,0,0.04994506043352312
2022/09/02 10:51,14652,81183E720,112876,81815B090,0.89,Euro,0.89,Euro,ACH,0,0.8890220757167115
2022/09/02 10:32,12,800070750,15885,80376C8D0,3.88,Yuan,3.88,Yuan,Wire,0,0.5620337509958716
2022/09/02 10:55,7080,8039B3570,210858,8048B3B20,5.5,Yuan,5.5,Yuan,Wire,0,0.7966973274426016
2022/09/02 10:35,19836,8038EB0B0,18,804512640,110.85,Yen,110.85,Yen,ACH,0,0.7911640853615015
2022/09/02 10:32,72,8073E2030,19413,8087E4100,59.96,Rupee,59.96,Rupee,Wire,0,0.752141898418194
2022/09/02 10:41,25,80A93EE10,227277,80E86BBB0,6.45,Rupee,6.45,Rupee,ACH,0,0.0809091935423174
2022/09/02 10:50,125103,809CEF3D0,227113,80EC0BFC0,75.61,Rupee,75.61,Rupee,Wire,0,0.9484564532921889
2022/09/02 10:55,241503,80F7E6570,241036,8101CD640,0.57,Australian Dollar,0.57,Australian Dollar,Wire,0,0.387992648560343
2022/09/02 10:55,257433,8152AFD40,157948,8153681D0,0.77,Shekel,0.77,Shekel,Wire,0,0.22811435342912162
2022/09/02 10:44,11047,800724CF1,11047,800724CF0,1e-06,Bitcoin,0.01,US Dollar,ACH,0,0.01
2022/09/02 10:32,214342,8167FBBF1,214342,8167FBBF0,2.1e-05,Bitcoin,0.25,US Dollar,ACH,0,0.25
2022/09/02 10:32,8801,8068D6C31,8801,8068D6C30,7.3e-05,Bitcoin,0.87,US Dollar,ACH,0,0.87
2022/09/02 10:50,17,80CFF9E71,17,80CFF9E70,6e-06,Bitcoin,0.09,Canadian Dollar,ACH,0,0.06848793851305075
2022/09/02 10:45,17,80CFF9E71,17,80CFF9E70,2e-06,Bitcoin,0.03,Canadian Dollar,ACH,0,0.022829312837683583
2022/09/02 10:54,115114,808D85791,115114,808D85790,4e-06,Bitcoin,0.05,US Dollar,ACH,0,0.05
2022/09/02 10:52,115114,808D85791,115114,808D85790,1.3e-05,Bitcoin,0.16,US Dollar,ACH,0,0.16
2022/09/02 11:28,531,8031ABBB0,3389,803399560,0.39,US Dollar,0.39,US Dollar,ACH,0,0.39
2022/09/02 11:14,22031,801CA3A00,22129,80412E5D0,0.27,US Dollar,0.27,US Dollar,ACH,0,0.27
2022/09/02 11:14,3100,8054FAC70,6314,806A99460,0.44,US Dollar,0.44,US Dollar,ACH,0,0.44
2022/09/02 11:27,1217,8006A8420,110821,806B94130,0.23,US Dollar,0.23,US Dollar,Wire,0,0.23
2022/09/02 11:23,3718,811575D30,234717,8121FD5C0,0.1,US Dollar,0.1,US Dollar,ACH,0,0.1
2022/09/02 11:26,22435,810638A50,3653,812838920,0.73,US Dollar,0.73,US Dollar,Wire,0,0.73
2022/09/02 11:29,127170,80EA43C00,127170,80EA43C00,0.76,US Dollar,55.56,Rupee,ACH,0,0.6969480299552178
2022/09/02 11:20,22086,814CB75F0,236628,815114130,0.54,US Dollar,0.54,US Dollar,Wire,0,0.54
2022/09/02 11:22,5621,806452E40,159702,816D89E20,0.99,US Dollar,0.99,US Dollar,ACH,0,0.99
2022/09/02 11:25,214867,8061636C0,15875,818B4A700,0.9,US Dollar,0.9,US Dollar,ACH,0,0.9
2022/09/02 11:03,1126,8009D3240,1768,800A8B020,0.74,Euro,0.74,Euro,ACH,0,0.7391868944161422
2022/09/02 11:15,1595,802CF71F0,17353,80539A810,0.2,Euro,0.2,Euro,ACH,0,0.19978024173409248
2022/09/02 11:03,12274,800F19DE0,18396,8126BA640,0.06,Euro,0.06,Euro,Wire,0,0.05993407252022774
2022/09/02 11:18,124304,80C04D4A0,124304,80C04D4A0,0.15,Euro,12.91,Rupee,ACH,0,0.16194382769477791
2022/09/02 11:18,124304,80C04D4A0,5724,81816A1A0,0.15,Euro,0.15,Euro,ACH,0,0.14983518130056936
2022/09/02 11:05,26,803A712D0,9856,8041F7640,4.64,Yuan,4.64,Yuan,ACH,0,0.6721228362424856
2022/09/02 11:23,5923,8051F2610,55677,815B639B0,2.15,Yuan,2.15,Yuan,ACH,0,0.3114362280002897
2022/09/02 11:28,23642,808EEE840,224237,8091F5040,18.32,Rupee,18.32,Rupee,Wire,0,0.22980719778221004
2022/09/02 11:22,133159,80C2D6350,133936,80C6E1930,0.07,UK Pound,0.07,UK Pound,ACH,0,0.08095480408937411
2022/09/02 11:12,133159,80C2D6350,133936,80C6E1930,0.06,UK Pound,0.06,UK Pound,Wire,0,0.06938983207660637
2022/09/02 11:00,19,810D814A0,1135,8112EAB50,6.05,Mexican Peso,6.05,Mexican Peso,Wire,0,0.30121981578292256
2022/09/02 11:18,112,8135FE590,154228,813EBE5A0,0.96,Swiss Franc,0.96,Swiss Franc,Wire,0,0.9778456837280366
2022/09/02 11:04,53736,8142AF350,153802,814F2B190,0.4,Swiss Franc,0.4,Swiss Franc,ACH,0,0.40743570155334863
2022/09/02 11:15,53736,8142AF350,153802,814F2B190,0.13,Swiss Franc,0.13,Swiss Franc,Wire,0,0.1324166030048383
2022/09/02 11:12,115,8171D8660,216,8172D5780,1.74,Saudi Riyal,1.74,Saudi Riyal,Wire,0,0.464
2022/09/02 11:10,22031,802FE1A61,22031,802FE1A60,5e-06,Bitcoin,0.06,US Dollar,ACH,0,0.06
2022/09/02 11:13,1394,800A08B51,1394,800A08B50,8e-06,Bitcoin,0.1,US Dollar,ACH,0,0.1
2022/09/02 11:19,252390,819A75931,252390,819A75930,2e-05,Bitcoin,0.24,US Dollar,ACH,0,0.24
2022/09/02 11:27,252390,819A75931,252390,819A75930,3e-06,Bitcoin,0.03,US Dollar,Wire,0,0.03
2022/09/02 11:18,240478,810CED3B1,240478,810CED3B0,4.4e-05,Bitcoin,0.52,US Dollar,ACH,0,0.52
2022/09/02 11:19,240478,810CED3B1,240478,810CED3B0,1.1e-05,Bitcoin,0.13,US Dollar,Wire,0,0.13
2022/09/02 11:29,25443,81B097DB1,25443,81B097DB0,7e-06,Bitcoin,0.09,US Dollar,ACH,0,0.09
2022/09/02 11:03,25526,8076AA3F1,25526,8076AA3F0,2.1e-05,Bitcoin,0.24,US Dollar,ACH,0,0.24
2022/09/02 11:18,25526,8076AA3F1,25526,8076AA3F0,7.3e-05,Bitcoin,0.86,US Dollar,ACH,0,0.86
2022/09/02 11:09,28335,804B468F1,28335,804B468F0,7e-06,Bitcoin,0.54,Yuan,Wire,0,0.07822119214890998
2022/09/02 11:09,28335,804B468F1,28335,804B468F0,7e-06,Bitcoin,0.53,Yuan,Wire,0,0.07677265155355979
2022/09/02 11:50,214867,803125AC0,5855,806FC1650,0.64,US Dollar,0.64,US Dollar,ACH,0,0.64
2022/09/02 11:30,1120,80857D0B0,219687,80922C9E0,0.43,US Dollar,0.43,US Dollar,ACH,0,0.43
2022/09/02 11:58,1638,8061AC1C0,22185,80BF502B0,0.01,US Dollar,0.01,US Dollar,ACH,0,0.01
2022/09/02 11:59,110777,80B3A8D10,132021,810C53850,0.16,US Dollar,0.16,US Dollar,ACH,0,0.16
2022/09/02 11:55,110777,80B3A8D10,132021,810C53850,0.01,US Dollar,0.01,US Dollar,Wire,0,0.01
2022/09/02 11:37,45261,812571B20,243246,814F775A0,0.01,US Dollar,0.01,US Dollar,ACH,0,0.01
2022/09/02 11:38,45261,812571B20,243246,814F775A0,0.01,US Dollar,0.01,US Dollar,Wire,0,0.01
2022/09/02 11:32,20,80F3ACC80,222559,81B60AAB0,0.81,US Dollar,0.81,US Dollar,ACH,0,0.81
2022/09/02 11:41,12274,8017E8760,14851,801F518D0,0.94,Euro,0.94,Euro,Wire,0,0.9389671361502346
2022/09/02 11:53,11314,801175560,25885,802E53D80,0.15,Euro,0.15,Euro,Wire,0,0.14983518130056936
2022/09/02 11:57,21444,8011C6650,17319,803684370,0.07,Euro,0.07,Euro,ACH,0,0.06992308460693238
2022/09/02 11:48,21444,8011C6650,17319,803684370,0.31,Euro,0.31,Euro,Wire,0,0.3096593746878433
2022/09/02 11:46,25788,8029C39F0,12202,806519AB0,0.2,Euro,0.2,Euro,Wire,0,0.19978024173409248
2022/09/02 11:32,1595,802E2B0E0,11314,80C90BCE0,0.01,Euro,0.01,Euro,ACH,0,0.009989012086704625
2022/09/02 11:45,247039,811BE0B10,253008,8150D0050,0.99,Euro,0.99,Euro,Wire,0,0.9889121965837577
2022/09/02 11:52,6090,8105B0450,247976,813FAE4E0,0.67,Euro,0.67,Euro,ACH,0,0.6692638098092099
2022/09/02 11:42,27356,8033CC130,15,80133DAB0,2.86,Yuan,2.86,Yuan,Wire,0,0.4142826102701528
2022/09/02 11:59,26922,8039C1F70,692,8126C4070,2.73,Yuan,2.73,Yuan,ACH,0,0.3954515825306004
2022/09/02 11:58,17213,805484530,7080,815BB5770,6.7,Yuan,6.7,Yuan,ACH,0,0.9705221988846238
2022/09/02 11:55,23,8036B8250,13,8038CDCD0,42.16,Yen,42.16,Yen,Wire,0,0.300906430661623
2022/09/02 11:34,5,808B872D0,72,808F99BF0,6.11,Rupee,6.11,Rupee,Wire,0,0.07664421279745105
2022/09/02 11:47,235676,80D52FA20,235889,80D7E3D70,1.12,Canadian Dollar,1.12,Canadian Dollar,Wire,0,0.8522943459401873
2022/09/02 11:56,241503,80F64AA60,142223,80FE38680,0.35,Australian Dollar,0.35,Australian Dollar,ACH,0,0.2382410999931931
2022/09/02 11:38,40904,80F373210,141352,81014C320,0.82,Australian Dollar,0.82,Australian Dollar,Wire,0,0.5581648628411953
2022/09/02 11:35,212,8000AA410,42234,8101E08B0,0.45,Australian Dollar,0.45,Australian Dollar,ACH,0,0.30630998570553397
2022/09/02 11:50,21393,8008A41E1,21393,8008A41E0,1e-05,Bitcoin,0.12,US Dollar,ACH,0,0.12
2022/09/02 11:34,21393,8008A41E1,21393,8008A41E0,4e-06,Bitcoin,0.05,US Dollar,ACH,0,0.05
2022/09/02 11:43,4790,8116606E1,4790,8116606E0,2.6e-05,Bitcoin,0.31,US Dollar,ACH,0,0.31
2022/09/02 11:31,224,8031EBA91,224,8031EBA90,4.5e-05,Bitcoin,0.53,US Dollar,Wire,0,0.53
2022/09/02 11:35,224,8031EBA91,224,8031EBA90,7.5e-05,Bitcoin,0.89,US Dollar,ACH,0,0.89
2022/09/02 11:47,224,8031EBA91,224,8031EBA90,2.7e-05,Bitcoin,0.33,US Dollar,ACH,0,0.33
2022/09/02 11:53,11661,819D702A1,11661,819D702A0,6.9e-05,Bitcoin,0.82,US Dollar,Wire,0,0.82
2022/09/02 11:40,262622,819D3EB91,262622,819D3EB90,2.6e-05,Bitcoin,0.31,US Dollar,ACH,0,0.31
2022/09/02 11:53,262622,819D3EB91,262622,819D3EB90,3e-06,Bitcoin,0.03,US Dollar,ACH,0,0.03
2022/09/02 11:41,13191,804FEC061,13191,804FEC060,2.1e-05,Bitcoin,1.65,Yuan,ACH,0,0.23900919823278047
2022/09/02 11:34,13191,804FEC061,13191,804FEC060,1.3e-05,Bitcoin,1.02,Yuan,ACH,0,0.14775114072571885
2022/09/02 11:52,13191,804FEC061,13191,804FEC060,3.2e-05,Bitcoin,2.55,Yuan,ACH,0,0.36937785181429705
2022/09/02 11:43,22890,801639A81,22890,801639A80,4.4e-05,Bitcoin,0.52,US Dollar,ACH,0,0.52
2022/09/02 11:47,22890,801639A81,22890,801639A80,8e-06,Bitcoin,0.09,US Dollar,ACH,0,0.09
2022/09/02 12:20,12386,802E5B410,12386,802E5B410,0.86,US Dollar,0.74,Euro,ACH,0,0.7391868944161422
2022/09/02 12:20,12386,802E5B410,12204,803AB4AB0,0.86,US Dollar,0.86,US Dollar,ACH,0,0.86
2022/09/02 12:24,12386,802E5B410,12386,802E5B410,0.18,US Dollar,0.16,Euro,ACH,0,0.159824193387274
2022/09/02 12:24,12386,802E5B410,12204,803AB4AB0,0.18,US Dollar,0.18,US Dollar,Wire,0,0.18
2022/09/02 12:17,394,8002189C0,16456,804AF1520,0.8,US Dollar,0.8,US Dollar,Wire,0,0.8
2022/09/02 12:02,1110,801B711F0,1394,804CDF860,0.95,US Dollar,0.95,US Dollar,Wire,0,0.95
2022/09/02 12:01,2196,801568B10,8318,805757890,0.24,US Dollar,0.24,US Dollar,ACH,0,0.24
2022/09/02 12:25,13,803D412D0,13,803D412D0,0.62,US Dollar,65.6,Yen,ACH,0,0.4682035543501534
2022/09/02 12:19,11222,801687630,1439,805FFD070,0.55,US Dollar,0.55,US Dollar,Wire,0,0.55
2022/09/02 12:06,2860,8019B90F0,11483,80605E430,0.08,US Dollar,0.08,US Dollar,Wire,0,0.08
2022/09/02 12:26,1812,801E9D7D0,117301,806D04430,0.18,US Dollar,0.18,US Dollar,ACH,0,0.18
2022/09/02 12:20,1812,801E9D7D0,117301,806D04430,0.33,US Dollar,0.33,US Dollar,Wire,0,0.33
2022/09/02 12:16,8814,807BABCA0,24523,807CA4680,0.64,US Dollar,0.64,US Dollar,Wire,0,0.64
2022/09/02 12:24,13703,805FEBD60,16739,80FBD06B0,0.24,US Dollar,0.24,US Dollar,ACH,0,0.24
2022/09/02 12:20,122459,80AF9DB40,147509,814243BF0,0.05,US Dollar,0.05,US Dollar,Wire,0,0.05
2022/09/02 12:04,21393,800A21390,20592,8166508D0,0.06,US Dollar,0.06,US Dollar,ACH,0,0.06
2022/09/02 12:26,531,800710890,237640,817F1C340,0.36,US Dollar,0.36,US Dollar,ACH,0,0.36
2022/09/02 12:03,13590,802EA3850,15461,807C4C440,0.91,Euro,0.91,Euro,ACH,0,0.9090000998901208
2022/09/02 12:17,600,80EDDA580,234539,8107BA900,0.13,Euro,0.13,Euro,ACH,0,0.12985715712716012
2022/09/02 12:05,122416,809786D10,32453,8190C66A0,0.87,Euro,0.87,Euro,ACH,0,0.8690440515433022
2022/09/02 12:21,5383,8024062D0,248188,81A59E060,0.48,Euro,0.48,Euro,Wire,0,0.4794725801618219
2022/09/02 12:10,28335,803E36950,8997,804BADD20,2.61,Yuan,2.61,Yuan,Wire,0,0.37806909538639816
2022/09/02 12:15,123957,809202DC0,125222,809842880,77.75,Rupee,77.75,Rupee,ACH,0,0.9753007438628182
2022/09/02 12:23,124359,80A6C9810,226937,80A940650,54.08,Rupee,54.08,Rupee,ACH,0,0.6783828196540348
2022/09/02 12:15,135558,80D2569B0,235735,80D251050,1.17,Canadian Dollar,1.17,Canadian Dollar,ACH,0,0.8903432006696598
2022/09/02 12:04,141204,80F6257C0,41348,80FC4F0E0,0.44,Australian Dollar,0.44,Australian Dollar,ACH,0,0.2995030971342999
2022/09/02 12:18,141204,80F6257C0,41348,80FC4F0E0,0.76,Australian Dollar,0.76,Australian Dollar,Wire,0,0.5173235314137907
2022/09/02 12:23,53905,813BD0E20,253379,813CBD670,0.11,Swiss Franc,0.11,Swiss Franc,ACH,0,0.11204481792717087
2022/09/02 12:28,57466,815291C30,115,81529F500,2.94,Shekel,2.94,Shekel,Wire,0,0.8709820767293733
2022/09/02 12:04,213,815231620,257433,81535E340,1.62,Shekel,1.62,Shekel,Wire,0,0.4799288994223078
2022/09/02 12:17,59642,8162F58C0,58848,8163BABC0,2.09,Shekel,2.09,Shekel,ACH,0,0.6191675307361871
2022/09/02 12:05,59642,8162F58C0,58848,8163BABC0,1.04,Shekel,1.04,Shekel,Wire,0,0.30810250333283956
2022/09/02 12:07,115,8000DCD00,115,8000DCD00,1.28,Saudi Riyal,1.28,Saudi Riyal,Wire,0,0.3413333333333333
2022/09/02 12:05,14652,8093488C1,14652,8093488C0,2.4e-05,Bitcoin,0.24,Euro,ACH,0,0.23973629008091096
2022/09/02 12:18,14652,8093488C1,14652,8093488C0,3.4e-05,Bitcoin,0.34,Euro,ACH,0,0.33962641094795726
2022/09/02 12:22,14652,8093488C1,14652,8093488C0,3e-06,Bitcoin,0.03,Euro,ACH,0,0.02996703626011387
2022/09/02 12:20,14652,8093488C1,14652,8093488C0,4e-06,Bitcoin,0.04,Euro,ACH,0,0.0399560483468185
2022/09/02 12:21,11880,80C2EA6E1,11880,80C2EA6E0,1.9e-05,Bitcoin,0.22,US Dollar,ACH,0,0.22
2022/09/02 12:24,3718,8146DFAD1,3718,8146DFAD0,5e-06,Bitcoin,0.06,US Dollar,ACH,0,0.06
2022/09/02 12:19,3718,8146DFAD1,3718,8146DFAD0,2.6e-05,Bitcoin,0.31,US Dollar,ACH,0,0.31
2022/09/02 12:23,19521,804739E21,19521,804739E20,1e-06,Bitcoin,0.11,Yuan,ACH,0,0.01593394654885203
2022/09/02 12:07,1217,800825071,1217,800825070,2.1e-05,Bitcoin,0.25,US Dollar,ACH,0,0.25
2022/09/02 12:28,1217,800825071,1217,800825070,5.8e-05,Bitcoin,0.69,US Dollar,ACH,0,0.69
2022/09/02 12:06,132021,81220DD11,132021,81220DD10,4e-06,Bitcoin,0.05,US Dollar,Wire,0,0.05
2022/09/02 12:04,132021,81220DD11,132021,81220DD10,2.8e-05,Bitcoin,0.33,US Dollar,ACH,0,0.33
2022/09/02 12:28,21566,81868A501,21566,81868A500,1e-06,Bitcoin,0.01,US Dollar,ACH,0,0.01
2022/09/02 12:06,21566,81868A501,21566,81868A500,1e-06,Bitcoin,0.01,US Dollar,ACH,0,0.01
2022/09/02 12:19,214867,80B5F7F71,214867,80B5F7F70,5.9e-05,Bitcoin,0.7,US Dollar,Wire,0,0.7
2022/09/02 12:14,1231,8155F8071,1231,8155F8070,8e-06,Bitcoin,0.1,US Dollar,ACH,0,0.1
2022/09/02 12:08,1231,8155F8071,1231,8155F8070,4.6e-05,Bitcoin,0.54,US Dollar,ACH,0,0.54
2022/09/02 12:09,1231,8155F8071,1231,8155F8070,1.2e-05,Bitcoin,0.15,US Dollar,ACH,0,0.15
2022/09/02 12:40,11770,800CCCD30,6314,8030DDC40,0.12,US Dollar,0.12,US Dollar,ACH,0,0.12
2022/09/02 12:58,15,8043C2130,15,8043C2130,0.5,US Dollar,3.33,Yuan,ACH,0,0.4823640182516115
2022/09/02 12:40,394,801C17A10,124173,80967F350,0.06,US Dollar,0.06,US Dollar,Wire,0,0.06
2022/09/02 12:56,20,800ABA940,12,80B326C30,0.75,US Dollar,0.75,US Dollar,ACH,0,0.75
2022/09/02 12:59,1638,800FD90E0,21547,80DB7D8F0,0.07,US Dollar,0.07,US Dollar,Wire,0,0.07
2022/09/02 12:45,13210,803C48AC0,22031,8119F18F0,0.29,US Dollar,0.29,US Dollar,ACH,0,0.29
2022/09/02 12:56,115771,806194DE0,5855,816CF3FB0,0.03,US Dollar,0.03,US Dollar,Wire,0,0.03
2022/09/02 12:47,13821,80C2C8690,219788,8182FE3D0,0.02,US Dollar,0.02,US Dollar,ACH,0,0.02
2022/09/02 12:39,13821,80C2C8690,219788,8182FE3D0,0.01,US Dollar,0.01,US Dollar,Wire,0,0.01
2022/09/02 12:51,1595,800396E30,2557,800A72670,0.17,Euro,0.17,Euro,Wire,0,0.16981320547397863
2022/09/02 12:42,3671,801AEE670,14003,801E1BE40,0.27,Euro,0.27,Euro,ACH,0,0.26970332634102484
2022/09/02 12:58,24455,8026EF280,6058,80E1C79E0,0.97,Euro,0.97,Euro,ACH,0,0.9689341724103485
2022/09/02 12:38,1776,804C02180,23194,8116575B0,0.01,Euro,0.01,Euro,ACH,0,0.009989012086704625
2022/09/02 12:49,27356,80494A960,13577,80523FBA0,1.95,Yuan,1.95,Yuan,Wire,0,0.282465416093286
2022/09/02 12:46,110,80F58D840,241503,80F8A5D80,0.01,Australian Dollar,0.01,Australian Dollar,ACH,0,0.006806888571234088
2022/09/02 12:33,112,8156714B0,58138,81596B1C0,0.81,Shekel,0.81,Shekel,ACH,0,0.2399644497111539
2022/09/02 12:43,163233,8172D6B20,263186,81758D5E0,0.01,Saudi Riyal,0.01,Saudi Riyal,Wire,0,0.0026666666666666666
2022/09/02 12:38,263186,81748B360,163470,817613CE0,1.1,Saudi Riyal,1.1,Saudi Riyal,Wire,0,0.29333333333333333
2022/09/02 12:30,18,817F7E650,115,81810C3F0,0.71,Saudi Riyal,0.71,Saudi Riyal,Wire,0,0.18933333333333333
2022/09/02 12:58,264772,817E16410,66761,8187BFF80,1.3,Saudi Riyal,1.3,Saudi Riyal,ACH,0,0.3466666666666667
2022/09/02 12:33,19970,804E44F11,19970,804E44F10,1e-06,Bitcoin,0.05,Yuan,ACH,0,0.007242702976750923
2022/09/02 12:58,19970,804E44F11,19970,804E44F10,1e-06,Bitcoin,0.04,Yuan,ACH,0,0.0057941623814007385
2022/09/02 12:34,349,8005E58B1,349,8005E58B0,4e-06,Bitcoin,0.05,US Dollar,ACH,0,0.05
2022/09/02 12:45,349,8005E58B1,349,8005E58B0,9e-06,Bitcoin,0.11,US Dollar,ACH,0,0.11
2022/09/02 12:55,124126,81613F201,124126,81613F200,2e-06,Bitcoin,0.02,US Dollar,ACH,0,0.02
2022/09/02 12:33,25304,8055972C1,25304,8055972C0,1e-06,Bitcoin,0.01,Euro,Wire,0,0.009989012086704625
2022/09/02 12:43,25304,8055972C1,25304,8055972C0,2e-06,Bitcoin,0.02,Euro,ACH,0,0.01997802417340925
2022/09/02 12:59,11222,80FC192D1,11222,80FC192D0,6.9e-05,Bitcoin,0.81,US Dollar,Wire,0,0.81
2022/09/02 12:35,231039,80E25D941,231039,80E25D940,1.3e-05,Bitcoin,0.15,US Dollar,Wire,0,0.15
2022/09/02 12:40,231039,80E25D941,231039,80E25D940,2.4e-05,Bitcoin,0.28,US Dollar,ACH,0,0.28
2022/09/02 12:35,11770,8085DC881,11770,8085DC880,8e-06,Bitcoin,0.09,US Dollar,Wire,0,0.09
2022/09/02 12:35,11770,8085DC881,11770,8085DC880,5e-06,Bitcoin,0.06,US Dollar,ACH,0,0.06
2022/09/02 12:57,22086,817257F51,22086,817257F50,6.2e-05,Bitcoin,0.73,US Dollar,ACH,0,0.73
2022/09/02 12:53,22086,817257F51,22086,817257F50,2.3e-05,Bitcoin,0.27,US Dollar,ACH,0,0.27
2022/09/02 13:23,1277,80252E980,1277,802AF6760,0.53,US Dollar,0.53,US Dollar,Wire,0,0.53
2022/09/02 13:26,11,8028E8F70,22129,8035B0670,0.61,US Dollar,0.61,US Dollar,ACH,0,0.61
2022/09/02 13:02,2692,801A00200,16456,8079D1160,0.76,US Dollar,0.76,US Dollar,Wire,0,0.76
2022/09/02 13:05,8801,8050F5730,113213,8088AA300,0.79,US Dollar,0.79,US Dollar,Wire,0,0.79
2022/09/02 13:07,21939,80690EE90,112568,80AAFB090,0.72,US Dollar,0.72,US Dollar,Wire,0,0.72
2022/09/02 13:19,221284,80AB89F30,217717,813376F80,0.64,US Dollar,0.64,US Dollar,ACH,0,0.64
2022/09/02 13:26,118699,80847B9C0,21130,8137D1B40,0.24,US Dollar,0.24,US Dollar,Wire,0,0.24
2022/09/02 13:12,425,80186EF50,14003,8032CB7F0,0.48,Euro,0.48,Euro,ACH,0,0.4794725801618219
2022/09/02 13:22,21479,80841E450,21479,80841E450,1.08,Euro,133.87,Yen,ACH,0,0.9554635643423024
2022/09/02 13:13,27425,8036F7A80,110164,804E890A0,5.66,Yuan,5.66,Yuan,ACH,0,0.8198739769682045
2022/09/02 13:21,210091,8048D4130,27356,805317140,5.13,Yuan,5.13,Yuan,Wire,0,0.7431013254146447
2022/09/02 13:20,5923,803D91A00,138046,8122C7A80,3.15,Yuan,3.15,Yuan,Wire,0,0.45629028753530815
2022/09/02 13:02,29592,8038FAFE0,29572,80450ED50,3.22,Yen,3.22,Yen,ACH,0,0.02298194275926058
2022/09/02 13:24,19836,8045B0820,18,80645BCA0,67.68,Yen,67.68,Yen,Wire,0,0.4830490329027193
2022/09/02 13:08,117284,8068007B0,13,806982170,4.81,Yen,4.81,Yen,ACH,0,0.0343301691528085
2022/09/02 13:15,215478,806FCC920,17180,808103490,95.75,Yen,95.75,Yen,ACH,0,0.6833916208693169
2022/09/02 13:02,124304,808F87B80,224371,809D545A0,47.15,Rupee,47.15,Rupee,ACH,0,0.5914524768248473
2022/09/02 13:15,18,80AD03130,27,80AFA24F0,7.98,Ruble,7.98,Ruble,Wire,0,0.1320601717775167
2022/09/02 13:16,16,80B4C3610,131036,80BE5C2F0,24.42,Ruble,24.42,Ruble,Wire,0,0.4041239843116488
2022/09/02 13:21,8,80D1FE240,235943,80EECB6C0,0.21,Canadian Dollar,0.21,Canadian Dollar,ACH,0,0.15980518986378509
2022/09/02 13:24,42275,80F782630,43378,81016DA20,0.47,Australian Dollar,0.47,Australian Dollar,ACH,0,0.31992376284800217
2022/09/02 13:15,42275,80F782630,43378,81016DA20,1.44,Australian Dollar,1.44,Australian Dollar,Wire,0,0.9801919542577087
2022/09/02 13:07,1135,810BF2580,45907,810F99540,8.25,Mexican Peso,8.25,Mexican Peso,Wire,0,0.4107542942494399
2022/09/02 13:02,245772,81111CD30,215,811295DB0,17.03,Mexican Peso,17.03,Mexican Peso,Wire,0,0.8478964401294499
2022/09/02 13:05,246232,811279790,245772,8113A73F0,7.35,Mexican Peso,7.35,Mexican Peso,ACH,0,0.3659447348767737
2022/09/02 13:17,246232,811279790,245772,8113A73F0,12.02,Mexican Peso,12.02,Mexican Peso,Wire,0,0.5984565596216082
2022/09/02 13:26,63940,817B15D20,165768,81819BA10,0.53,Saudi Riyal,0.53,Saudi Riyal,ACH,0,0.14133333333333334
2022/09/02 13:16,117105,8119C39E0,117105,8119C39E0,1.89,Saudi Riyal,0.43,Euro,ACH,0,0.42952751972829883
2022/09/02 13:16,117105,8119C39E0,115,818D700A0,1.89,Saudi Riyal,1.89,Saudi Riyal,Wire,0,0.504
2022/09/02 13:09,63779,817A66140,163897,81926DF10,3.22,Saudi Riyal,3.22,Saudi Riyal,ACH,0,0.8586666666666667
2022/09/02 13:08,15355,817878021,15355,817878020,6.2e-05,Bitcoin,0.74,US Dollar,Wire,0,0.74
2022/09/02 13:22,16456,806AFD201,16456,806AFD200,2.5e-05,Bitcoin,0.3,US Dollar,ACH,0,0.3
2022/09/02 13:24,16456,806AFD201,16456,806AFD200,2.3e-05,Bitcoin,0.28,US Dollar,ACH,0,0.28
2022/09/02 13:06,3653,805D391F1,3653,805D391F0,2.2e-05,Bitcoin,0.27,US Dollar,ACH,0,0.27
2022/09/02 13:21,3653,805D391F1,3653,805D391F0,1e-05,Bitcoin,0.12,US Dollar,ACH,0,0.12
2022/09/02 13:01,152926,81419E221,152926,81419E220,3e-06,Bitcoin,0.03,Swiss Franc,Wire,0,0.030557677616501144
2022/09/02 13:24,152926,81419E221,152926,81419E220,2e-06,Bitcoin,0.02,Swiss Franc,Wire,0,0.02037178507766743
2022/09/02 13:06,152926,81419E221,152926,81419E220,1e-06,Bitcoin,0.01,Swiss Franc,ACH,0,0.010185892538833716
2022/09/02 13:09,11495,80618E2F1,11495,80618E2F0,4.1e-05,Bitcoin,0.49,US Dollar,ACH,0,0.49
2022/09/02 13:28,11495,80618E2F1,11495,80618E2F0,7e-05,Bitcoin,0.83,US Dollar,ACH,0,0.83
2022/09/02 13:09,25526,802D7C971,25526,802D7C970,3e-06,Bitcoin,0.03,US Dollar,Wire,0,0.03
2022/09/02 13:16,1638,805CC7061,1638,805CC7060,8.1e-05,Bitcoin,0.96,US Dollar,ACH,0,0.96
2022/09/02 13:21,3,8039FC591,3,8039FC590,2.8e-05,Bitcoin,0.28,Euro,ACH,0,0.2796923384277295
2022/09/02 13:31,20,80114A9B0,13210,8015A2A60,0.4,US Dollar,0.4,US Dollar,ACH,0,0.4
2022/09/02 13:52,224,80018CB10,13395,801B72A50,0.24,US Dollar,0.24,US Dollar,ACH,0,0.24
2022/09/02 13:43,224,801749780,22129,803838A50,0.51,US Dollar,0.51,US Dollar,Wire,0,0.51
2022/09/02 13:34,5893,804F7F990,5893,804F7F990,0.78,US Dollar,5.2,Yuan,ACH,0,0.753241109582096
2022/09/02 13:41,11046,8060CBC00,115114,80B109E00,0.77,US Dollar,0.77,US Dollar,ACH,0,0.77
2022/09/02 13:31,1,80CE7FCD0,6314,80D0DD970,0.63,US Dollar,0.63,US Dollar,ACH,0,0.63
2022/09/02 13:52,111913,80DB4DED0,214527,80DD1C300,0.5,US Dollar,0.5,US Dollar,ACH,0,0.5
2022/09/02 13:45,1439,8011CEA70,29448,80E351F70,0.86,US Dollar,0.86,US Dollar,ACH,0,0.86
2022/09/02 13:40,1638,800EA30A0,19085,811DF7380,0.98,US Dollar,0.98,US Dollar,Wire,0,0.98
2022/09/02 13:40,19325,80BC249A0,137029,813324550,0.53,US Dollar,0.53,US Dollar,Wire,0,0.53
2022/09/02 13:54,219425,80EB54E70,152229,8136566D0,0.87,US Dollar,0.87,US Dollar,Wire,0,0.87
2022/09/02 13:47,11,800111050,28865,81382BFA0,0.07,US Dollar,0.07,US Dollar,Wire,0,0.07
2022/09/02 13:51,13474,8017929A0,247270,81906EE10,0.42,US Dollar,0.42,US Dollar,ACH,0,0.42
2022/09/02 13:32,11437,800954B30,14172,801951130,0.8,Euro,0.8,Euro,ACH,0,0.7991209669363699
2022/09/02 13:51,25856,8080A9B60,212418,806E176F0,0.9,Euro,0.9,Euro,ACH,0,0.8990110878034162
2022/09/02 13:55,25856,8080A9B60,212418,806E176F0,0.93,Euro,0.93,Euro,Wire,0,0.9289781240635301
2022/09/02 13:48,20,8001B7160,14652,80F10E9D0,0.54,Euro,0.54,Euro,Wire,0,0.5394066526820497
2022/09/02 13:38,4308,80260CCF0,8889,8108BDA60,0.58,Euro,0.58,Euro,ACH,0,0.5793627010288681
2022/09/02 13:46,15168,8028FF400,113579,8059536E0,6.88,Yuan,6.88,Yuan,Wire,0,0.996595929600927
2022/09/02 13:32,7,80C3727E0,133372,80C4E1910,0.11,UK Pound,0.11,UK Pound,ACH,0,0.127214692140445
2022/09/02 13:53,49411,8128D9C10,249585,812F88870,4.5,Brazil Real,4.5,Brazil Real,ACH,0,0.8648025367541078
2022/09/02 13:52,158021,815A42580,59704,8165E9BD0,3.32,Shekel,3.32,Shekel,ACH,0,0.98355799140868
2022/09/02 13:53,163470,817992790,115,817FEDD80,2.6,Saudi Riyal,2.6,Saudi Riyal,ACH,0,0.6933333333333334
2022/09/02 13:36,263431,8176DF940,66415,81882C730,2.94,Saudi Riyal,2.94,Saudi Riyal,ACH,0,0.784
2022/09/02 13:48,1291,802AF2FF1,1291,802AF2FF0,8e-06,Bitcoin,0.1,US Dollar,ACH,0,0.1
2022/09/02 13:57,1291,802AF2FF1,1291,802AF2FF0,5.1e-05,Bitcoin,0.61,US Dollar,ACH,0,0.61
2022/09/02 13:45,2196,8165E6B21,2196,8165E6B20,5e-05,Bitcoin,0.59,US Dollar,ACH,0,0.59
2022/09/02 13:30,116703,80DC8E751,116703,80DC8E750,4e-06,Bitcoin,0.05,US Dollar,Wire,0,0.05
2022/09/02 13:53,116703,80DC8E751,116703,80DC8E750,1e-06,Bitcoin,0.01,US Dollar,Wire,0,0.01
2022/09/02 13:40,249786,81386A291,249786,81386A290,2e-06,Bitcoin,0.02,US Dollar,ACH,0,0.02
2022/09/02 13:58,249786,81386A291,249786,81386A290,2e-06,Bitcoin,0.03,US Dollar,ACH,0,0.03
2022/09/02 13:54,16679,816D2FB31,16679,816D2FB30,2.7e-05,Bitcoin,0.32,US Dollar,Wire,0,0.32
2022/09/02 13:32,16679,816D2FB31,16679,816D2FB30,1e-06,Bitcoin,0.02,US Dollar,ACH,0,0.02
2022/09/02 13:31,113016,8169647B1,113016,8169647B0,2e-06,Bitcoin,0.02,US Dollar,ACH,0,0.02
2022/09/02 14:27,20,800543060,20,80072C120,0.33,US Dollar,0.33,US Dollar,ACH,0,0.33
2022/09/02 14:21,1231,800816D10,2860,801758250,0.1,US Dollar,0.1,US Dollar,Wire,0,0.1
2022/09/02 14:13,531,801E46F30,113016,80AB84440,0.86,US Dollar,0.86,US Dollar,ACH,0,0.86
2022/09/02 14:09,216796,807278030,229026,80B8319B0,0.17,US Dollar,0.17,US Dollar,ACH,0,0.17
2022/09/02 14:25,13703,8076650C0,22435,80D03D650,0.09,US Dollar,0.09,US Dollar,Wire,0,0.09
2022/09/02 14:15,224574,8099324C0,224574,8099324C0,0.92,US Dollar,67.66,Rupee,ACH,0,0.8487311682284023
2022/09/02 14:28,27175,807AE0370,239440,80F5DE050,0.04,US Dollar,0.04,US Dollar,ACH,0,0.04
2022/09/02 14:09,12204,800CF6900,13243,80FB99A80,0.27,US Dollar,0.27,US Dollar,Wire,0,0.27
2022/09/02 14:13,118840,80A255690,215456,811063E50,0.17,US Dollar,0.17,US Dollar,Wire,0,0.17
2022/09/02 14:26,3597,809BD2AC0,139835,813967070,0.03,US Dollar,0.03,US Dollar,Wire,0,0.03
2022/09/02 14:25,8488,811416D90,122459,81528A650,0.35,US Dollar,0.35,US Dollar,ACH,0,0.35
2022/09/02 14:27,118840,8096FA370,132004,815A41E80,0.25,US Dollar,0.25,US Dollar,Wire,0,0.25
2022/09/02 14:14,1638,80501CDF0,3597,815BE8DB0,0.46,US Dollar,0.46,US Dollar,ACH,0,0.46
2022/09/02 14:05,217073,806A5E130,217073,806A5E130,1.33,US Dollar,139.88,Yen,ACH,0,0.9983584326600526
2022/09/02 14:19,217073,806A5E130,217073,806A5E130,0.18,US Dollar,19.44,Yen,ACH,0,0.13874812647205767
2022/09/02 14:19,217073,806A5E130,18890,8181F6DA0,0.18,US Dollar,0.18,US Dollar,ACH,0,0.18
2022/09/02 14:10,10311,80D95E8F0,10311,80D95E8F0,0.9,US Dollar,6.04,Yuan,ACH,0,0.8749185195915116
2022/09/02 14:10,10311,80D95E8F0,152972,8186AFB40,0.9,US Dollar,0.9,US Dollar,ACH,0,0.9
2022/09/02 14:26,10311,80D95E8F0,10311,80D95E8F0,0.95,US Dollar,6.35,Yuan,ACH,0,0.9198232780473672
2022/09/02 14:26,10311,80D95E8F0,152972,8186AFB40,0.95,US Dollar,0.95,US Dollar,Wire,0,0.95
2022/09/02 14:08,229487,80B995250,239632,818BDDB90,0.73,US Dollar,0.73,US Dollar,ACH,0,0.73
2022/09/02 14:15,33013,80C332430,3718,819CF97C0,0.6,US Dollar,0.6,US Dollar,ACH,0,0.6
2022/09/02 14:18,25,809793840,25,809793840,0.13,US Dollar,9.6,Rupee,ACH,0,0.12042298573740264
2022/09/02 14:06,25,809793840,25,809793840,0.01,US Dollar,0.73,Rupee,ACH,0,0.009157164540448326
2022/09/02 14:28,21444,801D38770,12386,801EE7C40,0.93,Euro,0.93,Euro,Wire,0,0.9289781240635301
2022/09/02 14:11,11314,802C3F280,6829,807857310,0.72,Euro,0.72,Euro,Wire,0,0.719208870242733
2022/09/02 14:15,214423,805FB7E00,114948,8088ECFA0,0.03,Euro,0.03,Euro,ACH,0,0.02996703626011387
2022/09/02 14:26,214423,805FB7E00,114948,8088ECFA0,0.1,Euro,0.1,Euro,Wire,0,0.09989012086704624
2022/09/02 14:15,14213,802DCAAC0,600,80BC36150,0.54,Euro,0.54,Euro,ACH,0,0.5394066526820497
2022/09/02 14:00,14213,802DCAAC0,600,80BC36150,0.33,Euro,0.33,Euro,Wire,0,0.3296373988612526
2022/09/02 14:07,20,80185B040,224191,80CBB8580,0.29,Euro,0.29,Euro,Wire,0,0.28968135051443406
2022/09/02 14:26,25304,8020F3F70,17059,80D1088C0,0.35,Euro,0.35,Euro,ACH,0,0.3496154230346618
2022/09/02 14:13,25304,8020F3F70,17059,80D1088C0,0.55,Euro,0.55,Euro,Wire,0,0.5493956647687543
2022/09/02 14:19,15461,80D166940,225312,80E2FB9F0,0.89,Euro,0.89,Euro,ACH,0,0.8890220757167115
2022/09/02 14:03,15461,80D166940,225312,80E2FB9F0,0.42,Euro,0.42,Euro,Wire,0,0.41953850764159417
2022/09/02 14:23,12,8086785F0,12,8086785F0,0.84,Euro,104.28,Yen,ACH,0,0.7442723574334451
2022/09/02 14:04,394,8002CDA20,125589,8144A4010,0.91,Euro,0.91,Euro,Wire,0,0.9090000998901208
2022/09/02 14:15,7522,808A34770,120229,815785430,0.62,Euro,0.62,Euro,Wire,0,0.6193187493756867
2022/09/02 14:05,215278,80662D430,17380,806F9B970,80.28,Yen,80.28,Yen,Wire,0,0.5729783741346085
2022/09/02 14:06,123260,808A9E1B0,24320,809291210,14.64,Rupee,14.64,Rupee,Wire,0,0.18364505324953903
2022/09/02 14:21,233601,80C702AA0,233601,80C70E760,0.06,UK Pound,0.06,UK Pound,ACH,0,0.06938983207660637
2022/09/02 14:00,233601,80C702AA0,233601,80C70E760,0.01,UK Pound,0.01,UK Pound,Wire,0,0.01156497201276773
2022/09/02 14:22,24,800092F30,233674,80C99A2D0,0.1,UK Pound,0.1,UK Pound,ACH,0,0.1156497201276773
2022/09/02 14:12,34293,80C9582F0,33370,80CA7F4C0,0.75,UK Pound,0.75,UK Pound,ACH,0,0.8673729009575797
2022/09/02 14:25,110,80F05C110,41019,80F05E480,0.18,Australian Dollar,0.18,Australian Dollar,Wire,0,0.12252399428221358
2022/09/02 14:16,142513,80F9222F0,44198,8104E4230,0.26,Australian Dollar,0.26,Australian Dollar,Wire,0,0.17697910285208632
2022/09/02 14:05,249331,8123401C0,248957,8124BCA80,3.29,Brazil Real,3.29,Brazil Real,ACH,0,0.6322667435380033
2022/09/02 14:15,249331,8125CBB50,248575,812A35970,1.92,Brazil Real,1.92,Brazil Real,ACH,0,0.36898241568175266
2022/09/02 14:05,53874,813DB7650,53933,814314570,0.63,Swiss Franc,0.63,Swiss Franc,ACH,0,0.6417112299465241
2022/09/02 14:22,140981,81493E5B1,140981,81493E5B0,7e-06,Bitcoin,0.09,US Dollar,Wire,0,0.09
2022/09/02 14:20,251806,817CF23F1,251806,817CF23F0,6.4e-05,Bitcoin,0.65,Euro,ACH,0,0.6492857856358005
2022/09/02 14:10,251806,817CF23F1,251806,817CF23F0,2.5e-05,Bitcoin,0.25,Euro,ACH,0,0.2497253021676156
2022/09/02 14:04,24216,81295A431,24216,81295A430,1e-06,Bitcoin,0.01,US Dollar,ACH,0,0.01
2022/09/02 14:32,1394,80037DDE0,11265,801021460,0.52,US Dollar,0.52,US Dollar,ACH,0,0.52
2022/09/02 14:59,531,80152C480,22185,8015A2670,0.34,US Dollar,0.34,US Dollar,ACH,0,0.34
2022/09/02 14:51,22364,8017DA820,11495,801E060E0,0.07,US Dollar,0.07,US Dollar,Wire,0,0.07
2022/09/02 14:31,1277,80080E9B0,6314,8057FE0B0,0.19,US Dollar,0.19,US Dollar,Wire,0,0.19
2022/09/02 14:52,11046,800D91C70,531,806AD5000,0.46,US Dollar,0.46,US Dollar,Wire,0,0.46
2022/09/02 14:54,349,8002C50A0,216093,807BCEBE0,0.39,US Dollar,0.39,US Dollar,ACH,0,0.39
2022/09/02 14:51,221100,808275780,110777,80A622CF0,0.64,US Dollar,0.64,US Dollar,Wire,0,0.64
2022/09/02 14:33,110856,8085317B0,11046,80B7D1450,0.83,US Dollar,0.83,US Dollar,Wire,0,0.83
2022/09/02 14:32,5571,802DA9040,21566,80DCF1700,0.04,US Dollar,0.04,US Dollar,ACH,0,0.04
2022/09/02 14:48,3440,807FA2640,28958,80F5A6190,0.26,US Dollar,0.26,US Dollar,Wire,0,0.26
2022/09/02 14:58,217073,80665E550,217073,80665E550,1.05,US Dollar,110.57,Yen,ACH,0,0.7891656555563484
2022/09/02 14:38,1217,805D57100,17831,813C06A30,0.13,US Dollar,0.13,US Dollar,Wire,0,0.13
2022/09/02 14:44,1217,805207DF0,12592,8142E0450,0.2,US Dollar,0.2,US Dollar,ACH,0,0.2
2022/09/02 14:32,1217,805207DF0,12592,8142E0450,0.51,US Dollar,0.51,US Dollar,Wire,0,0.51
2022/09/02 14:59,423,8013B92C0,3671,8029AEAF0,0.16,Euro,0.16,Euro,ACH,0,0.159824193387274
2022/09/02 14:57,14172,801A03CA0,14195,806558290,0.55,Euro,0.55,Euro,ACH,0,0.5493956647687543
2022/09/02 14:48,24455,805ACFDC0,16293,80ACCE730,0.74,Euro,0.74,Euro,Wire,0,0.7391868944161422
2022/09/02 14:58,26922,8029D2AA0,17213,80351D250,0.1,Yuan,0.1,Yuan,Wire,0,0.014485405953501847
2022/09/02 14:33,26922,8036C9910,19521,8049C7C70,0.23,Yuan,0.23,Yuan,Wire,0,0.033316433693054245
2022/09/02 14:55,7080,802F3B990,15885,804C94870,5.8,Yuan,5.8,Yuan,ACH,0,0.840153545303107
2022/09/02 14:36,116914,806699B00,29572,806960B30,92.29,Yen,92.29,Yen,Wire,0,0.658696738277068
2022/09/02 14:32,126455,809F50C10,223281,80A0DEF40,76.57,Rupee,76.57,Rupee,ACH,0,0.960498751865929
2022/09/02 14:37,27561,80E881030,28767,80EAEC5B0,75.32,Rupee,75.32,Rupee,Wire,0,0.9448186755980381
2022/09/02 14:30,8,80591CC60,134489,80CB36FE0,0.22,UK Pound,0.22,UK Pound,ACH,0,0.25442938428089
2022/09/02 14:53,10,80D275690,135558,80D52DC40,0.02,Canadian Dollar,0.02,Canadian Dollar,ACH,0,0.015219541891789057
2022/09/02 14:48,8,80CFF0350,236335,80E3BBDC0,0.29,Canadian Dollar,0.29,Canadian Dollar,Wire,0,0.2206833574309413
2022/09/02 14:43,41019,80F9B3820,142146,810083AF0,0.1,Australian Dollar,0.1,Australian Dollar,ACH,0,0.06806888571234089
2022/09/02 14:44,41019,80F9B3820,142146,810083AF0,0.02,Australian Dollar,0.02,Australian Dollar,Wire,0,0.013613777142468177
2022/09/02 14:50,249331,812401AB0,48719,8125CD490,1.48,Brazil Real,1.48,Brazil Real,ACH,0,0.284423945421351
2022/09/02 14:38,115,8150ACC00,14,815228290,0.9,Shekel,0.9,Shekel,ACH,0,0.26662716634572653
2022/09/02 14:59,3500,808D07171,3500,808D07170,1.8e-05,Bitcoin,0.21,US Dollar,ACH,0,0.21
2022/09/02 14:44,3500,808D07171,3500,808D07170,5e-06,Bitcoin,0.06,US Dollar,ACH,0,0.06
2022/09/02 14:49,11,804350CA1,11,804350CA0,1e-06,Bitcoin,0.09,Yuan,ACH,0,0.013036865358151661
2022/09/02 14:33,11,804350CA1,11,804350CA0,1e-06,Bitcoin,0.09,Yuan,Wire,0,0.013036865358151661
2022/09/02 15:11,1422,800803850,1291,8008222E0,0.41,US Dollar,0.41,US Dollar,ACH,0,0.41
2022/09/02 15:04,12063,800BA6940,12063,800F4C050,0.33,US Dollar,0.33,US Dollar,Wire,0,0.33
2022/09/02 15:17,224,8001DC0F0,3533,802AE33B0,0.3,US Dollar,0.3,US Dollar,ACH,0,0.3
2022/09/02 15:18,224,8001DC0F0,3533,802AE33B0,0.31,US Dollar,0.31,US Dollar,Wire,0,0.31
2022/09/02 15:24,1422,8003DB6A0,4187,8050CFA60,0.61,US Dollar,0.61,US Dollar,Wire,0,0.61
2022/09/02 15:27,7082,80338FD60,7082,80338FD60,0.13,US Dollar,0.87,Yuan,ACH,0,0.12602303179546606
2022/09/02 15:00,1638,80501CDF0,124222,80C300540,0.37,US Dollar,0.37,US Dollar,Wire,0,0.37
2022/09/02 15:09,22661,8086435C0,124273,80C480330,0.61,US Dollar,0.61,US Dollar,ACH,0,0.61
2022/09/02 15:02,13243,805251560,226151,80E956090,0.9,US Dollar,0.9,US Dollar,Wire,0,0.9
2022/09/02 15:02,24633,8079B6050,11305,8100EF290,0.44,US Dollar,0.44,US Dollar,Wire,0,0.44
2022/09/02 15:23,1110,801426380,219975,813316900,0.64,US Dollar,0.64,US Dollar,Wire,0,0.64
2022/09/02 15:19,17180,8067DC040,17180,8067DC040,0.08,US Dollar,8.07,Yen,ACH,0,0.05759760188423381
2022/09/02 15:20,17180,8067DC040,17180,8067DC040,0.38,US Dollar,40.35,Yen,ACH,0,0.2879880094211691
2022/09/02 15:06,5082,8103DA870,5082,8103DA870,0.8,US Dollar,0.68,Euro,ACH,0,0.6792528218959145
2022/09/02 15:06,5082,8103DA870,143570,817055380,0.8,US Dollar,0.8,US Dollar,Wire,0,0.8
2022/09/02 15:02,371545,81AC71DB0,371545,81AC71DB1,136.13,US Dollar,0.011457,Bitcoin,ACH,0,5.728528642643213e-08
2022/09/02 15:07,20,801FA0CF0,7530,807216D20,0.76,Euro,0.76,Euro,Wire,0,0.7591649185895514
2022/09/02 15:06,12274,801111DE0,12386,80B65AAA0,0.06,Euro,0.06,Euro,Wire,0,0.05993407252022774
2022/09/02 15:17,219054,808D7DB60,219054,808D7DB60,0.67,Euro,0.79,US Dollar,ACH,0,0.79
2022/09/02 15:02,219054,808D7DB60,219054,808D7DB60,0.16,Euro,0.19,US Dollar,ACH,0,0.19
2022/09/02 15:02,219054,808D7DB60,211018,80B764150,0.16,Euro,0.16,Euro,ACH,0,0.159824193387274
2022/09/02 15:15,27436,805AF1370,25304,811B49F40,0.7,Euro,0.7,Euro,ACH,0,0.6992308460693236
2022/09/02 15:19,25384,814BFB2D0,144292,818EA0A30,0.84,Euro,0.84,Euro,ACH,0,0.8390770152831883
2022/09/02 15:13,25384,814BFB2D0,144292,818EA0A30,0.19,Euro,0.19,Euro,Wire,0,0.18979122964738784
2022/09/02 15:02,16934,811EE4690,166292,81B368E20,0.38,Euro,0.38,Euro,ACH,0,0.3795824592947757
2022/09/02 15:06,11,8037DCE40,110164,804FF2D20,0.92,Yuan,0.92,Yuan,ACH,0,0.13326573477221698
2022/09/02 15:28,11,8037DCE40,110164,804FF2D20,1.78,Yuan,1.78,Yuan,Wire,0,0.25784022597233286
2022/09/02 15:23,19104,804DA9EA0,14463,805500AA0,2.15,Yuan,2.15,Yuan,Wire,0,0.3114362280002897
2022/09/02 15:07,29572,805B57150,115648,808027E50,35.52,Yen,35.52,Yen,ACH,0,0.2535150952822782
2022/09/02 15:26,29572,805B57150,115648,808027E50,135.04,Yen,135.04,Yen,Wire,0,0.9638141460281207
2022/09/02 15:06,72,80A2C6870,27277,80A75FC90,74.16,Rupee,74.16,Rupee,Wire,0,0.9302675648214354
2022/09/02 15:28,235735,80D39EC50,235735,80D5DCBA0,0.07,Canadian Dollar,0.07,Canadian Dollar,ACH,0,0.053268396621261704
2022/09/02 15:11,235735,80D39EC50,235735,80D5DCBA0,0.08,Canadian Dollar,0.08,Canadian Dollar,Wire,0,0.06087816756715623
2022/09/02 15:26,11,80E427B80,138617,80E51D9F0,0.14,Canadian Dollar,0.14,Canadian Dollar,Wire,0,0.10653679324252341
2022/09/02 15:19,212,80EFEA500,241503,80F7CB100,0.03,Australian Dollar,0.03,Australian Dollar,ACH,0,0.020420665713702265
2022/09/02 15:04,212,80EFEA500,241503,80F7CB100,0.04,Australian Dollar,0.04,Australian Dollar,Wire,0,0.027227554284936353
2022/09/02 15:06,41335,8100C0910,42234,8108CE110,0.85,Australian Dollar,0.85,Australian Dollar,Wire,0,0.5785855285548975
2022/09/02 15:18,115,817551900,63587,8175DB870,0.6,Saudi Riyal,0.6,Saudi Riyal,Wire,0,0.16
2022/09/02 15:23,244647,81409D6B1,244647,81409D6B0,4e-06,Bitcoin,0.05,US Dollar,ACH,0,0.05
2022/09/02 15:22,244647,81409D6B1,244647,81409D6B0,6e-06,Bitcoin,0.07,US Dollar,ACH,0,0.07
2022/09/02 15:19,233706,80C874CD1,233706,80C874CD0,3e-06,Bitcoin,0.03,UK Pound,Wire,0,0.034694916038303186
2022/09/02 15:26,1110,80D32F981,1110,80D32F980,2.1e-05,Bitcoin,0.26,US Dollar,ACH,0,0.26
2022/09/02 15:19,1110,80D32F981,1110,80D32F980,1.6e-05,Bitcoin,0.19,US Dollar,ACH,0,0.19
2022/09/02 15:47,2175,800FB6360,12,80192B840,0.73,US Dollar,0.73,US Dollar,Wire,0,0.73
2022/09/02 15:48,19856,805B72680,19856,805B72680,0.4,US Dollar,42.67,Yen,ACH,0,0.30454642780672325
2022/09/02 15:52,16262,8026B52C0,6045,808C8E4B0,0.01,US Dollar,0.01,US Dollar,ACH,0,0.01
2022/09/02 15:48,6809,8095781B0,25443,80C6610D0,0.14,US Dollar,0.14,US Dollar,ACH,0,0.14
2022/09/02 15:42,16456,808164E40,137952,80FD33CA0,0.49,US Dollar,0.49,US Dollar,Wire,0,0.49
2022/09/02 15:50,210700,807C079C0,3597,810C27860,0.88,US Dollar,0.88,US Dollar,Wire,0,0.88
2022/09/02 15:58,210091,8042A7C70,210091,8042A7C70,0.03,US Dollar,0.19,Yuan,ACH,0,0.02752227131165351
2022/09/02 15:36,210091,8042A7C70,210091,8042A7C70,0.04,US Dollar,0.28,Yuan,ACH,0,0.04055913666980517
2022/09/02 15:34,24950,80B33CE00,211374,8128C0460,0.19,US Dollar,0.19,US Dollar,Wire,0,0.19
2022/09/02 15:32,35798,811F6D910,148288,81306A3F0,0.71,US Dollar,0.71,US Dollar,ACH,0,0.71
2022/09/02 15:44,5033,80D62C110,119973,814733D00,0.42,US Dollar,0.42,US Dollar,Wire,0,0.42
2022/09/02 15:43,12055,801A9A8C0,11437,801DB7330,0.25,Euro,0.25,Euro,ACH,0,0.2497253021676156
2022/09/02 15:52,12055,801A9A8C0,11437,801DB7330,0.32,Euro,0.32,Euro,Wire,0,0.319648386774548
2022/09/02 15:43,20,8024F42F0,6829,802A31C80,0.96,Euro,0.96,Euro,Wire,0,0.9589451603236439
2022/09/02 15:51,425,802260690,5436,8032E6110,0.3,Euro,0.3,Euro,ACH,0,0.2996703626011387
2022/09/02 15:39,15400,802CF3FA0,14213,806B0BDD0,0.06,Euro,0.06,Euro,Wire,0,0.05993407252022774
2022/09/02 15:52,11314,806C903E0,23848,80DCC6EE0,0.37,Euro,0.37,Euro,ACH,0,0.3695934472080711
2022/09/02 15:41,4308,806142440,19629,80EF2A850,0.06,Euro,0.06,Euro,ACH,0,0.05993407252022774
2022/09/02 15:45,130803,80CC67DF0,1595,80F5B5A00,0.84,Euro,0.84,Euro,Wire,0,0.8390770152831883
2022/09/02 15:52,25788,80292B640,14195,8136B26E0,0.78,Euro,0.78,Euro,ACH,0,0.7791429427629607
2022/09/02 15:51,12274,80945F030,158363,81AB03E80,0.13,Euro,0.13,Euro,ACH,0,0.12985715712716012
2022/09/02 15:37,12274,80945F030,158363,81AB03E80,0.28,Euro,0.28,Euro,Wire,0,0.2796923384277295
2022/09/02 15:50,1768,80933F230,264855,81B1274C0,0.44,Euro,0.44,Euro,Wire,0,0.43951653181500344
2022/09/02 15:46,238911,8107CC320,134241,81B7A66A0,0.08,Euro,0.08,Euro,ACH,0,0.079912096693637
2022/09/02 15:45,15,803D99910,13191,804DCF760,0.74,Yuan,0.74,Yuan,Wire,0,0.10719200405591366
2022/09/02 15:54,19836,8038F5E80,215478,8064BFDE0,137.16,Yen,137.16,Yen,ACH,0,0.9789451145528512
2022/09/02 15:53,215478,806A273B0,215478,807F08EE0,47.61,Yen,47.61,Yen,ACH,0,0.3398044393690671
2022/09/02 15:46,5,800080760,72,808B96950,72.08,Rupee,72.08,Rupee,Wire,0,0.9041759179116647
2022/09/02 15:44,10,80CFE45B0,135558,80D1E4290,0.05,Canadian Dollar,0.05,Canadian Dollar,Wire,0,0.03804885472947264
2022/09/02 15:34,136474,80D7A95F0,17,80DF713C0,1.31,Canadian Dollar,1.31,Canadian Dollar,Wire,0,0.9968799939121833
2022/09/02 15:30,135933,80D399B10,138512,80E35BD50,0.13,Canadian Dollar,0.13,Canadian Dollar,ACH,0,0.09892702229662888
2022/09/02 15:33,11,800DB1D60,11,800DB1D60,0.87,Australian Dollar,0.53,Euro,ACH,0,0.5294176405953451
2022/09/02 15:51,11,800DB1D60,11,800DB1D60,0.17,Australian Dollar,0.1,Euro,ACH,0,0.09989012086704624
2022/09/02 15:48,141352,80F1C9050,141632,80F77F060,0.32,Australian Dollar,0.32,Australian Dollar,Wire,0,0.21782043427949083
2022/09/02 15:45,11,811E1D510,48719,81200E780,1.55,Brazil Real,1.55,Brazil Real,Wire,0,0.2978764293264149
2022/09/02 15:38,134113,811A594D1,134113,811A594D0,2e-06,Bitcoin,0.03,US Dollar,ACH,0,0.03
2022/09/02 15:44,22595,80564FA11,22595,80564FA10,1e-06,Bitcoin,0.01,US Dollar,ACH,0,0.01
2022/09/02 15:53,9715,803AB4671,9715,803AB4670,4e-06,Bitcoin,0.04,US Dollar,Wire,0,0.04
2022/09/02 15:55,9715,803AB4671,9715,803AB4670,1e-06,Bitcoin,0.02,US Dollar,Wire,0,0.02
2022/09/02 15:36,143928,81282FE81,143928,81282FE80,8e-06,Bitcoin,0.09,US Dollar,Wire,0,0.09
2022/09/02 15:34,143928,81282FE81,143928,81282FE80,1.5e-05,Bitcoin,0.18,US Dollar,ACH,0,0.18
2022/09/02 15:30,9096,80356BD61,9096,80356BD60,5e-06,Bitcoin,0.39,Yuan,ACH,0,0.0564930832186572
2022/09/02 15:40,9096,80356BD61,9096,80356BD60,7e-06,Bitcoin,0.55,Yuan,ACH,0,0.07966973274426016
2022/09/02 16:00,20,800593670,20,800643D80,0.49,US Dollar,0.49,US Dollar,Wire,0,0.49
2022/09/02 16:27,1,80059A400,21566,80044B5C0,0.91,US Dollar,0.91,US Dollar,ACH,0,0.91
2022/09/02 16:07,21260,800984BE0,23041,805633A90,0.21,US Dollar,0.21,US Dollar,ACH,0,0.21
2022/09/02 16:27,11770,801DFEAB0,5687,80640C350,0.85,US Dollar,0.85,US Dollar,ACH,0,0.85
2022/09/02 16:06,28932,805FD3470,16739,806332310,0.63,US Dollar,0.63,US Dollar,Wire,0,0.63
2022/09/02 16:00,16262,8063F8CC0,5033,80BEA76F0,0.91,US Dollar,0.91,US Dollar,ACH,0,0.91
2022/09/02 16:00,1217,8001E84A0,28865,80D20E590,0.32,US Dollar,0.32,US Dollar,Wire,0,0.32
2022/09/02 16:09,1291,80F0FDC70,227639,80F8B8A80,0.07,US Dollar,0.07,US Dollar,ACH,0,0.07
2022/09/02 16:20,22481,804D3BD70,17256,811904040,0.18,US Dollar,0.18,US Dollar,Wire,0,0.18
2022/09/02 16:24,118681,8075555A0,226290,8155FA500,0.89,US Dollar,0.89,US Dollar,ACH,0,0.89
2022/09/02 16:00,3389,8087A0E20,112568,81618F560,0.15,US Dollar,0.15,US Dollar,ACH,0,0.15
2022/09/02 16:23,2293,80154B970,25856,8041E4780,0.43,Euro,0.43,Euro,ACH,0,0.42952751972829883
2022/09/02 16:00,12503,801501E10,17289,808607270,0.05,Euro,0.05,Euro,ACH,0,0.04994506043352312
2022/09/02 16:09,18491,807D43070,6269,808D34900,0.02,Euro,0.02,Euro,ACH,0,0.01997802417340925
2022/09/02 16:15,24027,801962690,147841,81453CCB0,0.48,Euro,0.48,Euro,ACH,0,0.4794725801618219
2022/09/02 16:27,7082,80431BFB0,12307,80496C1B0,1.38,Yuan,1.38,Yuan,ACH,0,0.19989860215832547
2022/09/02 16:25,7082,80431BFB0,12307,80496C1B0,1.86,Yuan,1.86,Yuan,Wire,0,0.26942855073513433
2022/09/02 16:12,19970,80489F050,10154,804A2D7E0,0.68,Yuan,0.68,Yuan,Wire,0,0.09850076048381257
2022/09/02 16:28,29867,805076B70,113579,80E89A6B0,4.9,Yuan,4.9,Yuan,ACH,0,0.7097848917215905
2022/09/02 16:21,13,8038C8B00,11832,807FC66B0,116.58,Yen,116.58,Yen,ACH,0,0.8320605238740988
2022/09/02 16:29,19414,808C4F2C0,26765,80A2162B0,34.63,Rupee,34.63,Rupee,Wire,0,0.4344008329256514
2022/09/02 16:26,123824,808C00170,128540,80A7C4BB0,0.88,Rupee,0.88,Rupee,Wire,0,0.011038773692595242
2022/09/02 16:29,41019,80F197940,41019,80F2D5ED0,0.22,Australian Dollar,0.22,Australian Dollar,ACH,0,0.14975154856714995
2022/09/02 16:19,141204,80F19C970,212,80F08EE10,0.44,Australian Dollar,0.44,Australian Dollar,ACH,0,0.2995030971342999
2022/09/02 16:25,141204,80F19C970,212,80F08EE10,0.29,Australian Dollar,0.29,Australian Dollar,Wire,0,0.19739976856578856
2022/09/02 16:26,141204,80F488600,41019,80F2018A0,0.22,Australian Dollar,0.22,Australian Dollar,Wire,0,0.14975154856714995
2022/09/02 16:09,13,810E56D30,245729,810EF0430,16.98,Mexican Peso,16.98,Mexican Peso,ACH,0,0.8454070201643017
2022/09/02 16:04,49700,812617750,248575,812CDA520,2.89,Brazil Real,2.89,Brazil Real,Wire,0,0.5553954069376381
2022/09/02 16:18,152926,813C6AB10,253721,813DA1A30,0.86,Swiss Franc,0.86,Swiss Franc,Wire,0,0.8759867583396995
2022/09/02 16:12,158021,8159600B0,58848,815F560A0,3.32,Shekel,3.32,Shekel,Wire,0,0.98355799140868
2022/09/02 16:12,8814,807B3D0F1,8814,807B3D0F0,5e-06,Bitcoin,0.06,US Dollar,Wire,0,0.06
2022/09/02 16:00,15783,808860DF1,15783,808860DF0,2e-06,Bitcoin,0.02,US Dollar,ACH,0,0.02
2022/09/02 16:22,15783,808860DF1,15783,808860DF0,1.3e-05,Bitcoin,0.15,US Dollar,ACH,0,0.15
2022/09/02 16:11,115966,8123EA1D1,115966,8123EA1D0,2e-06,Bitcoin,0.02,US Dollar,Wire,0,0.02
2022/09/02 16:44,2368,8058F6FD0,215187,8075D7A40,0.4,US Dollar,0.4,US Dollar,ACH,0,0.4
2022/09/02 16:38,1217,800B2D530,11337,80DC60F30,0.34,US Dollar,0.34,US Dollar,ACH,0,0.34
2022/09/02 16:56,1,800FDB700,39701,80ECB11F0,0.34,US Dollar,0.34,US Dollar,Wire,0,0.34
2022/09/02 16:49,17096,8064D4A90,17096,8064D4A90,0.25,US Dollar,25.97,Yen,ACH,0,0.18535436442794945
2022/09/02 16:49,17096,8064D4A90,214107,810840160,0.25,US Dollar,0.25,US Dollar,ACH,0,0.25
2022/09/02 16:41,127530,81156E840,127530,8057DC000,0.47,US Dollar,0.47,US Dollar,ACH,0,0.47
2022/09/02 16:32,21566,8034BD250,14648,814770C70,0.66,US Dollar,0.66,US Dollar,Wire,0,0.66
2022/09/02 16:30,3100,8032DB6C0,217226,816032A90,0.12,US Dollar,0.12,US Dollar,Wire,0,0.12
2022/09/02 16:40,2860,80053BB60,217226,817039E90,0.82,US Dollar,0.82,US Dollar,Wire,0,0.82
2022/09/02 16:53,1217,800E34410,261535,817F263E0,0.18,US Dollar,0.18,US Dollar,Wire,0,0.18
2022/09/02 16:40,120364,81084A370,264122,81A15DF70,0.38,US Dollar,0.38,US Dollar,ACH,0,0.38
2022/09/02 16:57,6058,802527000,15516,80347E3C0,0.8,Euro,0.8,Euro,ACH,0,0.7991209669363699
2022/09/02 16:30,214445,805FE1870,214554,80886CA40,0.3,Euro,0.3,Euro,ACH,0,0.2996703626011387
2022/09/02 16:44,214445,805FE1870,214554,80886CA40,0.37,Euro,0.37,Euro,Wire,0,0.3695934472080711
2022/09/02 16:52,13590,803086970,230153,80F6966C0,0.9,Euro,0.9,Euro,Wire,0,0.8990110878034162
2022/09/02 16:37,11437,802EAA3F0,220270,814217890,0.47,Euro,0.47,Euro,Wire,0,0.4694835680751173
2022/09/02 16:31,7082,802C142E0,9096,80338E590,1.27,Yuan,1.27,Yuan,Wire,0,0.18396465560947345
2022/09/02 16:37,7080,802CDB810,26922,805280B20,4.57,Yuan,4.57,Yuan,ACH,0,0.6619830520750344
2022/09/02 16:58,17096,80681DD80,117286,8079F20A0,139.27,Yen,139.27,Yen,ACH,0,0.9940047105845407
2022/09/02 16:56,17096,80681DD80,117286,8079F20A0,101.54,Yen,101.54,Yen,Wire,0,0.7247162943401613
2022/09/02 16:58,23494,8095322C0,23033,80A7326C0,25.48,Rupee,25.48,Rupee,ACH,0,0.3196226746446895
2022/09/02 16:36,136009,80D266860,135558,80D29E980,0.28,Canadian Dollar,0.28,Canadian Dollar,ACH,0,0.21307358648504682
2022/09/02 16:54,252477,813605930,252477,813847780,0.34,Swiss Franc,0.34,Swiss Franc,ACH,0,0.34632034632034636
2022/09/02 16:39,52788,8135EBA90,52914,8139FE1B0,0.52,Swiss Franc,0.52,Swiss Franc,ACH,0,0.5296664120193532
2022/09/02 16:55,216,8173319E0,63587,8174F0400,3.06,Saudi Riyal,3.06,Saudi Riyal,ACH,0,0.8160000000000001
2022/09/02 16:58,17803,80EE84BB1,17803,80EE84BB0,1e-06,Bitcoin,0.01,US Dollar,ACH,0,0.01
2022/09/02 16:34,1439,802D603D1,1439,802D603D0,1.9e-05,Bitcoin,0.23,US Dollar,Wire,0,0.23
2022/09/02 16:32,1439,802D603D1,1439,802D603D0,1.8e-05,Bitcoin,0.21,US Dollar,ACH,0,0.21
2022/09/02 16:53,234116,80CA1C091,234116,80CA1C090,5e-06,Bitcoin,0.04,UK Pound,Wire,0,0.04625988805107092
2022/09/02 16:59,234116,80CA1C091,234116,80CA1C090,1.7e-05,Bitcoin,0.15,UK Pound,ACH,0,0.17347458019151593
2022/09/02 16:52,20737,817B281F1,20737,817B281F0,3e-06,Bitcoin,0.03,Euro,Wire,0,0.02996703626011387
2022/09/02 16:42,127004,8143E8D91,127004,8143E8D90,3.2e-05,Bitcoin,0.32,Euro,ACH,0,0.319648386774548
2022/09/02 16:49,151021,819C6E701,151021,819C6E700,6.4e-05,Bitcoin,0.76,US Dollar,Wire,0,0.76
2022/09/02 16:35,151021,819C6E701,151021,819C6E700,1.2e-05,Bitcoin,0.15,US Dollar,ACH,0,0.15
2022/09/02 16:35,16679,8136C1341,16679,8136C1340,8e-06,Bitcoin,0.09,US Dollar,ACH,0,0.09
2022/09/02 16:44,16679,8136C1341,16679,8136C1340,1.2e-05,Bitcoin,0.14,US Dollar,ACH,0,0.14
2022/09/02 16:53,25892,809D06BB1,25892,809D06BB0,1e-06,Bitcoin,0.67,Rupee,ACH,0,0.00840452087958956
2022/09/02 16:58,25892,809D06BB1,25892,809D06BB0,2e-06,Bitcoin,1.53,Rupee,ACH,0,0.019192413351898547
2022/09/02 17:23,21939,800BF6240,11047,802AA9A80,0.13,US Dollar,0.13,US Dollar,ACH,0,0.13
2022/09/02 17:16,12063,80103F920,21939,8034CFBD0,0.59,US Dollar,0.59,US Dollar,ACH,0,0.59
2022/09/02 17:25,12063,80103F920,21939,8034CFBD0,0.61,US Dollar,0.61,US Dollar,Wire,0,0.61
2022/09/02 17:06,1,800188F60,9715,805F3CB10,0.37,US Dollar,0.37,US Dollar,ACH,0,0.37
2022/09/02 17:21,3653,8020B6D00,13703,8088533A0,0.01,US Dollar,0.01,US Dollar,ACH,0,0.01
2022/09/02 17:03,221024,80B5CECF0,216093,80D025F80,0.62,US Dollar,0.62,US Dollar,ACH,0,0.62
2022/09/02 17:11,221024,80B5CECF0,216093,80D025F80,0.05,US Dollar,0.05,US Dollar,Wire,0,0.05
2022/09/02 17:19,214107,806112210,35145,80DAD2630,0.83,US Dollar,0.83,US Dollar,ACH,0,0.83
2022/09/02 17:10,8814,80210F880,11968,80E066600,0.79,US Dollar,0.79,US Dollar,Wire,0,0.79
2022/09/02 17:24,1217,801103720,236488,80ECBF340,0.04,US Dollar,0.04,US Dollar,Wire,0,0.04
2022/09/02 17:15,22661,80EA856D0,1120,811B705A0,0.41,US Dollar,0.41,US Dollar,ACH,0,0.41
2022/09/02 17:18,19856,806280370,19856,806280370,0.82,US Dollar,86.72,Yen,ACH,0,0.6189422596531297
2022/09/02 17:26,33296,811F1A670,14595,816AA28D0,0.54,US Dollar,0.54,US Dollar,ACH,0,0.54
2022/09/02 17:06,14,800806020,423,801846010,0.08,Euro,0.08,Euro,Wire,0,0.079912096693637
2022/09/02 17:05,498,800A758E0,1768,801FFFA00,0.41,Euro,0.41,Euro,ACH,0,0.40954949555488956
2022/09/02 17:11,21566,801E72DE0,21566,801E72DE0,0.03,Euro,0.03,US Dollar,ACH,0,0.03
2022/09/02 17:11,21566,801E72DE0,4308,8026B8C90,0.03,Euro,0.03,Euro,ACH,0,0.02996703626011387
2022/09/02 17:08,5294,802C75990,1776,803144790,0.78,Euro,0.78,Euro,Wire,0,0.7791429427629607
2022/09/02 17:12,14,80026B150,27868,803682340,0.53,Euro,0.53,Euro,ACH,0,0.5294176405953451
2022/09/02 17:16,2293,800FCCE20,115690,806E60CB0,0.6,Euro,0.6,Euro,ACH,0,0.5993407252022774
2022/09/02 17:17,3460,801AA4990,2293,806EE57A0,0.24,Euro,0.24,Euro,ACH,0,0.23973629008091096
2022/09/02 17:25,2557,8024C4F70,14,8084CEE90,0.67,Euro,0.67,Euro,Wire,0,0.6692638098092099
2022/09/02 17:09,2293,80297F7F0,120229,80DD55410,0.96,Euro,0.96,Euro,ACH,0,0.9589451603236439
2022/09/02 17:27,10920,80464FFD0,17768,8048D8AC0,1.51,Yuan,1.51,Yuan,ACH,0,0.2187296298978779
2022/09/02 17:22,10920,80464FFD0,17768,8048D8AC0,4.27,Yuan,4.27,Yuan,Wire,0,0.6185268342145288
2022/09/02 17:27,123651,808B7F090,123260,808AB9BA0,21.05,Rupee,21.05,Rupee,ACH,0,0.2640524843512839
2022/09/02 17:03,119732,808B854F0,125882,809A08F30,14.55,Rupee,14.55,Rupee,ACH,0,0.18251608775825087
2022/09/02 17:07,72,808F3F470,224257,80A5EDDB0,31.71,Rupee,31.71,Rupee,Wire,0,0.39777217476385807
2022/09/02 17:09,14,8094CE970,26272,80EAD5080,77.88,Rupee,77.88,Rupee,Wire,0,0.9769314717946789
2022/09/02 17:29,27,80B4C76A0,131036,80BDA2B50,46.67,Ruble,46.67,Ruble,ACH,0,0.7723368692802887
2022/09/02 17:24,16,80B4FFC40,36975,819EB9BB0,1.18,Canadian Dollar,1.18,Canadian Dollar,ACH,0,0.8979529716155543
2022/09/02 17:26,16,80B4FFC40,16,80B4FFC40,0.72,Canadian Dollar,42.41,Ruble,ACH,0,0.7018385820907872
2022/09/02 17:26,16,80B4FFC40,36975,819EB9BB0,0.72,Canadian Dollar,0.72,Canadian Dollar,Wire,0,0.547903508104406
2022/09/02 17:25,19,80FACBD60,41916,80FBB2BA0,0.83,Australian Dollar,0.83,Australian Dollar,Wire,0,0.5649717514124293
2022/09/02 17:00,142114,80FB102A0,44198,810B12B70,0.36,Australian Dollar,0.36,Australian Dollar,Wire,0,0.24504798856442717
2022/09/02 17:10,49411,8128ABAA0,149108,812F66640,0.18,Brazil Real,0.18,Brazil Real,Wire,0,0.03459210147016431
2022/09/02 17:15,49750,8130EE480,52001,81344D260,4.72,Brazil Real,4.72,Brazil Real,ACH,0,0.9070817718843086
2022/09/02 17:08,16262,80D414FC1,16262,80D414FC0,1e-06,Bitcoin,0.01,US Dollar,Wire,0,0.01
2022/09/02 17:21,16262,80D414FC1,16262,80D414FC0,1e-06,Bitcoin,0.01,US Dollar,ACH,0,0.01
2022/09/02 17:16,12702,80AD09141,12702,80AD09140,1e-06,Bitcoin,0.01,US Dollar,ACH,0,0.01
2022/09/02 17:16,25,80C3750F1,25,80C3750F0,1.2e-05,Bitcoin,0.11,UK Pound,Wire,0,0.127214692140445
2022/09/02 17:29,25,80C3750F1,25,80C3750F0,1.9e-05,Bitcoin,0.18,UK Pound,ACH,0,0.20816949622981912
2022/09/02 17:12,11880,80DC2B601,11880,80DC2B600,5e-06,Bitcoin,0.06,US Dollar,Wire,0,0.06
2022/09/02 17:22,11880,80DC2B601,11880,80DC2B600,8e-06,Bitcoin,0.09,US Dollar,ACH,0,0.09
2022/09/02 17:25,21393,8056ACD61,21393,8056ACD60,8e-06,Bitcoin,0.09,US Dollar,ACH,0,0.09
2022/09/02 17:22,21393,8056ACD61,21393,8056ACD60,2.3e-05,Bitcoin,0.27,US Dollar,ACH,0,0.27
2022/09/02 17:07,17803,8098E8B31,17803,8098E8B30,5e-06,Bitcoin,0.06,US Dollar,ACH,0,0.06
2022/09/02 17:05,17803,8098E8B31,17803,8098E8B30,4e-06,Bitcoin,0.05,US Dollar,ACH,0,0.05
2022/09/02 17:29,123520,80B895EB1,123520,80B895EB0,1.4e-05,Bitcoin,0.14,Euro,ACH,0,0.13984616921386475
2022/09/02 17:07,394,800218631,394,800218630,2e-06,Bitcoin,0.02,US Dollar,ACH,0,0.02
2022/09/02 17:23,394,800218631,394,800218630,1e-06,Bitcoin,0.01,US Dollar,ACH,0,0.01
2022/09/02 17:09,425,8061D1291,425,8061D1290,1.6e-05,Bitcoin,0.16,Euro,ACH,0,0.159824193387274
2022/09/02 17:21,1639,8015BE3C1,1639,8015BE3C0,2e-06,Bitcoin,0.02,US Dollar,ACH,0,0.02
2022/09/02 17:26,19368,80FC77371,19368,80FC77370,1.6e-05,Bitcoin,0.16,Euro,Wire,0,0.159824193387274
2022/09/02 17:41,12,800144190,20,8001F7D60,0.47,US Dollar,0.47,US Dollar,ACH,0,0.47
2022/09/02 17:32,394,800415280,11265,800C97B80,0.16,US Dollar,0.16,US Dollar,Wire,0,0.16
2022/09/02 17:52,2368,804243910,5617,80564C900,0.58,US Dollar,0.58,US Dollar,ACH,0,0.58
2022/09/02 17:57,2368,804243910,5617,80564C900,0.11,US Dollar,0.11,US Dollar,Wire,0,0.11
2022/09/02 17:44,11337,805EBF040,214107,806B7BE90,0.12,US Dollar,0.12,US Dollar,Wire,0,0.12
2022/09/02 17:53,20,80015A0A0,18903,807301480,0.18,US Dollar,0.18,US Dollar,Wire,0,0.18
2022/09/02 17:55,14,8073BF920,14,8073BF920,1.01,US Dollar,73.86,Rupee,ACH,0,0.9265043465171415
2022/09/02 17:57,22224,80409DE70,28625,80C7EE950,0.01,US Dollar,0.01,US Dollar,ACH,0,0.01
2022/09/02 17:55,22224,80409DE70,28625,80C7EE950,0.06,US Dollar,0.06,US Dollar,Wire,0,0.06
2022/09/02 17:39,217717,80A201880,36392,80D94E280,0.77,US Dollar,0.77,US Dollar,Wire,0,0.77
2022/09/02 17:34,210472,804EFB650,1394,810F6F780,0.82,US Dollar,0.82,US Dollar,ACH,0,0.82
2022/09/02 17:59,118681,80A4135C0,51448,815D1B980,0.59,US Dollar,0.59,US Dollar,Wire,0,0.59
2022/09/02 17:51,15194,807BF0DF0,66649,81AC88130,0.26,US Dollar,0.26,US Dollar,Wire,0,0.26
2022/09/02 17:43,2514,8011C49D0,7272,802A5AF70,0.98,Euro,0.98,Euro,ACH,0,0.9789231844970532
2022/09/02 17:31,14213,8024A8410,24455,804564BE0,0.96,Euro,0.96,Euro,ACH,0,0.9589451603236439
2022/09/02 17:38,1835,802258090,1835,805A70BB0,0.11,Euro,0.11,Euro,ACH,0,0.10987913295375086
2022/09/02 17:50,1390,800B391E0,15516,80322EF00,0.62,Euro,0.62,Euro,ACH,0,0.6193187493756867
2022/09/02 17:53,2514,8003BB3C0,228147,80E221EA0,0.21,Euro,0.21,Euro,Wire,0,0.20976925382079709
2022/09/02 17:46,33067,80E7166B0,21316,80F8CF7C0,0.42,Euro,0.42,Euro,ACH,0,0.41953850764159417
2022/09/02 17:43,3,8028731E0,244000,816EE4520,0.32,Euro,0.32,Euro,Wire,0,0.319648386774548
2022/09/02 17:34,14003,802A8E490,18076,8173F6040,0.3,Euro,0.3,Euro,Wire,0,0.2996703626011387
2022/09/02 17:34,15168,8029396F0,11,80372F580,0.46,Yuan,0.46,Yuan,Wire,0,0.06663286738610849
2022/09/02 17:42,10073,803B43050,113804,8085CDE20,0.76,Yuan,0.76,Yuan,ACH,0,0.11008908524661404
2022/09/02 17:58,110265,804347AF0,121480,80AA9D280,2.33,Yuan,2.33,Yuan,Wire,0,0.337509958716593
2022/09/02 17:53,4,800075360,12,806760AA0,98.5,Yen,98.5,Yen,Wire,0,0.7030190564556419
2022/09/02 17:34,119699,808FB3C00,23486,80A8F9C00,37.33,Rupee,37.33,Rupee,ACH,0,0.46826979766429583
2022/09/02 17:34,17,80CFDB080,135933,80D256DC0,0.58,Canadian Dollar,0.58,Canadian Dollar,ACH,0,0.4413667148618826
2022/09/02 17:43,17,80CFDB080,135933,80D256DC0,0.15,Canadian Dollar,0.15,Canadian Dollar,Wire,0,0.11414656418841793
2022/09/02 17:44,142114,80F78CFE0,41916,80FE64A90,0.59,Australian Dollar,0.59,Australian Dollar,Wire,0,0.4016064257028112
2022/09/02 17:46,219,8135A5AF0,153802,8146AF660,0.41,Swiss Franc,0.41,Swiss Franc,ACH,0,0.4176215940921823
2022/09/02 17:36,158053,81590A100,257741,815EE37C0,0.62,Shekel,0.62,Shekel,ACH,0,0.18367649237150052
2022/09/02 17:45,2514,8010777B1,2514,8010777B0,1e-06,Bitcoin,0.01,Euro,ACH,0,0.009989012086704625
2022/09/02 17:48,2514,8010777B1,2514,8010777B0,2e-06,Bitcoin,0.02,Euro,ACH,0,0.01997802417340925
2022/09/02 17:55,136009,80EE179F1,136009,80EE179F0,5.7e-05,Bitcoin,0.89,Canadian Dollar,Wire,0,0.6772696141846131
2022/09/02 17:44,18840,810929291,18840,810929290,1e-06,Bitcoin,0.01,US Dollar,ACH,0,0.01
2022/09/02 17:54,21246,816E355E1,21246,816E355E0,7.9e-05,Bitcoin,0.94,US Dollar,ACH,0,0.94
2022/09/02 17:36,21246,816E355E1,21246,816E355E0,4.7e-05,Bitcoin,0.56,US Dollar,Wire,0,0.56
2022/09/02 17:57,21246,816E355E1,21246,816E355E0,1.4e-05,Bitcoin,0.17,US Dollar,ACH,0,0.17
2022/09/02 18:29,1217,8011B6DE0,3202,802556BA0,0.08,US Dollar,0.08,US Dollar,ACH,0,0.08
2022/09/02 18:24,1217,8011B6DE0,3202,802556BA0,0.03,US Dollar,0.03,US Dollar,Wire,0,0.03
2022/09/02 18:20,11,8001DC570,22224,80297A340,0.82,US Dollar,0.82,US Dollar,Wire,0,0.82
2022/09/02 18:10,1120,8008774A0,1231,8045A75A0,0.64,US Dollar,0.64,US Dollar,ACH,0,0.64
2022/09/02 18:25,13395,8015B4D40,13210,806118490,0.39,US Dollar,0.39,US Dollar,ACH,0,0.39
2022/09/02 18:26,13,805A0C250,13,805A0C250,0.59,US Dollar,61.7,Yen,ACH,0,0.44036828206409245
2022/09/02 18:12,22086,80121C480,2175,809E8B1D0,0.8,US Dollar,0.8,US Dollar,Wire,0,0.8
2022/09/02 18:16,12,8010E6230,1277,80B982330,0.63,US Dollar,0.63,US Dollar,Wire,0,0.63
2022/09/02 18:27,21939,806B09500,219782,80EF47E20,0.36,US Dollar,0.36,US Dollar,ACH,0,0.36
2022/09/02 18:15,113317,8069EB8C0,47060,811C8A5F0,0.64,US Dollar,0.64,US Dollar,Wire,0,0.64
2022/09/02 18:20,227639,80D709800,23760,8161DCCC0,0.58,US Dollar,0.58,US Dollar,ACH,0,0.58
2022/09/02 18:01,15194,805CD1C80,147509,81708F5E0,0.44,US Dollar,0.44,US Dollar,ACH,0,0.44
2022/09/02 18:18,212730,80716D790,162225,817484EB0,0.46,US Dollar,0.46,US Dollar,ACH,0,0.46
2022/09/02 18:25,11661,8046D4340,30515,818880710,0.3,US Dollar,0.3,US Dollar,Wire,0,0.3
2022/09/02 18:15,11046,80081DF10,13821,81A962150,0.24,US Dollar,0.24,US Dollar,Wire,0,0.24
2022/09/02 18:11,21414,810E52440,11495,81B5BFA60,0.37,US Dollar,0.37,US Dollar,Wire,0,0.37
2022/09/02 18:05,0,800A1B3D0,2514,800D58AE0,0.09,Euro,0.09,Euro,ACH,0,0.08990110878034162
2022/09/02 18:14,23,80007BAD0,17180,8065FE4F0,52.68,Yen,52.68,Yen,ACH,0,0.37599029334094636
2022/09/02 18:02,23,80007BAD0,17180,8065FE4F0,48.98,Yen,48.98,Yen,Wire,0,0.34958247091570904
2022/09/02 18:24,19856,806220C90,29572,806624F80,52.71,Yen,52.71,Yen,Wire,0,0.3762044108200699
2022/09/02 18:05,19413,8092494C0,123260,809503E40,52.13,Rupee,52.13,Rupee,ACH,0,0.653921900676125
2022/09/02 18:14,22364,805D57DF0,22364,805D57DF0,1.28,Canadian Dollar,0.97,US Dollar,ACH,0,0.97
2022/09/02 18:14,22364,805D57DF0,36096,80D4C6AD0,1.28,Canadian Dollar,1.28,Canadian Dollar,ACH,0,0.9740506810744997
2022/09/02 18:02,22364,805D57DF0,22364,805D57DF0,0.97,Canadian Dollar,0.73,US Dollar,ACH,0,0.73
2022/09/02 18:02,22364,805D57DF0,36096,80D4C6AD0,0.97,Canadian Dollar,0.97,Canadian Dollar,Wire,0,0.7381477817517692
2022/09/02 18:12,235647,80D55F1E0,136009,80DEC3200,0.69,Canadian Dollar,0.69,Canadian Dollar,Wire,0,0.5250741952667224
2022/09/02 18:13,113,810F24EF0,14,8110B9CC0,0.25,Mexican Peso,0.25,Mexican Peso,ACH,0,0.012447099825740602
2022/09/02 18:29,153743,813C29500,156900,814EA13E0,0.21,Swiss Franc,0.21,Swiss Franc,ACH,0,0.21390374331550802
2022/09/02 18:07,63940,818751D90,263186,819185400,3.23,Saudi Riyal,3.23,Saudi Riyal,ACH,0,0.8613333333333333
2022/09/02 18:09,63940,818751D90,263186,819185400,0.55,Saudi Riyal,0.55,Saudi Riyal,Wire,0,0.14666666666666667
2022/09/02 18:09,213123,80D953031,213123,80D953030,3.8e-05,Bitcoin,0.45,US Dollar,Wire,0,0.45
2022/09/02 18:10,214111,80DC91711,214111,80DC91710,2e-06,Bitcoin,0.03,US Dollar,Wire,0,0.03
2022/09/02 18:25,214111,80DC91711,214111,80DC91710,3e-06,Bitcoin,0.03,US Dollar,ACH,0,0.03
2022/09/02 18:15,226660,80AB0B071,226660,80AB0B070,1.5e-05,Bitcoin,0.18,US Dollar,ACH,0,0.18
2022/09/02 18:02,226660,80AB0B071,226660,80AB0B070,6.2e-05,Bitcoin,0.73,US Dollar,Wire,0,0.73
2022/09/02 18:26,233829,8154AFDD1,233829,8154AFDD0,4e-06,Bitcoin,0.04,US Dollar,ACH,0,0.04
2022/09/02 18:00,233829,8154AFDD1,233829,8154AFDD0,3e-06,Bitcoin,0.04,US Dollar,ACH,0,0.04
2022/09/02 18:31,20,800055E30,224,8005168B0,0.91,US Dollar,0.91,US Dollar,ACH,0,0.91
2022/09/02 18:41,1217,800300E10,1291,80053B970,0.83,US Dollar,0.83,US Dollar,ACH,0,0.83
2022/09/02 18:56,394,800F30E10,23760,804DFE300,0.12,US Dollar,0.12,US Dollar,Wire,0,0.12
2022/09/02 18:59,15740,806A4A550,15740,806A4A550,1.22,US Dollar,128.84,Yen,ACH,0,0.9195632003425879
2022/09/02 18:49,15740,806A4A550,15740,806A4A550,0.31,US Dollar,33.14,Yen,ACH,0,0.23652844193847689
2022/09/02 18:31,15740,806A4A550,15740,806A4A550,0.21,US Dollar,22.5,Yen,ACH,0,0.16058810934265932
2022/09/02 18:49,2860,807CE14B0,118536,80B6E7CA0,0.82,US Dollar,0.82,US Dollar,Wire,0,0.82
2022/09/02 18:40,11265,802033370,25017,8105104D0,0.65,US Dollar,0.65,US Dollar,ACH,0,0.65
2022/09/02 18:44,22224,805E4B280,135650,81143DFF0,0.19,US Dollar,0.19,US Dollar,ACH,0,0.19
2022/09/02 18:41,22224,805E4B280,135650,81143DFF0,0.41,US Dollar,0.41,US Dollar,Wire,0,0.41
2022/09/02 18:42,22086,80A344800,119174,812720C10,0.81,US Dollar,0.81,US Dollar,ACH,0,0.81
2022/09/02 18:31,22086,80A344800,119174,812720C10,0.04,US Dollar,0.04,US Dollar,Wire,0,0.04
2022/09/02 18:37,19,80AFABC80,19,80AFABC80,0.55,US Dollar,43.16,Ruble,ACH,0,0.714250252370629
2022/09/02 18:44,14620,801A72250,3,807437260,0.11,Euro,0.11,Euro,ACH,0,0.10987913295375086
2022/09/02 18:36,14620,801A72250,3,807437260,0.13,Euro,0.13,Euro,Wire,0,0.12985715712716012
2022/09/02 18:43,25400,8026C5910,15607,80A9C2CC0,0.4,Euro,0.4,Euro,ACH,0,0.39956048346818496
2022/09/02 18:34,12055,8053AF820,123519,8116A0410,0.55,Euro,0.55,Euro,ACH,0,0.5493956647687543
2022/09/02 18:53,11,8001A22A0,27436,812BD51E0,0.4,Euro,0.4,Euro,ACH,0,0.39956048346818496
2022/09/02 18:59,7082,802BBAC10,10461,804E33F40,3.09,Yuan,3.09,Yuan,ACH,0,0.44759904396320704
2022/09/02 18:39,7082,804FFE610,7080,809B9BB20,6.8,Yuan,6.8,Yuan,ACH,0,0.9850076048381256
2022/09/02 18:59,7082,804FFE610,7080,809B9BB20,3.38,Yuan,3.38,Yuan,Wire,0,0.4896067212283624
2022/09/02 18:37,16,80D1F7860,16,80D272CC0,0.61,Canadian Dollar,0.61,Canadian Dollar,ACH,0,0.4641960276995662
2022/09/02 18:36,46428,811171E80,46782,81137F3E0,6.47,Mexican Peso,6.47,Mexican Peso,ACH,0,0.32213094349016674
2022/09/02 18:58,116,811E4BF20,116,811FA9100,0.23,Brazil Real,0.23,Brazil Real,ACH,0,0.044201018545209955
2022/09/02 18:35,116,811DE7280,249331,812B4F890,2.16,Brazil Real,2.16,Brazil Real,ACH,0,0.4151052176419718
2022/09/02 18:53,219,813558F30,152926,813AA4FE0,0.59,Swiss Franc,0.59,Swiss Franc,ACH,0,0.6009676597911892
2022/09/02 18:32,15885,803E3A831,15885,803E3A830,1.2e-05,Bitcoin,0.95,Yuan,ACH,0,0.13761135655826753
2022/09/02 18:40,118681,80B9A97D1,118681,80B9A97D0,4e-05,Bitcoin,0.48,US Dollar,ACH,0,0.48
2022/09/02 18:37,15,80295D8C1,15,80295D8C0,1e-06,Bitcoin,0.06,Yuan,Wire,0,0.008691243572101107
2022/09/02 18:40,21260,8085A09D1,21260,8085A09D0,1e-06,Bitcoin,0.02,US Dollar,ACH,0,0.02
2022/09/02 18:43,21260,8085A09D1,21260,8085A09D0,1e-06,Bitcoin,0.01,US Dollar,ACH,0,0.01
2022/09/02 18:42,113667,808C26191,113667,808C26190,4e-06,Bitcoin,0.31,Yuan,Wire,0,0.044904758455855724
2022/09/02 18:37,113667,808C26191,113667,808C26190,1e-06,Bitcoin,0.09,Yuan,Wire,0,0.013036865358151661
2022/09/02 18:37,115943,8060863D1,115943,8060863D0,1.1e-05,Bitcoin,0.13,US Dollar,ACH,0,0.13
2022/09/02 18:43,115943,8060863D1,115943,8060863D0,2e-06,Bitcoin,0.02,US Dollar,Wire,0,0.02
2022/09/02 18:35,152229,81B595BF1,152229,81B595BF0,4e-06,Bitcoin,0.05,US Dollar,ACH,0,0.05
2022/09/02 18:37,152229,81B595BF1,152229,81B595BF0,3e-06,Bitcoin,0.04,US Dollar,Wire,0,0.04
2022/09/02 19:01,1639,8008928A0,22547,8015A1EE0,0.44,US Dollar,0.44,US Dollar,ACH,0,0.44
2022/09/02 19:07,22185,80100EE40,394,8006B4840,0.33,US Dollar,0.33,US Dollar,Wire,0,0.33
2022/09/02 19:05,21260,80081F040,3533,805F002C0,0.85,US Dollar,0.85,US Dollar,Wire,0,0.85
2022/09/02 19:27,21566,80760A940,3389,8078DDDB0,0.95,US Dollar,0.95,US Dollar,ACH,0,0.95
2022/09/02 19:08,5617,805536460,218072,810F62D70,0.25,US Dollar,0.25,US Dollar,ACH,0,0.25
2022/09/02 19:19,5617,805536460,218072,810F62D70,0.96,US Dollar,0.96,US Dollar,Wire,0,0.96
2022/09/02 19:29,118681,80DB7D2A0,138580,811578F80,0.3,US Dollar,0.3,US Dollar,Wire,0,0.3
2022/09/02 19:17,215239,811F66190,137074,8144D1840,0.6,US Dollar,0.6,US Dollar,ACH,0,0.6
2022/09/02 19:10,22364,8018501D0,231905,814803420,0.78,US Dollar,0.78,US Dollar,Wire,0,0.78
2022/09/02 19:19,5206,81445A4B0,124173,81B9A2080,0.1,US Dollar,0.1,US Dollar,ACH,0,0.1
2022/09/02 19:16,2557,801320290,3,80254E010,0.39,Euro,0.39,Euro,ACH,0,0.38957147138148035
2022/09/02 19:27,24643,8023A1800,0,8025763C0,0.9,Euro,0.9,Euro,ACH,0,0.8990110878034162
2022/09/02 19:02,5082,802646480,6058,8053BA480,0.16,Euro,0.16,Euro,ACH,0,0.159824193387274
2022/09/02 19:09,223762,80BBFC1B0,215505,80EF17A90,0.25,Euro,0.25,Euro,Wire,0,0.2497253021676156
2022/09/02 19:10,123520,8118B8320,51510,8197716F0,0.95,Euro,0.95,Euro,ACH,0,0.9489561482369392
2022/09/02 19:22,11,8036F9030,9735,803972DF0,3.97,Yuan,3.97,Yuan,Wire,0,0.5750706163540233
2022/09/02 19:05,110265,803C05030,692,803E7BB60,4.53,Yuan,4.53,Yuan,ACH,0,0.6561888896936336
2022/09/02 19:01,110265,803C05030,692,803E7BB60,4.57,Yuan,4.57,Yuan,Wire,0,0.6619830520750344
2022/09/02 19:10,7082,803F96B10,29900,804A682D0,2.08,Yuan,2.08,Yuan,ACH,0,0.30129644383283843
2022/09/02 19:14,215478,80621DCA0,15740,8065F0500,59.36,Yen,59.36,Yen,ACH,0,0.4236671186924559
2022/09/02 19:19,215478,80621DCA0,15740,8065F0500,0.82,Yen,0.82,Yen,Wire,0,0.005852544429376917
2022/09/02 19:09,119732,807322F90,123800,808CC9D90,53.73,Rupee,53.73,Rupee,ACH,0,0.6739923982990254
2022/09/02 19:23,123957,809001310,5,80E225950,43.98,Rupee,43.98,Rupee,Wire,0,0.5516878034094758
2022/09/02 19:08,27,80ACF4B10,18,80AFA8890,40.8,Ruble,40.8,Ruble,Wire,0,0.6751948632233935
2022/09/02 19:04,234142,80CFB3510,233674,81B473870,0.24,UK Pound,0.24,UK Pound,Wire,0,0.2775593283064255
2022/09/02 19:03,2692,80BAC4400,2692,80BAC4400,0.27,Australian Dollar,0.19,US Dollar,ACH,0,0.19
2022/09/02 19:03,2692,80BAC4400,41019,8101DB7F0,0.27,Australian Dollar,0.27,Australian Dollar,ACH,0,0.18378599142332042
2022/09/02 19:20,219,81356BED0,152907,813DD1AF0,0.05,Swiss Franc,0.05,Swiss Franc,Wire,0,0.05092946269416858
2022/09/02 19:20,257433,8152AFD40,113,81558A4A0,0.47,Shekel,0.47,Shekel,Wire,0,0.13923863131387942
2022/09/02 19:16,258461,815EA1400,58138,8163C05A0,0.47,Shekel,0.47,Shekel,ACH,0,0.13923863131387942
2022/09/02 19:16,115329,80FA3CB91,115329,80FA3CB90,1e-06,Bitcoin,0.05,Yuan,ACH,0,0.007242702976750923
2022/09/02 19:11,115329,80FA3CB91,115329,80FA3CB90,1e-06,Bitcoin,0.07,Yuan,ACH,0,0.010139784167451293
2022/09/02 19:09,226851,816B97391,226851,816B97390,3e-06,Bitcoin,0.04,US Dollar,ACH,0,0.04
2022/09/02 19:09,226851,816B97391,226851,816B97390,1.1e-05,Bitcoin,0.13,US Dollar,Wire,0,0.13
2022/09/02 19:24,22129,8023DC751,22129,8023DC750,3.4e-05,Bitcoin,0.4,US Dollar,ACH,0,0.4
2022/09/02 19:25,22129,8023DC751,22129,8023DC750,1.3e-05,Bitcoin,0.15,US Dollar,Wire,0,0.15
2022/09/02 19:06,220015,80C4EA211,220015,80C4EA210,6.1e-05,Bitcoin,0.72,US Dollar,ACH,0,0.72
2022/09/02 19:18,26453,80685D621,26453,80685D620,6.7e-05,Bitcoin,0.8,US Dollar,ACH,0,0.8
2022/09/02 19:03,147509,81212BD61,147509,81212BD60,5e-06,Bitcoin,0.06,US Dollar,ACH,0,0.06
2022/09/02 19:02,147509,81212BD61,147509,81212BD60,1e-06,Bitcoin,0.01,US Dollar,ACH,0,0.01
2022/09/02 19:16,251854,814A92671,251854,814A92670,9e-06,Bitcoin,0.11,US Dollar,ACH,0,0.11
2022/09/02 19:46,1291,8003CF060,13354,8014D32F0,0.79,US Dollar,0.79,US Dollar,Wire,0,0.79
2022/09/02 19:37,11265,8011E9AE0,1889,802ED9990,0.1,US Dollar,0.1,US Dollar,Wire,0,0.1
2022/09/02 19:46,28865,80FECCDC0,140626,815257380,0.4,US Dollar,0.4,US Dollar,ACH,0,0.4
2022/09/02 19:36,28865,80FECCDC0,140626,815257380,0.37,US Dollar,0.37,US Dollar,Wire,0,0.37
2022/09/02 19:32,22481,816C9C220,131266,816E0C840,0.83,US Dollar,0.83,US Dollar,ACH,0,0.83
2022/09/02 19:55,3389,8033644D0,58479,818391A40,0.85,US Dollar,0.85,US Dollar,ACH,0,0.85
2022/09/02 19:55,20,80010AC20,137029,81AAFB1D0,0.92,US Dollar,0.92,US Dollar,Wire,0,0.92
2022/09/02 19:45,25017,810A2CD30,226659,81AC2AC80,0.94,US Dollar,0.94,US Dollar,Wire,0,0.94
2022/09/02 19:42,3,800061C60,11,8001A60E0,0.68,Euro,0.68,Euro,Wire,0,0.6792528218959145
2022/09/02 19:59,20,80082FA20,600,800988D00,0.79,Euro,0.79,Euro,ACH,0,0.7891319548496654
2022/09/02 19:54,20,80082FA20,600,800988D00,0.24,Euro,0.24,Euro,Wire,0,0.23973629008091096
2022/09/02 19:51,29433,80AD2AF10,215505,80E2F7CD0,0.09,Euro,0.09,Euro,ACH,0,0.08990110878034162
2022/09/02 19:57,29433,80AD2AF10,215505,80E2F7CD0,0.15,Euro,0.15,Euro,Wire,0,0.14983518130056936
2022/09/02 19:43,11,8078144A0,15763,813670C50,0.85,Euro,0.85,Euro,ACH,0,0.849066027369893
2022/09/02 19:35,26922,802991FD0,27425,8035A7FF0,5.85,Yuan,5.85,Yuan,ACH,0,0.8473962482798579
2022/09/02 19:37,26922,802991FD0,27425,8035A7FF0,0.31,Yuan,0.31,Yuan,Wire,0,0.044904758455855724
2022/09/02 19:59,136311,80E004480,136136,80E156650,0.54,Canadian Dollar,0.54,Canadian Dollar,Wire,0,0.41092763107830454
2022/09/02 19:30,142114,80F8477F0,242129,80F9C2280,0.07,Australian Dollar,0.07,Australian Dollar,ACH,0,0.04764821999863862
2022/09/02 19:54,142114,80F8477F0,242129,80F9C2280,0.03,Australian Dollar,0.03,Australian Dollar,Wire,0,0.020420665713702265
2022/09/02 19:37,241256,80F6C1C30,141465,8101C5930,0.97,Australian Dollar,0.97,Australian Dollar,ACH,0,0.6602681914097066
2022/09/02 19:45,241469,810347A80,40904,810347710,0.78,Australian Dollar,0.78,Australian Dollar,ACH,0,0.530937308556259
2022/09/02 19:59,245768,810F02E80,246574,811344BB0,0.18,Mexican Peso,0.18,Mexican Peso,ACH,0,0.008961911874533234
2022/09/02 19:56,245768,810F02E80,246574,811344BB0,0.26,Mexican Peso,0.26,Mexican Peso,Wire,0,0.012944983818770227
2022/09/02 19:52,14,815A33FB0,58138,815E58720,0.03,Shekel,0.03,Shekel,Wire,0,0.008887572211524218
2022/09/02 19:46,63587,817692A10,263186,817EBBC40,2.68,Saudi Riyal,2.68,Saudi Riyal,ACH,0,0.7146666666666667
2022/09/02 19:41,10073,804076411,10073,804076410,2e-06,Bitcoin,0.14,Yuan,ACH,0,0.020279568334902586
2022/09/02 19:33,10073,804076411,10073,804076410,2e-06,Bitcoin,0.13,Yuan,ACH,0,0.018831027739552402
2022/09/02 19:50,157989,816C1B5B1,157989,816C1B5B0,7e-05,Bitcoin,0.84,US Dollar,ACH,0,0.84
2022/09/02 19:42,12307,804A176B1,12307,804A176B0,8.5e-05,Bitcoin,6.77,Yuan,ACH,0,0.980661983052075
2022/09/02 19:55,12307,804A176B1,12307,804A176B0,3e-06,Bitcoin,0.26,Yuan,ACH,0,0.037662055479104804
2022/09/02 19:52,29,80CA0AD51,29,80CA0AD50,1e-06,Bitcoin,0.01,UK Pound,ACH,0,0.01156497201276773
2022/09/02 19:58,121007,80B48A041,121007,80B48A040,2.5e-05,Bitcoin,0.3,US Dollar,ACH,0,0.3
2022/09/02 19:32,1422,803EEDC91,1422,803EEDC90,6.8e-05,Bitcoin,0.81,US Dollar,ACH,0,0.81
2022/09/02 19:41,1422,803EEDC91,1422,803EEDC90,6e-06,Bitcoin,0.07,US Dollar,Wire,0,0.07
2022/09/02 19:41,135035,80D120711,135035,80D120710,2e-06,Bitcoin,0.02,US Dollar,ACH,0,0.02
2022/09/02 19:52,18990,81AAA29F1,18990,81AAA29F0,7.8e-05,Bitcoin,0.93,US Dollar,ACH,0,0.93
2022/09/02 19:49,18990,81AAA29F1,18990,81AAA29F0,2.8e-05,Bitcoin,0.34,US Dollar,ACH,0,0.34
2022/09/02 19:41,18990,81AAA29F1,18990,81AAA29F0,1e-06,Bitcoin,0.01,US Dollar,ACH,0,0.01
2022/09/02 19:44,119927,80A024431,119927,80A024430,5e-06,Bitcoin,0.06,US Dollar,ACH,0,0.06
2022/09/02 19:32,119927,80A024431,119927,80A024430,2e-06,Bitcoin,0.02,US Dollar,ACH,0,0.02
2022/09/02 20:24,11222,800817720,531,800C2BC30,0.07,US Dollar,0.07,US Dollar,ACH,0,0.07
2022/09/02 20:10,11222,800817720,531,800C2BC30,0.03,US Dollar,0.03,US Dollar,Wire,0,0.03
2022/09/02 20:01,224,800158D80,1277,8019E0A60,0.08,US Dollar,0.08,US Dollar,ACH,0,0.08
2022/09/02 20:28,22185,80125D930,14408,804B77C70,0.07,US Dollar,0.07,US Dollar,Wire,0,0.07
2022/09/02 20:29,11,800F11750,1439,804CB7F60,0.09,US Dollar,0.09,US Dollar,Wire,0,0.09
2022/09/02 20:12,21393,800CC9030,113317,8051087A0,0.16,US Dollar,0.16,US Dollar,ACH,0,0.16
2022/09/02 20:01,117301,806CA4410,13821,8083F7FE0,0.56,US Dollar,0.56,US Dollar,Wire,0,0.56
2022/09/02 20:12,22086,8047EC800,118681,8084E3D20,0.34,US Dollar,0.34,US Dollar,ACH,0,0.34
2022/09/02 20:09,22086,8047EC800,118681,8084E3D20,0.05,US Dollar,0.05,US Dollar,Wire,0,0.05
2022/09/02 20:28,11265,8037A45A0,18493,811F61D20,0.97,US Dollar,0.97,US Dollar,Wire,0,0.97
2022/09/02 20:08,22224,80898BAD0,8801,8127C97F0,0.99,US Dollar,0.99,US Dollar,Wire,0,0.99
2022/09/02 20:14,117912,806A5D500,117912,806A5D500,0.98,US Dollar,103.4,Yen,ACH,0,0.7379915780458212
2022/09/02 20:20,1439,816318A80,21647,816461E90,0.57,US Dollar,0.57,US Dollar,Wire,0,0.57
2022/09/02 20:10,24317,8030C5DA0,231651,8170D9D30,0.46,US Dollar,0.46,US Dollar,ACH,0,0.46
2022/09/02 20:22,498,800399170,423,800B6B6D0,0.33,Euro,0.33,Euro,ACH,0,0.3296373988612526
2022/09/02 20:22,423,80027F420,20,800EF8310,0.12,Euro,0.12,Euro,ACH,0,0.11986814504045548
2022/09/02 20:27,6586,80300A140,2293,803845F70,0.1,Euro,0.1,Euro,Wire,0,0.09989012086704624
2022/09/02 20:06,115212,80B945690,138920,80FE89540,0.18,Euro,0.18,Euro,ACH,0,0.17980221756068324
2022/09/02 20:29,3,800A46CE0,223135,816566E20,0.56,Euro,0.56,Euro,Wire,0,0.559384676855459
2022/09/02 20:11,25856,8087D8E50,233908,8171C6B00,0.08,Euro,0.08,Euro,Wire,0,0.079912096693637
2022/09/02 20:22,29867,804EA19C0,12469,8053FFC00,4.39,Yuan,4.39,Yuan,Wire,0,0.635909321358731
2022/09/02 20:04,5893,8043F9AA0,113394,80652D010,0.07,Yuan,0.07,Yuan,ACH,0,0.010139784167451293
2022/09/02 20:15,23,8036B9E70,29640,8045B1B30,130.84,Yen,130.84,Yen,ACH,0,0.9338376989508242
2022/09/02 20:05,4,8059F0710,117284,806626560,6.54,Yen,6.54,Yen,Wire,0,0.046677610448932975
2022/09/02 20:02,24869,8094FED80,224371,809776600,68.7,Rupee,68.7,Rupee,Wire,0,0.8617769916832877
2022/09/02 20:11,5,80E225950,127105,80ED3C6D0,71.24,Rupee,71.24,Rupee,ACH,0,0.893638906659642
2022/09/02 20:07,18,80BD61360,230595,80C029E30,38.49,Ruble,38.49,Ruble,ACH,0,0.6369669187614808
2022/09/02 20:03,18,80BD61360,230595,80C029E30,41.62,Ruble,41.62,Ruble,Wire,0,0.6887649560626872
2022/09/02 20:17,149805,8128801B0,149805,812B199F0,4.84,Brazil Real,4.84,Brazil Real,ACH,0,0.9301431728644182
2022/09/02 20:24,249523,812695720,11,813477530,3.23,Brazil Real,3.23,Brazil Real,ACH,0,0.6207360430479485
2022/09/02 20:04,219,81351DE80,152768,8135E9870,0.84,Swiss Franc,0.84,Swiss Franc,ACH,0,0.8556149732620321
2022/09/02 20:29,57466,815313960,113,815C43D20,2.86,Shekel,2.86,Shekel,ACH,0,0.8472818841653088
2022/09/02 20:12,257433,815355FD0,59700,816290590,1.56,Shekel,1.56,Shekel,ACH,0,0.46215375499925937
2022/09/02 20:10,258461,815CF2900,160063,816A7EE20,1.47,Shekel,1.47,Shekel,Wire,0,0.43549103836468667
2022/09/02 20:05,63834,8178EF1E0,165362,818C81940,3.29,Saudi Riyal,3.29,Saudi Riyal,ACH,0,0.8773333333333333
2022/09/02 20:13,21130,80FFC7581,21130,80FFC7580,3e-06,Bitcoin,0.04,US Dollar,Wire,0,0.04
2022/09/02 20:29,21130,80FFC7581,21130,80FFC7580,1.2e-05,Bitcoin,0.14,US Dollar,ACH,0,0.14
2022/09/02 20:21,21130,80FFC7581,21130,80FFC7580,5e-06,Bitcoin,0.06,US Dollar,Wire,0,0.06
2022/09/02 20:04,12202,807AECD21,12202,807AECD20,5.7e-05,Bitcoin,0.57,Euro,ACH,0,0.5693736889421636
2022/09/02 20:11,12202,807AECD21,12202,807AECD20,7.7e-05,Bitcoin,0.78,Euro,ACH,0,0.7791429427629607
2022/09/02 20:25,233005,80D383DE1,233005,80D383DE0,9e-06,Bitcoin,0.11,US Dollar,ACH,0,0.11
2022/09/02 20:00,233005,80D383DE1,233005,80D383DE0,5e-06,Bitcoin,0.06,US Dollar,Wire,0,0.06
2022/09/02 20:23,231616,814E45511,231616,814E45510,1e-06,Bitcoin,0.1,Yuan,ACH,0,0.014485405953501847
2022/09/02 20:16,231616,814E45511,231616,814E45510,1e-06,Bitcoin,0.07,Yuan,ACH,0,0.010139784167451293
2022/09/02 20:40,20,800179890,349,8005C62E0,0.79,US Dollar,0.79,US Dollar,ACH,0,0.79
2022/09/02 20:48,394,8003190B0,394,8008DA620,0.64,US Dollar,0.64,US Dollar,ACH,0,0.64
2022/09/02 20:52,11,800C470F0,21828,800C7CD40,0.04,US Dollar,0.04,US Dollar,ACH,0,0.04
2022/09/02 20:42,11046,800A181A0,25526,802B37A70,0.85,US Dollar,0.85,US Dollar,Wire,0,0.85
2022/09/02 20:51,23319,804604310,11305,805E97430,0.58,US Dollar,0.58,US Dollar,Wire,0,0.58
2022/09/02 20:47,692,803566A60,692,803566A60,0.98,US Dollar,6.55,Yuan,ACH,0,0.9487940899543709
2022/09/02 20:47,692,803566A60,1217,8066D7DE0,0.98,US Dollar,0.98,US Dollar,ACH,0,0.98
2022/09/02 20:42,1217,801D1D5D0,119927,8076644B0,0.85,US Dollar,0.85,US Dollar,Wire,0,0.85
2022/09/02 20:59,21414,805B2E130,4187,80824C270,0.11,US Dollar,0.11,US Dollar,Wire,0,0.11
2022/09/02 20:57,2860,8005B73A0,115771,80A4F0230,0.9,US Dollar,0.9,US Dollar,Wire,0,0.9
2022/09/02 20:39,212996,8075A4A90,222439,80DFD5BC0,0.1,US Dollar,0.1,US Dollar,Wire,0,0.1
2022/09/02 20:56,2368,805ABB010,119174,80FF0B650,0.68,US Dollar,0.68,US Dollar,Wire,0,0.68
2022/09/02 20:47,11255,803042D00,54765,814B09420,0.18,US Dollar,0.18,US Dollar,ACH,0,0.18
2022/09/02 20:52,115114,80F3A90B0,136393,8155FB800,0.01,US Dollar,0.01,US Dollar,ACH,0,0.01
2022/09/02 20:42,1422,80750F940,28932,816471650,0.11,US Dollar,0.11,US Dollar,Wire,0,0.11
2022/09/02 20:34,21393,8023DD100,28932,819084460,0.93,US Dollar,0.93,US Dollar,Wire,0,0.93
2022/09/02 20:56,227876,80DFB3970,134019,81AD373E0,0.2,US Dollar,0.2,US Dollar,ACH,0,0.2
2022/09/02 20:45,227876,80DFB3970,134019,81AD373E0,0.3,US Dollar,0.3,US Dollar,Wire,0,0.3
2022/09/02 20:36,1217,8017F74D0,273090,81BB19730,0.22,US Dollar,0.22,US Dollar,Wire,0,0.22
2022/09/02 20:39,425,800577310,11314,8007AB810,0.07,Euro,0.07,Euro,ACH,0,0.06992308460693238
2022/09/02 20:33,498,80084CCD0,21444,800EC5460,0.74,Euro,0.74,Euro,Wire,0,0.7391868944161422
2022/09/02 20:52,1776,800F199B0,23726,801F71170,0.98,Euro,0.98,Euro,Wire,0,0.9789231844970532
2022/09/02 20:44,1776,800ED6900,6586,802647050,0.42,Euro,0.42,Euro,ACH,0,0.41953850764159417
2022/09/02 20:30,1768,8004940E0,5724,8027E76E0,0.64,Euro,0.64,Euro,Wire,0,0.639296773549096
2022/09/02 20:45,12274,802A2D930,17059,802B13060,0.62,Euro,0.62,Euro,ACH,0,0.6193187493756867
2022/09/02 20:43,12274,80228FC60,5981,802B9D040,0.09,Euro,0.09,Euro,Wire,0,0.08990110878034162
2022/09/02 20:47,7522,807235890,2514,811A86650,0.44,Euro,0.44,Euro,Wire,0,0.43951653181500344
2022/09/02 20:40,22026,80DA771E0,147841,813FE37A0,0.59,Euro,0.59,Euro,Wire,0,0.5893517131155728
2022/09/02 20:49,425,805AE84D0,15763,81404CE30,0.02,Euro,0.02,Euro,ACH,0,0.01997802417340925
2022/09/02 20:57,15516,80B92A650,135807,8110EA1F0,0.89,Euro,0.89,Euro,ACH,0,0.8890220757167115
2022/09/02 20:33,212854,805622F50,32453,817C4EF10,0.47,Euro,0.47,Euro,ACH,0,0.4694835680751173
2022/09/02 20:47,212854,805622F50,32453,817C4EF10,0.89,Euro,0.89,Euro,Wire,0,0.8890220757167115
2022/09/02 20:42,370982,81B3BBBF0,370982,81B3BBBF1,660.29,Euro,0.065117,Bitcoin,ACH,0,3.2558662793313966e-07
2022/09/02 20:57,15,800073410,7080,802BBFCD0,1.93,Yuan,1.93,Yuan,ACH,0,0.27956833490258565
2022/09/02 20:45,23,805A394B0,11832,8066A02C0,1.07,Yen,1.07,Yen,ACH,0,0.007636856755406466
2022/09/02 20:55,23,805A394B0,11832,8066A02C0,1.45,Yen,1.45,Yen,Wire,0,0.010349011490971378
2022/09/02 20:58,14,800082E50,72,80723CC60,6.05,Rupee,6.05,Rupee,ACH,0,0.07589156913659229
2022/09/02 20:32,25,807244D10,5,80724E500,5.61,Rupee,5.61,Rupee,Wire,0,0.07037218229029467
2022/09/02 20:40,235676,80D9A4F80,39213,80E6C3850,0.62,Canadian Dollar,0.62,Canadian Dollar,Wire,0,0.47180579864546074
2022/09/02 20:58,40904,80F1A0B40,42234,80F85A3F0,1.18,Australian Dollar,1.18,Australian Dollar,Wire,0,0.8032128514056224
2022/09/02 20:44,116,811DC5930,210,811E1FAE0,1.69,Brazil Real,1.69,Brazil Real,Wire,0,0.3247813971365427
2022/09/02 20:35,152768,813BB3020,152926,813EBA5D0,0.57,Swiss Franc,0.57,Swiss Franc,ACH,0,0.5805958747135217
2022/09/02 20:31,68271,819054490,68281,8190FE390,0.02,Saudi Riyal,0.02,Saudi Riyal,Wire,0,0.005333333333333333
2022/09/02 20:57,63587,817FD7230,167819,819466DF0,0.03,Saudi Riyal,0.03,Saudi Riyal,ACH,0,0.008
2022/09/02 20:34,12204,800FAD501,12204,800FAD500,6e-06,Bitcoin,0.07,US Dollar,ACH,0,0.07
2022/09/02 20:53,12204,800FAD501,12204,800FAD500,5e-06,Bitcoin,0.06,US Dollar,ACH,0,0.06
2022/09/02 20:43,228849,813731801,228849,813731800,4.1e-05,Bitcoin,0.49,US Dollar,ACH,0,0.49
2022/09/02 20:37,11756,8085CD881,11756,8085CD880,6e-06,Bitcoin,0.44,Yuan,ACH,0,0.06373578619540812
2022/09/02 20:51,24070,802E52991,24070,802E52990,6e-06,Bitcoin,0.06,Euro,ACH,0,0.05993407252022774
2022/09/02 20:35,24070,802E52991,24070,802E52990,5e-06,Bitcoin,0.05,Euro,ACH,0,0.04994506043352312
2022/09/02 21:06,20,8003E6750,12,800212D50,0.68,US Dollar,0.68,US Dollar,ACH,0,0.68
2022/09/02 21:07,1277,80099C830,110821,804372930,0.76,US Dollar,0.76,US Dollar,Wire,0,0.76
2022/09/02 21:04,11255,803620380,110777,8060F4C70,0.64,US Dollar,0.64,US Dollar,Wire,0,0.64
2022/09/02 21:23,124304,80915F460,124304,80915F460,0.79,US Dollar,58.17,Rupee,ACH,0,0.7296880292025741
2022/09/02 21:10,5617,805E22500,24999,80CB36890,0.98,US Dollar,0.98,US Dollar,Wire,0,0.98
2022/09/02 21:15,118536,80735E920,214342,810E65E60,0.2,US Dollar,0.2,US Dollar,Wire,0,0.2
2022/09/02 21:18,29158,80DA17EE0,146538,81565A490,0.33,US Dollar,0.33,US Dollar,ACH,0,0.33
2022/09/02 21:05,29158,80DA17EE0,146538,81565A490,0.02,US Dollar,0.02,US Dollar,Wire,0,0.02
2022/09/02 21:29,14558,810BD3590,14558,810BD3590,0.8,US Dollar,5.39,Yuan,ACH,0,0.7807633808937495
2022/09/02 21:29,2860,800681BA0,126413,8159C4330,0.53,US Dollar,0.53,US Dollar,ACH,0,0.53
2022/09/02 21:08,140626,81524DCC0,160797,8190F76E0,0.13,US Dollar,0.13,US Dollar,ACH,0,0.13
2022/09/02 21:22,13,800086730,13,800086730,0.09,US Dollar,1.97,Mexican Peso,ACH,0,0.09808314662683594
2022/09/02 21:17,13,800086730,13,800086730,0.21,US Dollar,4.34,Mexican Peso,ACH,0,0.21608165297485685
2022/09/02 21:03,14,802186850,5383,80284D9E0,0.01,Euro,0.01,Euro,Wire,0,0.009989012086704625
2022/09/02 21:26,12386,802C4C840,211018,8087FF370,0.98,Euro,0.98,Euro,ACH,0,0.9789231844970532
2022/09/02 21:03,6058,806C17E20,4308,8090B1D30,0.91,Euro,0.91,Euro,ACH,0,0.9090000998901208
2022/09/02 21:16,600,8035419A0,14172,80D98AB00,0.07,Euro,0.07,Euro,Wire,0,0.06992308460693238
2022/09/02 21:01,498,8004027C0,17059,80EDDC570,0.01,Euro,0.01,Euro,ACH,0,0.009989012086704625
2022/09/02 21:09,12274,802B9E8A0,235977,8123CA8A0,0.4,Euro,0.4,Euro,ACH,0,0.39956048346818496
2022/09/02 21:04,12386,801D63820,144936,814347700,0.6,Euro,0.6,Euro,Wire,0,0.5993407252022774
2022/09/02 21:25,15400,80B23ABE0,150317,815E77DB0,0.99,Euro,0.99,Euro,ACH,0,0.9889121965837577
2022/09/02 21:02,23726,80DDFBF90,14851,81669DE60,0.1,Euro,0.1,Euro,Wire,0,0.09989012086704624
2022/09/02 21:07,15461,80654B420,17694,8178FCF00,0.84,Euro,0.84,Euro,Wire,0,0.8390770152831883
2022/09/02 21:16,27,802CCA580,26,804E27BE0,4.31,Yuan,4.31,Yuan,Wire,0,0.6243209965959295
2022/09/02 21:06,26922,80340B700,12066,8054C75E0,0.35,Yuan,0.35,Yuan,ACH,0,0.05069892083725646
2022/09/02 21:15,18,8038F5170,18935,8078CEA90,120.37,Yen,120.37,Yen,ACH,0,0.8591106987367069
2022/09/02 21:29,14,8087D0EC0,23486,80908A470,29.84,Rupee,29.84,Rupee,Wire,0,0.37431478066709317
2022/09/02 21:29,5,808C6FCF0,124359,8096832B0,41.19,Rupee,41.19,Rupee,ACH,0,0.5166898731795432
2022/09/02 21:18,24869,80982BEA0,224574,80A69BCE0,4.32,Rupee,4.32,Rupee,Wire,0,0.05419034358183119
2022/09/02 21:02,2,809F32470,123957,80A7CFED0,35.68,Rupee,35.68,Rupee,Wire,0,0.4475720969906798
2022/09/02 21:24,8,80C423170,7,80C423F60,0.21,UK Pound,0.21,UK Pound,ACH,0,0.2428644122681223
2022/09/02 21:07,8,80C423170,7,80C423F60,0.11,UK Pound,0.11,UK Pound,Wire,0,0.127214692140445
2022/09/02 21:20,36242,80D536590,136606,80D9A7230,0.07,Canadian Dollar,0.07,Canadian Dollar,Wire,0,0.053268396621261704
2022/09/02 21:21,235676,80DFFB260,137293,80E035580,0.56,Canadian Dollar,0.56,Canadian Dollar,ACH,0,0.42614717297009364
2022/09/02 21:29,118840,80CAAA4F0,118840,80CAAA4F0,0.65,Canadian Dollar,0.49,US Dollar,ACH,0,0.49
2022/09/02 21:27,118840,80CAAA4F0,118840,80CAAA4F0,0.41,Canadian Dollar,0.31,US Dollar,ACH,0,0.31
2022/09/02 21:27,118840,80CAAA4F0,138809,80E52F900,0.41,Canadian Dollar,0.41,Canadian Dollar,ACH,0,0.3120006087816756
2022/09/02 21:14,45907,810E9D5E0,245681,8111909B0,6.41,Mexican Peso,6.41,Mexican Peso,Wire,0,0.31914363953198904
2022/09/02 21:21,265216,8180D03F0,216,8187ED450,1.17,Saudi Riyal,1.17,Saudi Riyal,Wire,0,0.312
2022/09/02 21:04,163233,8175EF040,65300,818E4C2A0,1.72,Saudi Riyal,1.72,Saudi Riyal,ACH,0,0.45866666666666667
2022/09/02 21:22,134326,80C927791,134326,80C927790,9e-06,Bitcoin,0.08,UK Pound,ACH,0,0.09251977610214183
2022/09/02 21:27,134326,80C927791,134326,80C927790,4e-06,Bitcoin,0.04,UK Pound,ACH,0,0.04625988805107092
2022/09/02 21:24,37690,816F08261,37690,816F08260,9e-06,Bitcoin,0.1,US Dollar,ACH,0,0.1
2022/09/02 21:17,37690,816F08261,37690,816F08260,4e-06,Bitcoin,0.05,US Dollar,ACH,0,0.05
2022/09/02 21:14,13243,813A46121,13243,813A46120,4e-06,Bitcoin,0.04,US Dollar,ACH,0,0.04
2022/09/02 21:22,113579,805472971,113579,805472970,3.1e-05,Bitcoin,2.45,Yuan,ACH,0,0.35489244586079527
2022/09/02 21:06,36392,8112A8E01,36392,8112A8E00,5e-06,Bitcoin,0.06,US Dollar,Wire,0,0.06
2022/09/02 21:17,36392,8112A8E01,36392,8112A8E00,4e-06,Bitcoin,0.04,US Dollar,ACH,0,0.04
2022/09/02 21:23,22124,801080161,22124,801080160,8.2e-05,Bitcoin,0.98,US Dollar,ACH,0,0.98
2022/09/02 21:19,171617,81A6AF5F1,171617,81A6AF5F0,2e-05,Bitcoin,0.24,US Dollar,ACH,0,0.24
2022/09/02 21:49,20,80015A0A0,11046,8005D0EB0,0.99,US Dollar,0.99,US Dollar,Wire,0,0.99
2022/09/02 21:37,20,8001E1E00,1,8008F9010,0.08,US Dollar,0.08,US Dollar,ACH,0,0.08
2022/09/02 21:35,11701,8010EEE10,11305,80AE76E10,0.48,US Dollar,0.48,US Dollar,ACH,0,0.48
2022/09/02 21:45,22595,804394AC0,18656,80AF3A830,0.81,US Dollar,0.81,US Dollar,ACH,0,0.81
2022/09/02 21:47,1638,801405760,11661,80CE097F0,0.52,US Dollar,0.52,US Dollar,ACH,0,0.52
2022/09/02 21:41,28625,806094570,15875,812114510,0.62,US Dollar,0.62,US Dollar,ACH,0,0.62
2022/09/02 21:35,222559,80B11D040,236628,813B15A40,0.09,US Dollar,0.09,US Dollar,ACH,0,0.09
2022/09/02 21:44,211374,814050D50,138580,814D5F0C0,0.11,US Dollar,0.11,US Dollar,ACH,0,0.11
2022/09/02 21:57,115966,8060F9C30,139974,81594AA30,0.69,US Dollar,0.69,US Dollar,Wire,0,0.69
2022/09/02 21:37,11265,800B53130,142529,818A75BE0,0.33,US Dollar,0.33,US Dollar,Wire,0,0.33
2022/09/02 21:57,3389,80DF667B0,23760,8199B2360,0.24,US Dollar,0.24,US Dollar,ACH,0,0.24
2022/09/02 21:59,18990,814AB21B0,126883,81A1F77D0,0.35,US Dollar,0.35,US Dollar,Wire,0,0.35
2022/09/02 21:41,20,801BEC450,425,801FFD4A0,0.13,Euro,0.13,Euro,ACH,0,0.12985715712716012
2022/09/02 21:44,20,8001AB3F0,15763,8027F2410,0.91,Euro,0.91,Euro,Wire,0,0.9090000998901208
2022/09/02 21:45,2293,801DE8470,14195,8065B81E0,0.18,Euro,0.18,Euro,ACH,0,0.17980221756068324
2022/09/02 21:51,15680,803A8F740,15680,803A8F740,0.26,Euro,0.31,US Dollar,ACH,0,0.31
2022/09/02 21:51,15680,803A8F740,5294,80A9D17C0,0.26,Euro,0.26,Euro,ACH,0,0.25971431425432023
2022/09/02 21:46,230153,80C229CC0,228073,813D32FA0,0.01,Euro,0.01,Euro,Wire,0,0.009989012086704625
2022/09/02 21:49,17059,80DC75570,5082,815167690,0.9,Euro,0.9,Euro,Wire,0,0.8990110878034162
2022/09/02 21:54,32453,80F143E80,1768,8154EA240,0.03,Euro,0.03,Euro,ACH,0,0.02996703626011387
2022/09/02 21:56,249868,8140C1020,38920,81AB08D40,0.02,Euro,0.02,Euro,ACH,0,0.01997802417340925
2022/09/02 21:57,24816,80977CEA0,23642,8097BF7A0,9.77,Rupee,9.77,Rupee,Wire,0,0.1225554761098358
2022/09/02 21:34,10,80D262BD0,136311,80DFADA30,1.23,Canadian Dollar,1.23,Canadian Dollar,ACH,0,0.9360018263450269
2022/09/02 21:42,10,80D262BD0,136311,80DFADA30,0.63,Canadian Dollar,0.63,Canadian Dollar,Wire,0,0.4794155695913553
2022/09/02 21:51,136136,80E1405B0,235735,80E2D57F0,0.23,Canadian Dollar,0.23,Canadian Dollar,ACH,0,0.17502473175557415
2022/09/02 21:30,136136,80E1405B0,235735,80E2D57F0,0.16,Canadian Dollar,0.16,Canadian Dollar,Wire,0,0.12175633513431246
2022/09/02 21:32,10,811D74B80,149205,8128CDAE0,1.23,Brazil Real,1.23,Brazil Real,ACH,0,0.2363793600461228
2022/09/02 21:59,1199,81559B750,115,8162D1060,2.61,Shekel,2.61,Shekel,Wire,0,0.773218782402607
2022/09/02 21:42,34117,818B73D51,34117,818B73D50,2e-05,Bitcoin,0.23,US Dollar,ACH,0,0.23
2022/09/02 21:35,34117,818B73D51,34117,818B73D50,5e-06,Bitcoin,0.06,US Dollar,ACH,0,0.06
2022/09/02 21:40,215766,805D73BD1,215766,805D73BD0,1.7e-05,Bitcoin,0.2,US Dollar,ACH,0,0.2
2022/09/02 21:52,215766,805D73BD1,215766,805D73BD0,7e-05,Bitcoin,0.83,US Dollar,ACH,0,0.83
2022/09/02 21:55,1394,815BDFE71,1394,815BDFE70,2.7e-05,Bitcoin,0.32,US Dollar,ACH,0,0.32
2022/09/02 21:41,238352,813947EF1,238352,813947EF0,2e-06,Bitcoin,0.03,US Dollar,ACH,0,0.03
2022/09/02 21:58,238352,813947EF1,238352,813947EF0,1e-06,Bitcoin,0.01,US Dollar,ACH,0,0.01
2022/09/02 21:58,1422,816354D71,1422,816354D70,3.6e-05,Bitcoin,0.43,US Dollar,ACH,0,0.43
2022/09/02 21:45,1422,816354D71,1422,816354D70,2e-05,Bitcoin,0.24,US Dollar,ACH,0,0.24
2022/09/02 21:50,224231,80E9FD5F1,224231,80E9FD5F0,4.4e-05,Bitcoin,0.52,US Dollar,ACH,0,0.52
2022/09/02 21:49,224231,80E9FD5F1,224231,80E9FD5F0,4e-06,Bitcoin,0.05,US Dollar,ACH,0,0.05
2022/09/02 21:41,224231,80E9FD5F1,224231,80E9FD5F0,5e-06,Bitcoin,0.06,US Dollar,Wire,0,0.06
2022/09/02 21:33,8318,818FDB691,8318,818FDB690,3.7e-05,Bitcoin,0.44,US Dollar,Wire,0,0.44
2022/09/02 21:58,8318,818FDB691,8318,818FDB690,6.6e-05,Bitcoin,0.78,US Dollar,Wire,0,0.78
2022/09/02 21:46,23747,809FF4291,23747,809FF4290,1.6e-05,Bitcoin,0.19,US Dollar,Wire,0,0.19
2022/09/02 21:59,23747,809FF4291,23747,809FF4290,5e-06,Bitcoin,0.06,US Dollar,Wire,0,0.06
2022/09/02 22:29,394,80035BD20,1394,800D7A050,0.21,US Dollar,0.21,US Dollar,Wire,0,0.21
2022/09/02 22:02,1277,800E3FAB0,3533,8015728F0,0.37,US Dollar,0.37,US Dollar,ACH,0,0.37
2022/09/02 22:07,22435,802A9DE70,28625,8047CE2F0,0.94,US Dollar,0.94,US Dollar,Wire,0,0.94
2022/09/02 22:07,5621,807358CE0,110821,80817ABF0,0.27,US Dollar,0.27,US Dollar,Wire,0,0.27
2022/09/02 22:28,5033,804AE0060,120280,807C75400,0.14,US Dollar,0.14,US Dollar,Wire,0,0.14
2022/09/02 22:25,25526,80437B9D0,12063,8102FFEC0,0.03,US Dollar,0.03,US Dollar,ACH,0,0.03
2022/09/02 22:21,25526,80437B9D0,12063,8102FFEC0,0.01,US Dollar,0.01,US Dollar,Wire,0,0.01
2022/09/02 22:11,8814,804FBD040,221100,8125509A0,0.5,US Dollar,0.5,US Dollar,ACH,0,0.5
2022/09/02 22:11,22595,80F5A4DB0,237246,814046C30,0.08,US Dollar,0.08,US Dollar,Wire,0,0.08
2022/09/02 22:03,21260,813987720,138580,816612E80,0.6,US Dollar,0.6,US Dollar,ACH,0,0.6
2022/09/02 22:13,11,8001A22A0,3,800382AC0,0.23,Euro,0.23,Euro,Wire,0,0.22974727799420636
2022/09/02 22:13,12055,800EFE260,13590,801C9C400,0.79,Euro,0.79,Euro,ACH,0,0.7891319548496654
2022/09/02 22:02,25400,802FCCFC0,18076,80337FB30,0.01,Euro,0.01,Euro,ACH,0,0.009989012086704625
2022/09/02 22:05,25400,802FCCFC0,18076,80337FB30,0.02,Euro,0.02,Euro,Wire,0,0.01997802417340925
2022/09/02 22:28,498,802E1A550,11314,805E158D0,0.88,Euro,0.88,Euro,ACH,0,0.8790330636300069
2022/09/02 22:21,423,801FB4400,5981,806EBD820,0.18,Euro,0.18,Euro,Wire,0,0.17980221756068324
2022/09/02 22:03,21444,80107E2C0,6058,807718660,0.04,Euro,0.04,Euro,ACH,0,0.0399560483468185
2022/09/02 22:23,112357,806F273B0,228073,80B336060,0.35,Euro,0.35,Euro,Wire,0,0.3496154230346618
2022/09/02 22:14,22264,801882260,122416,80D09F6C0,0.48,Euro,0.48,Euro,ACH,0,0.4794725801618219
2022/09/02 22:00,6090,803F52CA0,131371,80E32EB50,0.59,Euro,0.59,Euro,ACH,0,0.5893517131155728
2022/09/02 22:15,1595,8006B3650,12202,810615DA0,0.93,Euro,0.93,Euro,ACH,0,0.9289781240635301
2022/09/02 22:16,1595,8006B3650,12202,810615DA0,0.73,Euro,0.73,Euro,Wire,0,0.7291978823294375
2022/09/02 22:28,218303,80B9C4400,147669,8143D6CD0,0.42,Euro,0.42,Euro,ACH,0,0.41953850764159417
2022/09/02 22:19,218303,80B9C4400,147669,8143D6CD0,0.09,Euro,0.09,Euro,Wire,0,0.08990110878034162
2022/09/02 22:16,21444,801AE0890,217215,8147EDA30,0.57,Euro,0.57,Euro,ACH,0,0.5693736889421636
2022/09/02 22:16,15461,802377C90,37548,815D03260,0.03,Euro,0.03,Euro,ACH,0,0.02996703626011387
2022/09/02 22:24,15461,802377C90,37548,815D03260,0.05,Euro,0.05,Euro,Wire,0,0.04994506043352312
2022/09/02 22:18,217662,80813F1D0,17380,81581A030,83.53,Yen,83.53,Yen,ACH,0,0.5961744343729926
2022/09/02 22:03,24320,8092A7D80,224237,809675A00,20.16,Rupee,20.16,Rupee,ACH,0,0.2528882700485455
2022/09/02 22:15,18,80AFB8070,16,80BDE0990,22.82,Ruble,22.82,Ruble,Wire,0,0.37764575438131964
2022/09/02 22:23,3718,80215F8C0,3718,80215F8C0,0.44,UK Pound,0.57,US Dollar,ACH,0,0.57
2022/09/02 22:01,40904,80F160BA0,40904,80F9CD4F0,0.8,Australian Dollar,0.8,Australian Dollar,ACH,0,0.5445510856987271
2022/09/02 22:26,10,811DDE1C0,150820,812F5BAF0,3.73,Brazil Real,3.73,Brazil Real,Wire,0,0.7168252137984049
2022/09/02 22:12,248957,8129AF640,48858,8130EA6C0,4.04,Brazil Real,4.04,Brazil Real,ACH,0,0.776400499663688
2022/09/02 22:10,1199,8154921D0,112,81554EAA0,3.24,Shekel,3.24,Shekel,Wire,0,0.9598577988446156
2022/09/02 22:02,163470,8174F8510,163233,8178397D0,2.78,Saudi Riyal,2.78,Saudi Riyal,ACH,0,0.7413333333333333
2022/09/02 22:19,215766,806108B81,215766,806108B80,3e-06,Bitcoin,0.04,US Dollar,ACH,0,0.04
2022/09/02 22:05,215766,806108B81,215766,806108B80,4e-06,Bitcoin,0.05,US Dollar,ACH,0,0.05
2022/09/02 22:21,1217,801639891,1217,801639890,3e-05,Bitcoin,0.35,US Dollar,ACH,0,0.35
2022/09/02 22:22,133044,80EE52091,133044,80EE52090,4.6e-05,Bitcoin,0.54,US Dollar,ACH,0,0.54
2022/09/02 22:36,12,80005C2E0,224,8001FBC30,0.97,US Dollar,0.97,US Dollar,ACH,0,0.97
2022/09/02 22:39,12204,800CBEA10,20,800E2F720,0.13,US Dollar,0.13,US Dollar,ACH,0,0.13
2022/09/02 22:50,11265,8008CB850,2692,800FE8BF0,0.67,US Dollar,0.67,US Dollar,Wire,0,0.67
2022/09/02 22:37,20,80005E480,1217,801605C80,0.19,US Dollar,0.19,US Dollar,ACH,0,0.19
2022/09/02 22:35,9976,803CBB860,9976,803CBB860,0.04,US Dollar,0.28,Yuan,ACH,0,0.04055913666980517
2022/09/02 22:35,9976,803CBB860,2196,806246440,0.04,US Dollar,0.04,US Dollar,Wire,0,0.04
2022/09/02 22:59,12,800C3D920,21063,80992EA50,0.13,US Dollar,0.13,US Dollar,Wire,0,0.13
2022/09/02 22:51,2368,801186380,1638,80C7A5AA0,0.05,US Dollar,0.05,US Dollar,Wire,0,0.05
2022/09/02 22:35,1217,8004B0300,230733,80E1B43A0,0.23,US Dollar,0.23,US Dollar,Wire,0,0.23
2022/09/02 22:40,118699,80AF63BF0,24633,80F240120,0.27,US Dollar,0.27,US Dollar,Wire,0,0.27
2022/09/02 22:30,131266,80DC31670,146475,813B5B6A0,0.13,US Dollar,0.13,US Dollar,Wire,0,0.13
2022/09/02 22:42,21260,805D1E930,131099,81432A140,0.15,US Dollar,0.15,US Dollar,Wire,0,0.15
2022/09/02 22:59,24999,809E917E0,22106,81519D650,0.85,US Dollar,0.85,US Dollar,Wire,0,0.85
2022/09/02 22:39,118840,807595990,115966,816ACB2C0,0.58,US Dollar,0.58,US Dollar,ACH,0,0.58
2022/09/02 22:41,14,8003064B0,425,8006B50F0,0.86,Euro,0.86,Euro,Wire,0,0.8590550394565977
2022/09/02 22:36,27868,802FFAB40,7058,8053A7230,0.04,Euro,0.04,Euro,ACH,0,0.0399560483468185
2022/09/02 22:30,27868,802FFAB40,7058,8053A7230,0.01,Euro,0.01,Euro,Wire,0,0.009989012086704625
2022/09/02 22:57,20,804CEA780,20,804CEA780,0.15,Euro,0.18,US Dollar,ACH,0,0.18
2022/09/02 22:50,231908,811D4A320,130803,8149C3320,0.4,Euro,0.4,Euro,ACH,0,0.39956048346818496
2022/09/02 22:43,7080,802ED8420,29900,803BA4730,3.67,Yuan,3.67,Yuan,ACH,0,0.5316143984935178
2022/09/02 22:50,5893,80358A2E0,210824,804DF0AB0,4.3,Yuan,4.3,Yuan,ACH,0,0.6228724560005794
2022/09/02 22:31,15,8003A41E0,13482,80CBA66A0,3.1,Yuan,3.1,Yuan,ACH,0,0.44904758455855726
2022/09/02 22:56,2,808C2F3E0,124503,809791C40,1.91,Rupee,1.91,Rupee,ACH,0,0.0239591565373374
2022/09/02 22:31,2,808C2F3E0,124503,809791C40,1.8,Rupee,1.8,Rupee,Wire,0,0.022579309825762995
2022/09/02 22:51,36975,80D9C6CE0,17,80E7AF9D0,1.3,Canadian Dollar,1.3,Canadian Dollar,Wire,0,0.9892702229662887
2022/09/02 22:39,252477,813AA11C0,52898,813C61ED0,0.87,Swiss Franc,0.87,Swiss Franc,ACH,0,0.8861726508785333
2022/09/02 22:42,157948,815E4E900,59157,81620F460,0.9,Shekel,0.9,Shekel,Wire,0,0.26662716634572653
2022/09/02 22:31,63779,817A78EB0,66761,818C527B0,0.66,Saudi Riyal,0.66,Saudi Riyal,ACH,0,0.17600000000000002
2022/09/02 22:58,15783,8166C4C31,15783,8166C4C30,3.5e-05,Bitcoin,0.42,US Dollar,Wire,0,0.42
2022/09/02 22:45,15783,8166C4C31,15783,8166C4C30,1e-05,Bitcoin,0.12,US Dollar,ACH,0,0.12
2022/09/02 22:30,13210,810D16561,13210,810D16560,9e-06,Bitcoin,0.1,US Dollar,Wire,0,0.1
2022/09/02 22:53,13210,810D16561,13210,810D16560,4.7e-05,Bitcoin,0.56,US Dollar,ACH,0,0.56
2022/09/02 22:35,13210,810D16561,13210,810D16560,6e-06,Bitcoin,0.07,US Dollar,ACH,0,0.07
2022/09/02 22:56,25259,817BB1511,25259,817BB1510,2.3e-05,Bitcoin,0.27,US Dollar,ACH,0,0.27
2022/09/02 22:37,226290,812C80CB1,226290,812C80CB0,1e-06,Bitcoin,0.01,US Dollar,ACH,0,0.01
2022/09/02 22:42,226290,812C80CB1,226290,812C80CB0,1e-06,Bitcoin,0.02,US Dollar,ACH,0,0.02
2022/09/02 22:52,23571,807CB1BB1,23571,807CB1BB0,3e-06,Bitcoin,0.03,US Dollar,ACH,0,0.03
2022/09/02 22:32,13395,80176B681,13395,80176B680,1e-06,Bitcoin,0.01,US Dollar,ACH,0,0.01
2022/09/02 22:54,13395,80176B681,13395,80176B680,1e-06,Bitcoin,0.01,US Dollar,ACH,0,0.01
2022/09/02 23:23,1394,800A5A6A0,1217,800BD3830,0.65,US Dollar,0.65,US Dollar,Wire,0,0.65
2022/09/02 23:02,1217,800910150,11701,800D76D80,0.25,US Dollar,0.25,US Dollar,Wire,0,0.25
2022/09/02 23:07,1422,800A01540,1231,800E0CD30,0.17,US Dollar,0.17,US Dollar,ACH,0,0.17
2022/09/02 23:23,14595,805C30700,5033,805FC7E70,0.66,US Dollar,0.66,US Dollar,Wire,0,0.66
2022/09/02 23:13,26453,803394DB0,21414,809874B30,0.37,US Dollar,0.37,US Dollar,Wire,0,0.37
2022/09/02 23:21,10416,803CDCF80,1807,80A1F9EC0,0.76,US Dollar,0.76,US Dollar,Wire,0,0.76
2022/09/02 23:23,11770,800BBF8B0,18493,80DC12120,0.15,US Dollar,0.15,US Dollar,ACH,0,0.15
2022/09/02 23:09,13354,8047945E0,236008,810C628E0,0.76,US Dollar,0.76,US Dollar,ACH,0,0.76
2022/09/02 23:09,16584,8084F85B0,249786,8142A82B0,0.11,US Dollar,0.11,US Dollar,Wire,0,0.11
2022/09/02 23:09,9715,81479D6D0,35798,817478D50,0.09,US Dollar,0.09,US Dollar,ACH,0,0.09
2022/09/02 23:19,223550,80D9243E0,118681,81AC4D530,0.64,US Dollar,0.64,US Dollar,Wire,0,0.64
2022/09/02 23:13,5312,802F5D240,112357,805B18820,0.05,Euro,0.05,Euro,Wire,0,0.04994506043352312
2022/09/02 23:18,3,80173BC20,7522,80954F020,0.59,Euro,0.59,Euro,Wire,0,0.5893517131155728
2022/09/02 23:13,11,801FA61F0,28930,80AA3A330,0.02,Euro,0.02,Euro,Wire,0,0.01997802417340925
2022/09/02 23:20,21479,808777A60,21479,808777A60,0.57,Euro,70.28,Yen,ACH,0,0.5016058810934265
2022/09/02 23:26,21479,808777A60,21479,808777A60,1.09,Euro,135.21,Yen,ACH,0,0.9650274784098208
2022/09/02 23:05,27737,810702510,147445,813E11250,0.45,Euro,0.45,Euro,ACH,0,0.4495055439017081
2022/09/02 23:11,12202,806CEE9B0,125589,814576710,0.1,Euro,0.1,Euro,ACH,0,0.09989012086704624
2022/09/02 23:02,24455,807D7C280,18355,8149EAEC0,0.04,Euro,0.04,Euro,Wire,0,0.0399560483468185
2022/09/02 23:16,5294,809655BA0,114948,819D24460,0.04,Euro,0.04,Euro,ACH,0,0.0399560483468185
2022/09/02 23:22,2293,801AE0670,65816,81AA232E0,0.39,Euro,0.39,Euro,ACH,0,0.38957147138148035
2022/09/02 23:01,44720,817C7A880,269185,81AAD6FF0,0.37,Euro,0.37,Euro,Wire,0,0.3695934472080711
2022/09/02 23:18,13,8040098C0,23,8067F01C0,83.62,Yen,83.62,Yen,ACH,0,0.5968167868103632
2022/09/02 23:00,13,8040098C0,23,8067F01C0,56.27,Yen,56.27,Yen,Wire,0,0.4016130183427307
2022/09/02 23:15,12,805C51540,117912,807E687A0,0.68,Yen,0.68,Yen,ACH,0,0.004853329526800371
2022/09/02 23:11,72,808E5B530,123800,808EE5590,10.9,Rupee,10.9,Rupee,Wire,0,0.13673026505600924
2022/09/02 23:14,123568,80918EDD0,24820,8094C77B0,29.92,Rupee,29.92,Rupee,ACH,0,0.37531830554823825
2022/09/02 23:06,123568,80918EDD0,24820,8094C77B0,9.84,Rupee,9.84,Rupee,Wire,0,0.1234335603808377
2022/09/02 23:04,123824,809F1B4B0,27037,80A8799B0,53.31,Rupee,53.31,Rupee,Wire,0,0.668723892673014
2022/09/02 23:27,224371,80A63CDF0,226119,80D9CB6E0,40.32,Rupee,40.32,Rupee,ACH,0,0.505776540097091
2022/09/02 23:07,18,80B084C60,230595,80B5152E0,0.87,Ruble,0.87,Ruble,ACH,0,0.014397537524616479
2022/09/02 23:28,18,80B087600,132407,80BF52470,28.82,Ruble,28.82,Ruble,Wire,0,0.47693911662005395
2022/09/02 23:14,232857,80C4AD780,233282,80CA700C0,0.84,UK Pound,0.84,UK Pound,Wire,0,0.9714576490724892
2022/09/02 23:05,134489,80CF154D0,34749,817E84D80,0.1,UK Pound,0.1,UK Pound,Wire,0,0.1156497201276773
2022/09/02 23:04,212,80F0D7F60,40904,80F3115F0,1.24,Australian Dollar,1.24,Australian Dollar,ACH,0,0.844054182833027
2022/09/02 23:19,148894,8124586C0,52001,8132E4420,4.92,Brazil Real,4.92,Brazil Real,Wire,0,0.9455174401844912
2022/09/02 23:27,152768,81358DC10,52788,813A863C0,0.35,Swiss Franc,0.35,Swiss Franc,Wire,0,0.35650623885918004
2022/09/02 23:22,65300,8187ABE20,164730,818DC4830,3.54,Saudi Riyal,3.54,Saudi Riyal,ACH,0,0.9440000000000001
2022/09/02 23:20,13354,80145D9E1,13354,80145D9E0,5.4e-05,Bitcoin,0.64,US Dollar,ACH,0,0.64
2022/09/02 23:12,5571,811AFB9B1,5571,811AFB9B0,5e-06,Bitcoin,0.06,US Dollar,ACH,0,0.06
2022/09/02 23:11,227006,80AE0A901,227006,80AE0A900,5e-06,Bitcoin,0.05,Euro,ACH,0,0.04994506043352312
2022/09/02 23:29,227006,80AE0A901,227006,80AE0A900,3.9e-05,Bitcoin,0.4,Euro,ACH,0,0.39956048346818496
2022/09/02 23:17,8,80CB694C1,8,80CB694C0,2e-06,Bitcoin,0.02,UK Pound,Wire,0,0.02312994402553546
2022/09/02 23:16,8,80CB694C1,8,80CB694C0,2e-06,Bitcoin,0.02,UK Pound,Wire,0,0.02312994402553546
2022/09/02 23:11,29448,80501EE21,29448,80501EE20,3.3e-05,Bitcoin,0.39,US Dollar,ACH,0,0.39
2022/09/02 23:51,1231,80019AFA0,1639,8004B1570,0.12,US Dollar,0.12,US Dollar,ACH,0,0.12
2022/09/02 23:33,11,802DC46B0,11,802DC46B0,0.42,US Dollar,0.36,Euro,ACH,0,0.3596044351213665
2022/09/02 23:33,11,802DC46B0,1639,8031897F0,0.42,US Dollar,0.42,US Dollar,Wire,0,0.42
2022/09/02 23:35,1110,8009A5B30,3597,803356480,0.94,US Dollar,0.94,US Dollar,ACH,0,0.94
2022/09/02 23:42,1638,8010DC9B0,531,80349F4B0,0.78,US Dollar,0.78,US Dollar,ACH,0,0.78
2022/09/02 23:49,1638,8010DC9B0,531,80349F4B0,0.83,US Dollar,0.83,US Dollar,Wire,0,0.83
2022/09/02 23:37,11047,8022278D0,221024,80A0304B0,0.14,US Dollar,0.14,US Dollar,ACH,0,0.14
2022/09/02 23:51,4,808000750,4,808000750,0.24,US Dollar,24.78,Yen,ACH,0,0.1768610377560488
2022/09/02 23:48,4,808000750,4,808000750,0.15,US Dollar,16.0,Yen,ACH,0,0.11419598886589108
2022/09/02 23:48,4,808000750,4,808000750,0.22,US Dollar,23.29,Yen,ACH,0,0.1662265362929127
2022/09/02 23:48,4,808000750,16679,80B1E9130,0.22,US Dollar,0.22,US Dollar,Wire,0,0.22
2022/09/02 23:56,21260,802350090,119174,80C78E990,0.3,US Dollar,0.3,US Dollar,ACH,0,0.3
2022/09/02 23:59,5572,80F40F530,43217,8118F1FE0,0.37,US Dollar,0.37,US Dollar,Wire,0,0.37
2022/09/02 23:58,1638,809CB42E0,28865,81382BFA0,0.09,US Dollar,0.09,US Dollar,ACH,0,0.09
2022/09/02 23:56,1638,809CB42E0,28865,81382BFA0,0.02,US Dollar,0.02,US Dollar,Wire,0,0.02
2022/09/02 23:53,13210,807BD3CB0,138578,817D6ED70,0.26,US Dollar,0.26,US Dollar,Wire,0,0.26
2022/09/02 23:45,12966,809721F20,256312,819A85910,0.65,US Dollar,0.65,US Dollar,Wire,0,0.65
2022/09/02 23:56,3671,8018AA410,20,801968590,0.82,Euro,0.82,Euro,Wire,0,0.8190989911097791
2022/09/02 23:45,11,8024F2890,3,8026FBB20,0.75,Euro,0.75,Euro,ACH,0,0.7491759065028468
2022/09/02 23:54,117861,807757D90,27737,807B747E0,0.08,Euro,0.08,Euro,ACH,0,0.079912096693637
2022/09/02 23:37,117861,807757D90,27737,807B747E0,0.2,Euro,0.2,Euro,Wire,0,0.19978024173409248
2022/09/02 23:31,18624,80413AC20,117861,80C55AF80,0.43,Euro,0.43,Euro,ACH,0,0.42952751972829883
2022/09/02 23:50,18624,80413AC20,117861,80C55AF80,0.59,Euro,0.59,Euro,Wire,0,0.5893517131155728
2022/09/02 23:41,15763,802FB70E0,235805,811B40110,0.71,Euro,0.71,Euro,ACH,0,0.7092198581560283
2022/09/02 23:33,117105,80E97A0E0,244413,811B7C300,0.62,Euro,0.62,Euro,ACH,0,0.6193187493756867
2022/09/02 23:50,117105,80E97A0E0,244413,811B7C300,0.94,Euro,0.94,Euro,Wire,0,0.9389671361502346
2022/09/02 23:45,211362,806EE26C0,239436,8151476C0,0.2,Euro,0.2,Euro,Wire,0,0.19978024173409248
2022/09/02 23:34,5981,802B54450,219011,819888530,0.26,Euro,0.26,Euro,ACH,0,0.25971431425432023
2022/09/02 23:39,15885,8051FCA80,9096,806836DF0,6.27,Yuan,6.27,Yuan,ACH,0,0.9082349532845657
2022/09/02 23:57,27,8028C83E0,229822,80FA22A40,6.42,Yuan,6.42,Yuan,ACH,0,0.9299630622148185
2022/09/02 23:40,17180,8067E0CC0,11832,808129490,131.2,Yen,131.2,Yen,ACH,0,0.9364071087003067
2022/09/02 23:35,123800,80A7C6AE0,40185,80ED129C0,12.7,Rupee,12.7,Rupee,Wire,0,0.15930957488177222
2022/09/02 23:42,8,80D3F27C0,11,80D64FE70,0.18,Canadian Dollar,0.18,Canadian Dollar,ACH,0,0.1369758770261015
2022/09/02 23:43,135558,80CFECF60,136678,80D9BFDA0,0.7,Canadian Dollar,0.7,Canadian Dollar,ACH,0,0.5326839662126169
2022/09/02 23:40,1277,800926F80,1277,800926F80,0.65,Australian Dollar,0.46,US Dollar,ACH,0,0.46
2022/09/02 23:40,1277,800926F80,212,80F1FE640,0.65,Australian Dollar,0.65,Australian Dollar,Wire,0,0.4424477571302158
2022/09/02 23:50,16739,806E3DAC0,16739,806E3DAC0,0.03,Australian Dollar,0.02,US Dollar,ACH,0,0.02
2022/09/02 23:50,16739,806E3DAC0,141352,80F716F50,0.03,Australian Dollar,0.03,Australian Dollar,ACH,0,0.020420665713702265
2022/09/02 23:44,16739,806E3DAC0,16739,806E3DAC0,0.07,Australian Dollar,0.05,US Dollar,ACH,0,0.05
2022/09/02 23:44,16739,806E3DAC0,141352,80F716F50,0.07,Australian Dollar,0.07,Australian Dollar,Wire,0,0.04764821999863862
2022/09/02 23:53,11,8125FE6E0,49411,81283E710,0.11,Brazil Real,0.11,Brazil Real,ACH,0,0.021139617565100414
2022/09/02 23:35,249331,812409050,49014,812FA2B60,1.74,Brazil Real,1.74,Brazil Real,Wire,0,0.3343903142115883
2022/09/02 23:31,153607,813CEB690,53736,813E5CFD0,0.79,Swiss Franc,0.79,Swiss Franc,ACH,0,0.8046855105678635
2022/09/02 23:52,18,8134FDB10,154265,8142C8A00,0.48,Swiss Franc,0.48,Swiss Franc,ACH,0,0.4889228418640183
2022/09/02 23:42,63940,81760A860,263574,81783DB50,0.16,Saudi Riyal,0.16,Saudi Riyal,ACH,0,0.042666666666666665
2022/09/02 23:44,165852,8189C7EC0,167112,8192994D0,2.5,Saudi Riyal,2.5,Saudi Riyal,ACH,0,0.6666666666666666
2022/09/02 23:47,236488,814B886B1,236488,814B886B0,3.3e-05,Bitcoin,0.39,US Dollar,Wire,0,0.39
2022/09/02 23:32,131266,80C68DC01,131266,80C68DC00,8e-06,Bitcoin,0.1,US Dollar,Wire,0,0.1
2022/09/02 23:40,131266,80C68DC01,131266,80C68DC00,3.7e-05,Bitcoin,0.44,US Dollar,Wire,0,0.44
2022/09/02 23:31,136360,80EF9D121,136360,80EF9D120,1e-05,Bitcoin,0.12,US Dollar,ACH,0,0.12
2022/09/02 23:39,136360,80EF9D121,136360,80EF9D120,8e-06,Bitcoin,0.09,US Dollar,ACH,0,0.09
2022/09/03 00:16,2860,80056F030,21260,8009EB8B0,0.72,US Dollar,0.72,US Dollar,ACH,0,0.72
2022/09/03 00:06,20,800223E30,394,801E626D0,0.52,US Dollar,0.52,US Dollar,ACH,0,0.52
2022/09/03 00:18,1439,8014C4220,22435,8043D9EA0,0.99,US Dollar,0.99,US Dollar,ACH,0,0.99
2022/09/03 00:15,18747,807196BB0,18747,807196BB0,0.47,Euro,0.55,US Dollar,ACH,0,0.55
2022/09/03 00:11,1638,801405760,11661,80CE097F0,0.52,US Dollar,0.52,US Dollar,ACH,0,0.52
2022/09/03 00:04,217717,80A201880,36392,80D94E280,0.77,US Dollar,0.77,US Dollar,Wire,0,0.77
2022/09/03 00:04,14648,81689B3D0,14648,81689B3D0,0.83,Euro,0.97,US Dollar,ACH,0,0.97
2022/09/03 00:05,14851,801ACB400,24643,8026EBB00,0.01,Euro,0.01,Euro,Wire,0,0.009987016878058523
2022/09/03 00:02,23726,8018535C0,12386,802BFA740,0.81,Euro,0.81,Euro,ACH,0,0.8089483671227404
2022/09/03 00:18,14213,8026D54D0,20,802E22E10,0.01,Euro,0.01,Euro,ACH,0,0.009987016878058523
2022/09/03 00:23,21479,80841E450,21479,80841E450,1.08,Euro,133.87,Yen,ACH,0,0.9550545765855748
2022/09/03 00:18,123520,8118B8320,51510,8197716F0,0.95,Euro,0.95,Euro,ACH,0,0.9487666034155596
2022/09/03 00:14,11314,81A6190C0,11314,81A6190C0,0.13,US Dollar,0.11,Euro,ACH,0,0.10985718565864376
2022/09/03 00:14,27356,80494A960,13577,80523FBA0,1.95,Yuan,1.95,Yuan,Wire,0,0.2824204153752571
2022/09/03 00:01,232857,80C4AD780,233282,80CA700C0,0.84,UK Pound,0.84,UK Pound,Wire,0,0.9713453132588635
2022/09/03 00:12,11,80D3C1A10,11,80D3C1A10,0.53,Euro,0.82,Canadian Dollar,ACH,0,0.6241437052823869
2022/09/03 00:13,41348,80F27CB90,41348,80F27CB90,0.42,Euro,0.69,Australian Dollar,ACH,0,0.46967531141515206
2022/09/03 00:00,41126,80F39ABE0,41019,80F4E8E00,0.11,Australian Dollar,0.11,Australian Dollar,Wire,0,0.07487577428357498
2022/09/03 00:18,142513,8100AF7E0,142513,8100AF7E0,0.02,UK Pound,0.03,Australian Dollar,ACH,0,0.020420665713702265
2022/09/03 00:09,246242,8112D1C70,46152,81130D600,0.44,Mexican Peso,0.44,Mexican Peso,ACH,0,0.0219112593994323
2022/09/03 00:27,246242,8112D1C70,46152,81130D600,0.21,Mexican Peso,0.21,Mexican Peso,Wire,0,0.010457646531547234
2022/09/03 00:25,248739,812B8C090,248739,812B8C090,3.53,Mexican Peso,0.94,Brazil Real,ACH,0,0.1805747656370063
2022/09/03 00:18,74785,81BC3FD60,74785,81BC3FD61,9.85,US Dollar,0.000829,Bitcoin,ACH,0,4.180239418296237e-08
2022/09/03 00:07,20,81A306FC0,20,81A306FC1,158.22,Euro,0.015604,Bitcoin,ACH,0,7.868330022086186e-07
2022/09/03 00:03,71172,81A3156E0,71172,81A3156E1,10.74,Euro,0.001059,Bitcoin,ACH,0,5.3400163377270385e-08
2022/09/03 00:08,129888,80FA30121,129888,80FA30120,8e-06,Bitcoin,0.64,Yuan,Wire,0,0.09269182863598181
2022/09/03 00:05,273006,81B414C20,273006,81B414C21,4.08,US Dollar,0.000344,Bitcoin,ACH,0,1.734622870800851e-08
2022/09/03 00:15,69465,81BB61280,69465,81BB61281,3.28,US Dollar,0.000276,Bitcoin,Wire,0,1.3917323033169619e-08
2022/09/03 00:04,16679,8136C1341,16679,8136C1340,8e-06,Bitcoin,0.09,US Dollar,ACH,0,0.09
2022/09/03 00:17,16679,8136C1341,16679,8136C1340,1.2e-05,Bitcoin,0.14,US Dollar,ACH,0,0.14
2022/09/03 00:56,11,8000ECA90,21393,800AC5040,0.47,US Dollar,0.47,US Dollar,Wire,0,0.47
2022/09/03 00:47,1217,800910150,11701,800D76D80,0.25,US Dollar,0.25,US Dollar,Wire,0,0.25
2022/09/03 00:38,11,800D1AD80,28932,804F52230,0.69,US Dollar,0.69,US Dollar,ACH,0,0.69
2022/09/03 00:41,1,80005CA70,2368,805182900,0.32,US Dollar,0.32,US Dollar,ACH,0,0.32
2022/09/03 00:39,22031,8030C4240,15284,805D6D670,0.62,US Dollar,0.62,US Dollar,ACH,0,0.62
2022/09/03 00:50,224574,8099324C0,224574,8099324C0,0.92,US Dollar,67.66,Rupee,ACH,0,0.8484012539184953
2022/09/03 00:43,22481,804D3BD70,17256,811904040,0.18,US Dollar,0.18,US Dollar,Wire,0,0.18
2022/09/03 00:55,19856,806280370,19856,806280370,0.82,US Dollar,86.72,Yen,ACH,0,0.6186773203966612
2022/09/03 00:32,29158,80DA17EE0,146538,81565A490,0.33,US Dollar,0.33,US Dollar,ACH,0,0.33
2022/09/03 00:55,29158,80DA17EE0,146538,81565A490,0.02,US Dollar,0.02,US Dollar,Wire,0,0.02
2022/09/03 00:49,1807,815196330,171007,81AE180F0,0.33,US Dollar,0.33,US Dollar,Wire,0,0.33
2022/09/03 00:56,12274,80228FC60,5981,802B9D040,0.09,Euro,0.09,Euro,Wire,0,0.0898831519025267
2022/09/03 00:39,21444,8016D15B0,212854,805598550,0.54,Euro,0.54,Euro,Wire,0,0.5392989114151603
2022/09/03 00:55,12,803729CD0,29592,80457D640,111.88,Yen,111.88,Yen,ACH,0,0.798173646286652
2022/09/03 00:46,29572,805B57150,115648,808027E50,35.52,Yen,35.52,Yen,ACH,0,0.2534065777270458
2022/09/03 00:30,29572,805B57150,115648,808027E50,135.04,Yen,135.04,Yen,Wire,0,0.9634015837911108
2022/09/03 00:35,72,8087E4B20,123260,808A04E00,59.55,Rupee,59.55,Rupee,Wire,0,0.7467084639498432
2022/09/03 00:35,119732,808EFC890,124304,80A1906D0,72.58,Rupee,72.58,Rupee,Wire,0,0.9100940438871473
2022/09/03 00:52,123824,808C00170,128540,80A7C4BB0,0.88,Rupee,0.88,Rupee,Wire,0,0.01103448275862069
2022/09/03 00:51,119699,808FB3C00,23486,80A8F9C00,37.33,Rupee,37.33,Rupee,ACH,0,0.4680877742946708
2022/09/03 00:40,4894,807E41661,4894,807E41660,7e-06,Bitcoin,0.08,US Dollar,ACH,0,0.08
2022/09/03 00:58,4894,807E41661,4894,807E41660,3e-06,Bitcoin,0.04,US Dollar,Wire,0,0.04
2022/09/03 00:40,5394,80524ED81,5394,80524ED80,1e-06,Bitcoin,0.01,US Dollar,ACH,0,0.01
2022/09/03 00:48,5394,80524ED81,5394,80524ED80,1e-06,Bitcoin,0.01,US Dollar,ACH,0,0.01
2022/09/03 01:22,531,800B8C480,1,8030F7BB0,0.36,US Dollar,0.36,US Dollar,Wire,0,0.36
2022/09/03 01:26,214867,803125AC0,5855,806FC1650,0.64,US Dollar,0.64,US Dollar,ACH,0,0.64
2022/09/03 01:17,15355,806DBFC80,1807,8136D9B10,0.13,US Dollar,0.13,US Dollar,Wire,0,0.13
2022/09/03 01:23,224,8059E0A40,238352,816A56960,0.29,US Dollar,0.29,US Dollar,Wire,0,0.29
2022/09/03 01:28,1291,8002D0DA0,221024,818AA23F0,0.19,US Dollar,0.19,US Dollar,ACH,0,0.19
2022/09/03 01:13,1291,8002D0DA0,221024,818AA23F0,0.17,US Dollar,0.17,US Dollar,Wire,0,0.17
2022/09/03 01:10,11968,8005D27A0,22264,8016D1150,0.92,Euro,0.92,Euro,ACH,0,0.9188055527813842
2022/09/03 01:09,123260,808EAC270,123260,808EAC270,0.78,Euro,66.75,Rupee,ACH,0,0.8369905956112853
2022/09/03 01:26,14,809A5D360,24713,80A33DB00,3.55,Rupee,3.55,Rupee,ACH,0,0.044514106583072095
2022/09/03 01:02,19,810D814A0,1135,8112EAB50,6.05,Mexican Peso,6.05,Mexican Peso,Wire,0,0.3012798167421941
2022/09/03 01:11,158021,815A42580,59704,8165E9BD0,3.32,Shekel,3.32,Shekel,ACH,0,0.9825101358349856
2022/09/03 01:48,1812,800BB2070,15331,8030EA040,0.17,US Dollar,0.17,US Dollar,Wire,0,0.17
2022/09/03 01:59,11,8028E8F70,22129,8035B0670,0.61,US Dollar,0.61,US Dollar,ACH,0,0.61
2022/09/03 01:32,16263,804D6F220,19561,8075DBDA0,0.28,US Dollar,0.28,US Dollar,ACH,0,0.28
2022/09/03 01:55,224,800B2F5B0,239440,810E5F360,0.23,US Dollar,0.23,US Dollar,ACH,0,0.23
2022/09/03 01:44,24438,809062190,24438,80CE91200,0.09,US Dollar,0.09,US Dollar,ACH,0,0.09
2022/09/03 01:39,12,803B3CC20,12,803B3CC20,0.11,US Dollar,0.74,Yuan,ACH,0,0.10717492686035396
2022/09/03 01:35,12,803B3CC20,12,803B3CC20,0.25,US Dollar,1.67,Yuan,ACH,0,0.24186774034701503
2022/09/03 01:35,12,803B3CC20,148288,8146151A0,0.25,US Dollar,0.25,US Dollar,ACH,0,0.25
2022/09/03 01:58,227876,80DFB3970,134019,81AD373E0,0.2,US Dollar,0.2,US Dollar,ACH,0,0.2
2022/09/03 01:45,227876,80DFB3970,134019,81AD373E0,0.3,US Dollar,0.3,US Dollar,Wire,0,0.3
2022/09/03 01:51,2293,80587A2D0,47801,813687100,0.29,Euro,0.29,Euro,Wire,0,0.28962348946369715
2022/09/03 01:40,235676,80DFFB260,137293,80E035580,0.56,Canadian Dollar,0.56,Canadian Dollar,ACH,0,0.4262444816562643
2022/09/03 01:34,249523,812695720,11,813477530,3.23,Brazil Real,3.23,Brazil Real,ACH,0,0.6204856308590749
2022/09/03 01:54,163233,8175EF040,65300,818E4C2A0,1.72,Saudi Riyal,1.72,Saudi Riyal,ACH,0,0.45866666666666667
2022/09/03 02:19,216796,80C4EA990,19589,80C524630,0.09,US Dollar,0.09,US Dollar,ACH,0,0.09
2022/09/03 02:02,216796,80C4EA990,19589,80C524630,0.18,US Dollar,0.18,US Dollar,Wire,0,0.18
2022/09/03 02:01,15786,806B92710,21260,80CAC0620,0.44,US Dollar,0.44,US Dollar,ACH,0,0.44
2022/09/03 02:05,3500,81305F1D0,133539,81381B740,0.14,US Dollar,0.14,US Dollar,ACH,0,0.14
2022/09/03 02:16,26179,810CEA820,25443,816232D20,0.93,US Dollar,0.93,US Dollar,Wire,0,0.93
2022/09/03 02:25,23319,80EA093A0,149701,81A4C8D80,0.32,US Dollar,0.32,US Dollar,Wire,0,0.32
2022/09/03 02:07,56824,817DE6AC0,56824,81C174CF0,0.38,US Dollar,0.38,US Dollar,ACH,0,0.38
2022/09/03 02:19,1835,800A4C690,18624,805548560,0.46,Euro,0.46,Euro,ACH,0,0.4594027763906921
2022/09/03 02:12,1768,800DFB240,5436,80CA83E50,0.94,Euro,0.94,Euro,Wire,0,0.9387795865375012
2022/09/03 02:23,12055,800D06700,120478,817BB8B20,0.45,Euro,0.45,Euro,Wire,0,0.4494157595126336
2022/09/03 02:23,212,80F0D7F60,40904,80F3115F0,1.24,Australian Dollar,1.24,Australian Dollar,ACH,0,0.844054182833027
2022/09/03 02:28,252477,813AA11C0,52898,813C61ED0,0.87,Swiss Franc,0.87,Swiss Franc,ACH,0,0.8858838982964554
2022/09/03 02:26,53933,813EC21B0,254535,814E7E080,0.02,Swiss Franc,0.02,Swiss Franc,ACH,0,0.020365147087274837
2022/09/03 02:01,217862,80D464061,217862,80D464060,6.7e-05,Bitcoin,0.79,US Dollar,ACH,0,0.79
2022/09/03 02:27,22364,8015FE671,22364,8015FE670,3e-06,Bitcoin,0.04,US Dollar,ACH,0,0.04
2022/09/03 02:57,1394,80037DDE0,11265,801021460,0.52,US Dollar,0.52,US Dollar,ACH,0,0.52
2022/09/03 02:50,11046,800A181A0,25526,802B37A70,0.85,US Dollar,0.85,US Dollar,Wire,0,0.85
2022/09/03 02:42,23319,8013DF450,1439,802D603D0,0.57,US Dollar,0.57,US Dollar,ACH,0,0.57
2022/09/03 02:56,5621,807358CE0,110821,80817ABF0,0.27,US Dollar,0.27,US Dollar,Wire,0,0.27
2022/09/03 02:44,22086,80121C480,2175,809E8B1D0,0.8,US Dollar,0.8,US Dollar,Wire,0,0.8
2022/09/03 02:48,212996,8075A4A90,222439,80DFD5BC0,0.1,US Dollar,0.1,US Dollar,Wire,0,0.1
2022/09/03 02:38,25242,8025178C0,19589,814DF9F40,0.27,US Dollar,0.27,US Dollar,Wire,0,0.27
2022/09/03 02:56,215278,80662D430,17380,806F9B970,80.28,Yen,80.28,Yen,Wire,0,0.5727331097952487
2022/09/03 02:58,10,80D275690,135558,80D52DC40,0.02,Canadian Dollar,0.02,Canadian Dollar,ACH,0,0.015223017202009437
2022/09/03 02:55,135933,80D2A0EC0,136009,80D773380,0.63,Canadian Dollar,0.63,Canadian Dollar,ACH,0,0.4795250418632973
2022/09/03 02:49,8,80CFF0350,236335,80E3BBDC0,0.29,Canadian Dollar,0.29,Canadian Dollar,Wire,0,0.22073374942913682
2022/09/03 02:40,248756,8122EF900,49700,812918580,0.14,Brazil Real,0.14,Brazil Real,Wire,0,0.026894114031043498
2022/09/03 02:37,257433,815355FD0,59700,816290590,1.56,Shekel,1.56,Shekel,ACH,0,0.4616613891272824
2022/09/03 02:52,1231,805EFBA41,1231,805EFBA40,1e-06,Bitcoin,0.01,US Dollar,ACH,0,0.01
2022/09/03 02:36,132021,81B0BAE11,132021,81B0BAE10,9e-06,Bitcoin,0.1,US Dollar,Wire,0,0.1
2022/09/03 02:47,132021,81B0BAE11,132021,81B0BAE10,4e-06,Bitcoin,0.05,US Dollar,ACH,0,0.05
2022/09/03 02:53,132021,81B0BAE11,132021,81B0BAE10,1e-06,Bitcoin,0.01,US Dollar,ACH,0,0.01
2022/09/03 03:10,1217,8011B6DE0,3202,802556BA0,0.08,US Dollar,0.08,US Dollar,ACH,0,0.08
2022/09/03 03:14,1217,8011B6DE0,3202,802556BA0,0.03,US Dollar,0.03,US Dollar,Wire,0,0.03
2022/09/03 03:22,11265,8011E9AE0,1889,802ED9990,0.1,US Dollar,0.1,US Dollar,Wire,0,0.1
2022/09/03 03:19,22661,80EA856D0,1120,811B705A0,0.41,US Dollar,0.41,US Dollar,ACH,0,0.41
2022/09/03 03:13,115966,8060F9C30,139974,81594AA30,0.69,US Dollar,0.69,US Dollar,Wire,0,0.69
2022/09/03 03:02,394,8009F63A0,11255,8196DA800,0.85,US Dollar,0.85,US Dollar,ACH,0,0.85
2022/09/03 03:10,15516,80264CBC0,3460,802A2FDB0,0.12,Euro,0.12,Euro,ACH,0,0.11984420253670228
2022/09/03 03:29,15516,80264CBC0,3460,802A2FDB0,0.16,Euro,0.16,Euro,Wire,0,0.15979227004893637
2022/09/03 03:13,215557,807F62690,21652,808139A10,20.91,Yen,20.91,Yen,ACH,0,0.14917600057073555
2022/09/03 03:15,5,808C6FCF0,124359,8096832B0,41.19,Rupee,41.19,Rupee,ACH,0,0.5164890282131661
2022/09/03 03:27,18,81739E770,263431,817D4DE50,0.08,Saudi Riyal,0.08,Saudi Riyal,ACH,0,0.021333333333333333
2022/09/03 03:03,21260,8085A09D1,21260,8085A09D0,1e-06,Bitcoin,0.02,US Dollar,ACH,0,0.02
2022/09/03 03:19,21260,8085A09D1,21260,8085A09D0,1e-06,Bitcoin,0.01,US Dollar,Wire,0,0.01
2022/09/03 03:18,238352,813947EF1,238352,813947EF0,2e-06,Bitcoin,0.03,US Dollar,ACH,0,0.03
2022/09/03 03:07,238352,813947EF1,238352,813947EF0,1e-06,Bitcoin,0.01,US Dollar,ACH,0,0.01
2022/09/03 03:15,18840,810929291,18840,810929290,1e-06,Bitcoin,0.01,US Dollar,ACH,0,0.01
2022/09/03 03:46,12,80005C2E0,224,8001FBC30,0.97,US Dollar,0.97,US Dollar,ACH,0,0.97
2022/09/03 03:35,11222,801687630,1439,805FFD070,0.55,US Dollar,0.55,US Dollar,Wire,0,0.55
2022/09/03 03:39,15740,806A4A550,15740,806A4A550,1.22,US Dollar,128.84,Yen,ACH,0,0.9191695797959621
2022/09/03 03:36,15740,806A4A550,15740,806A4A550,0.31,US Dollar,33.14,Yen,ACH,0,0.23642719554826286
2022/09/03 03:35,15740,806A4A550,15740,806A4A550,0.21,US Dollar,22.5,Yen,ACH,0,0.16051936933723338
2022/09/03 03:32,498,80084CCD0,21444,800EC5460,0.74,Euro,0.74,Euro,Wire,0,0.7390392489763307
2022/09/03 03:47,20,8000626A0,6269,802697A30,0.5,Euro,0.5,Euro,ACH,0,0.49935084390292617
2022/09/03 03:42,116186,8063C4860,118293,806C7DA60,0.11,Euro,0.11,Euro,ACH,0,0.10985718565864376
2022/09/03 03:41,116186,8063C4860,118293,806C7DA60,0.03,Euro,0.03,Euro,Wire,0,0.02996105063417557
2022/09/03 03:42,25856,8080A9B60,212418,806E176F0,0.9,Euro,0.9,Euro,ACH,0,0.8988315190252671
2022/09/03 03:33,25856,8080A9B60,212418,806E176F0,0.93,Euro,0.93,Euro,Wire,0,0.9287925696594427
2022/09/03 03:45,12055,8053AF820,123519,8116A0410,0.55,Euro,0.55,Euro,ACH,0,0.5492859282932188
2022/09/03 03:37,17096,806A222E0,17891,807975910,51.6,Yen,51.6,Yen,ACH,0,0.3681244203467219
2022/09/03 03:45,3718,80215F8C0,3718,80215F8C0,0.44,UK Pound,0.57,US Dollar,ACH,0,0.57
2022/09/03 03:45,117105,8119C39E0,117105,8119C39E0,1.89,Saudi Riyal,0.43,Euro,ACH,0,0.4294417257565165
2022/09/03 03:45,117105,8119C39E0,115,818D700A0,1.89,Saudi Riyal,1.89,Saudi Riyal,Wire,0,0.504
2022/09/03 03:46,13210,810D16561,13210,810D16560,9e-06,Bitcoin,0.1,US Dollar,Wire,0,0.1
2022/09/03 03:37,13210,810D16561,13210,810D16560,4.7e-05,Bitcoin,0.56,US Dollar,Wire,0,0.56
2022/09/03 03:40,13210,810D16561,13210,810D16560,6e-06,Bitcoin,0.07,US Dollar,ACH,0,0.07
2022/09/03 03:56,1277,801747551,1277,801747550,2e-06,Bitcoin,0.02,US Dollar,Wire,0,0.02
2022/09/03 03:31,1277,801747551,1277,801747550,1e-06,Bitcoin,0.01,US Dollar,ACH,0,0.01
2022/09/03 04:06,214107,80B7FFC00,25443,80C508B50,0.21,US Dollar,0.21,US Dollar,ACH,0,0.21
2022/09/03 04:02,118840,807595990,115966,816ACB2C0,0.58,US Dollar,0.58,US Dollar,ACH,0,0.58
2022/09/03 04:27,12,803B3CC20,12,803B3CC20,1.0,US Dollar,6.68,Yuan,ACH,0,0.9674709613880601
2022/09/03 04:06,228849,812D75480,23319,817720190,0.06,US Dollar,0.06,US Dollar,Wire,0,0.06
2022/09/03 04:26,425,802260690,5436,8032E6110,0.3,Euro,0.3,Euro,ACH,0,0.2996105063417557
2022/09/03 04:01,12503,801D534A0,12274,806E0F2E0,0.15,Euro,0.15,Euro,Wire,0,0.14980525317087784
2022/09/03 04:22,26,80290ABE0,19521,8049B42B0,2.68,Yuan,2.68,Yuan,Wire,0,0.38814703241317383
2022/09/03 04:08,10,8122DD860,116,8123219F0,2.83,Brazil Real,2.83,Brazil Real,ACH,0,0.5436453050560935
2022/09/03 04:05,157948,816153580,58138,816227AD0,1.44,Shekel,1.44,Shekel,Wire,0,0.4261489745790299
2022/09/03 04:08,126588,816CA6A01,126588,816CA6A00,1e-05,Bitcoin,0.12,US Dollar,ACH,0,0.12
2022/09/03 04:23,126588,816CA6A01,126588,816CA6A00,2e-05,Bitcoin,0.24,US Dollar,ACH,0,0.24
2022/09/03 04:22,227006,80AE0A901,227006,80AE0A900,5e-06,Bitcoin,0.05,Euro,ACH,0,0.049935084390292615
2022/09/03 04:17,227006,80AE0A901,227006,80AE0A900,3.9e-05,Bitcoin,0.4,Euro,ACH,0,0.3994806751223409
2022/09/03 04:14,11265,805923411,11265,805923410,6e-06,Bitcoin,0.07,US Dollar,ACH,0,0.07
2022/09/03 04:15,11265,805923411,11265,805923410,6e-06,Bitcoin,0.07,US Dollar,ACH,0,0.07
2022/09/03 04:28,11,804350CA1,11,804350CA0,1e-06,Bitcoin,0.09,Yuan,ACH,0,0.01303478840193494
2022/09/03 04:16,11,804350CA1,11,804350CA0,1e-06,Bitcoin,0.09,Yuan,ACH,0,0.01303478840193494
2022/09/03 04:46,23319,804604310,11305,805E97430,0.58,US Dollar,0.58,US Dollar,Wire,0,0.58
2022/09/03 04:38,110821,804256540,21260,8064F4DC0,0.18,US Dollar,0.18,US Dollar,ACH,0,0.18
2022/09/03 04:39,1277,806A88340,1807,8139DBE10,0.25,US Dollar,0.25,US Dollar,Wire,0,0.25
2022/09/03 04:32,1217,805D57100,17831,813C06A30,0.13,US Dollar,0.13,US Dollar,Wire,0,0.13
2022/09/03 04:54,18990,814AB21B0,126883,81A1F77D0,0.35,US Dollar,0.35,US Dollar,Wire,0,0.35
2022/09/03 04:33,26922,8029D2AA0,17213,80351D250,0.1,Yuan,0.1,Yuan,Wire,0,0.014483098224372158
2022/09/03 04:59,15,803D99910,13191,804DCF760,0.74,Yuan,0.74,Yuan,Wire,0,0.10717492686035396
2022/09/03 04:32,29867,803DA17D0,212405,804F356E0,6.63,Yuan,6.63,Yuan,ACH,0,0.960229412275874
2022/09/03 04:59,29867,803DA17D0,212405,804F356E0,4.1,Yuan,4.1,Yuan,Wire,0,0.5938070271992584
2022/09/03 04:43,29867,804EA19C0,12469,8053FFC00,4.39,Yuan,4.39,Yuan,Wire,0,0.6358080120499376
2022/09/03 04:47,26,8087E39A0,72,808C3E940,36.91,Rupee,36.91,Rupee,Wire,0,0.46282131661442
2022/09/03 04:40,232857,80C8CE730,135422,80CFAB900,0.46,UK Pound,0.46,UK Pound,Wire,0,0.5319271953560444
2022/09/03 04:54,41126,80F4CFE10,110,80F514910,0.94,Australian Dollar,0.94,Australian Dollar,ACH,0,0.6398475256960043
2022/09/03 04:53,122779,80EA05A61,122779,80EA05A60,3.5e-05,Bitcoin,0.41,US Dollar,ACH,0,0.41
2022/09/03 04:43,4894,80B853B61,4894,80B853B60,1.9e-05,Bitcoin,0.23,US Dollar,ACH,0,0.23
2022/09/03 05:03,224,8001DC0F0,531,80050FB20,0.13,US Dollar,0.13,US Dollar,Wire,0,0.13
2022/09/03 05:26,224,800158D80,1277,8019E0A60,0.08,US Dollar,0.08,US Dollar,ACH,0,0.08
2022/09/03 05:24,13210,803C48AC0,22031,8119F18F0,0.29,US Dollar,0.29,US Dollar,ACH,0,0.29
2022/09/03 05:27,226436,8116F8E60,121335,811A665C0,0.51,US Dollar,0.51,US Dollar,ACH,0,0.51
2022/09/03 05:13,118681,8075555A0,226290,8155FA500,0.89,US Dollar,0.89,US Dollar,ACH,0,0.89
2022/09/03 05:06,9856,80494B800,9856,80494B800,0.41,US Dollar,2.73,Yuan,ACH,0,0.3953885815253599
2022/09/03 05:14,12,801587680,150269,818552B50,0.34,US Dollar,0.34,US Dollar,Wire,0,0.34
2022/09/03 05:27,15726,806F2E2F0,15726,806F2E2F0,1.19,US Dollar,125.25,Yen,ACH,0,0.8935578226439325
2022/09/03 05:17,0,800064CA0,11437,8035E3560,0.94,Euro,0.94,Euro,ACH,0,0.9387795865375012
2022/09/03 05:01,0,800064CA0,11437,8035E3560,0.09,Euro,0.09,Euro,Wire,0,0.0898831519025267
2022/09/03 05:02,27,8028C83E0,229822,80FA22A40,6.42,Yuan,6.42,Yuan,ACH,0,0.9298149060046925
2022/09/03 05:06,41348,80FE32B20,143711,8108BF9E0,0.45,Australian Dollar,0.45,Australian Dollar,Wire,0,0.30630998570553397
2022/09/03 05:11,153743,813C29500,156900,814EA13E0,0.21,Swiss Franc,0.21,Swiss Franc,ACH,0,0.2138340444163858
2022/09/03 05:03,157948,8159F8430,258799,815D4EE50,1.23,Shekel,1.23,Shekel,Wire,0,0.364002249119588
2022/09/03 05:26,63940,817B15D20,165768,81819BA10,0.53,Saudi Riyal,0.53,Saudi Riyal,ACH,0,0.14133333333333334
2022/09/03 05:25,220822,808171E31,220822,808171E30,7e-06,Bitcoin,0.08,US Dollar,ACH,0,0.08
2022/09/03 05:02,220822,808171E31,220822,808171E30,4e-06,Bitcoin,0.04,US Dollar,ACH,0,0.04
2022/09/03 05:10,234116,80CA1C091,234116,80CA1C090,5e-06,Bitcoin,0.04,UK Pound,ACH,0,0.04625453872661255
2022/09/03 05:05,234116,80CA1C091,234116,80CA1C090,1.7e-05,Bitcoin,0.15,UK Pound,ACH,0,0.17345452022479704
2022/09/03 05:36,29158,804A849F0,14408,804D35150,0.85,US Dollar,0.85,US Dollar,Wire,0,0.85
2022/09/03 05:46,1638,805D9D500,37524,813B64890,0.06,US Dollar,0.06,US Dollar,Wire,0,0.06
2022/09/03 05:36,5621,806452E40,159702,816D89E20,0.99,US Dollar,0.99,US Dollar,ACH,0,0.99
2022/09/03 05:52,425,802316060,219353,80EA19ED0,0.15,Euro,0.15,Euro,Wire,0,0.14980525317087784
2022/09/03 05:58,21048,80A183750,7839,811BBCBA0,0.56,Euro,0.56,Euro,ACH,0,0.5592729451712773
2022/09/03 05:36,6090,8105B0450,247976,813FAE4E0,0.67,Euro,0.67,Euro,ACH,0,0.6691301308299211
2022/09/03 05:48,600,800D6AD10,25307,81BCDA1F0,0.93,Euro,0.93,Euro,Wire,0,0.9287925696594427
2022/09/03 05:56,7082,80340C570,110134,80499FBB0,1.49,Yuan,1.49,Yuan,Wire,0,0.21579816354314513
2022/09/03 05:43,5,800080760,72,808B96950,72.08,Rupee,72.08,Rupee,Wire,0,0.9038244514106583
2022/09/03 06:21,11046,80161EF00,28393,80BA73C70,0.69,US Dollar,0.69,US Dollar,ACH,0,0.69
2022/09/03 06:01,1217,8004B0300,230733,80E1B43A0,0.23,US Dollar,0.23,US Dollar,Wire,0,0.23
2022/09/03 06:10,22435,810638A50,3653,812838920,0.73,US Dollar,0.73,US Dollar,Wire,0,0.73
2022/09/03 06:19,21566,8034BD250,14648,814770C70,0.66,US Dollar,0.66,US Dollar,Wire,0,0.66
2022/09/03 06:11,212730,80716D790,162225,817484EB0,0.46,US Dollar,0.46,US Dollar,ACH,0,0.46
2022/09/03 06:14,498,802E1A550,11314,805E158D0,0.88,Euro,0.88,Euro,ACH,0,0.8788574852691501
2022/09/03 06:02,11314,802C3F280,6829,807857310,0.72,Euro,0.72,Euro,Wire,0,0.7190652152202136
2022/09/03 06:19,11,8078144A0,15763,813670C50,0.85,Euro,0.85,Euro,ACH,0,0.8488964346349744
2022/09/03 06:06,29844,803B273C0,13191,80CB8D310,4.7,Yuan,4.7,Yuan,ACH,0,0.6807056165454914
2022/09/03 06:27,117912,806828470,220421,80802B970,34.19,Yen,34.19,Yen,ACH,0,0.24391809945066706
2022/09/03 06:25,27,80ACF4B10,18,80AFA8890,40.8,Ruble,40.8,Ruble,Wire,0,0.6747035769211688
2022/09/03 06:13,212,80EFEA500,241503,80F7CB100,0.03,Australian Dollar,0.03,Australian Dollar,ACH,0,0.020420665713702265
2022/09/03 06:27,212,80EFEA500,241503,80F7CB100,0.04,Australian Dollar,0.04,Australian Dollar,Wire,0,0.027227554284936353
2022/09/03 06:42,20,800179890,349,8005C62E0,0.79,US Dollar,0.79,US Dollar,ACH,0,0.79
2022/09/03 06:36,21566,802B1C5E0,18656,80388DEE0,0.09,US Dollar,0.09,US Dollar,Wire,0,0.09
2022/09/03 06:52,18840,8045DEBB0,113016,8065A0000,0.45,US Dollar,0.45,US Dollar,ACH,0,0.45
2022/09/03 06:59,18840,8045DEBB0,113016,8065A0000,0.7,US Dollar,0.7,US Dollar,Wire,0,0.7
2022/09/03 06:45,2860,8005B73A0,115771,80A4F0230,0.9,US Dollar,0.9,US Dollar,Wire,0,0.9
2022/09/03 06:45,216796,807278030,229026,80B8319B0,0.17,US Dollar,0.17,US Dollar,ACH,0,0.17
2022/09/03 06:45,23041,80B2EC280,223113,80BC7B240,0.11,US Dollar,0.11,US Dollar,Wire,0,0.11
2022/09/03 06:50,215239,811F66190,137074,8144D1840,0.6,US Dollar,0.6,US Dollar,ACH,0,0.6
2022/09/03 06:36,0,800A1B3D0,2514,800D58AE0,0.09,Euro,0.09,Euro,ACH,0,0.0898831519025267
2022/09/03 06:40,117861,807757D90,27737,807B747E0,0.08,Euro,0.08,Euro,ACH,0,0.07989613502446818
2022/09/03 06:50,117861,807757D90,27737,807B747E0,0.2,Euro,0.2,Euro,Wire,0,0.19974033756117046
2022/09/03 06:32,1768,800D313B0,229425,811A3C4D0,0.69,Euro,0.69,Euro,ACH,0,0.6891041645860381
2022/09/03 06:35,9856,8039C9460,9530,80504A9B0,0.71,Yuan,0.71,Yuan,ACH,0,0.10282999739304231
2022/09/03 06:59,17096,80681DD80,117286,8079F20A0,139.27,Yen,139.27,Yen,ACH,0,0.9935792252265109
2022/09/03 06:32,17096,80681DD80,117286,8079F20A0,101.54,Yen,101.54,Yen,Wire,0,0.7244060783334524
2022/09/03 06:51,18,80452F4B0,116914,8086B4B40,80.7,Yen,80.7,Yen,Wire,0,0.5757294713562104
2022/09/03 06:44,53905,813BD0E20,253379,813CBD670,0.11,Swiss Franc,0.11,Swiss Franc,ACH,0,0.11200830898001161
2022/09/03 06:48,158021,8159600B0,58848,815F560A0,3.32,Shekel,3.32,Shekel,Wire,0,0.9825101358349856
2022/09/03 06:48,216,8000E14F0,217,817151620,0.58,Saudi Riyal,0.58,Saudi Riyal,ACH,0,0.15466666666666665
2022/09/03 06:46,18,817F7E650,115,81810C3F0,0.71,Saudi Riyal,0.71,Saudi Riyal,Wire,0,0.18933333333333333
2022/09/03 06:53,16262,80D414FC1,16262,80D414FC0,1e-06,Bitcoin,0.01,US Dollar,Wire,0,0.01
2022/09/03 06:38,16262,80D414FC1,16262,80D414FC0,1e-06,Bitcoin,0.01,US Dollar,ACH,0,0.01
2022/09/03 06:47,5571,811AFB9B1,5571,811AFB9B0,5e-06,Bitcoin,0.06,US Dollar,Wire,0,0.06
2022/09/03 06:44,24317,80319DEF1,24317,80319DEF0,1.2e-05,Bitcoin,0.15,US Dollar,ACH,0,0.15
2022/09/03 06:50,24317,80319DEF1,24317,80319DEF0,2.3e-05,Bitcoin,0.27,US Dollar,ACH,0,0.27
2022/09/03 07:02,349,800997340,1422,801120820,0.8,US Dollar,0.8,US Dollar,ACH,0,0.8
2022/09/03 07:26,1291,8003CF060,13354,8014D32F0,0.79,US Dollar,0.79,US Dollar,Wire,0,0.79
2022/09/03 07:27,20,80005E480,1217,801605C80,0.19,US Dollar,0.19,US Dollar,ACH,0,0.19
2022/09/03 07:28,11701,80131CA00,13821,801B3A290,0.75,US Dollar,0.75,US Dollar,Wire,0,0.75
2022/09/03 07:13,8801,8050F5730,113213,8088AA300,0.79,US Dollar,0.79,US Dollar,Wire,0,0.79
2022/09/03 07:05,5617,805E22500,24999,80CB36890,0.98,US Dollar,0.98,US Dollar,Wire,0,0.98
2022/09/03 07:27,12274,800E80510,14,801AD3980,0.26,Euro,0.26,Euro,ACH,0,0.2596624388295216
2022/09/03 07:05,13590,802EA3850,15461,807C4C440,0.91,Euro,0.91,Euro,ACH,0,0.9088185359033256
2022/09/03 07:20,17353,8079980A0,123440,80AA036D0,0.04,Euro,0.04,Euro,Wire,0,0.03994806751223409
2022/09/03 07:06,117105,80E97A0E0,244413,811B7C300,0.62,Euro,0.62,Euro,ACH,0,0.6191950464396284
2022/09/03 07:14,117105,80E97A0E0,244413,811B7C300,0.94,Euro,0.94,Euro,Wire,0,0.9387795865375012
2022/09/03 07:28,44720,812E417B0,22026,816B13920,0.44,Euro,0.44,Euro,Wire,0,0.43942874263457504
2022/09/03 07:22,27,802CCA580,26,804E27BE0,4.31,Yuan,4.31,Yuan,Wire,0,0.62422153347044
2022/09/03 07:23,112,813EC5F50,254535,8142EC6A0,0.19,Swiss Franc,0.19,Swiss Franc,ACH,0,0.19346889732911096
2022/09/03 07:00,256566,814EC36A0,18,814F44D60,0.44,Swiss Franc,0.44,Swiss Franc,ACH,0,0.44803323592004646
2022/09/03 07:21,9096,80540B791,9096,80540B790,2e-06,Bitcoin,0.14,Yuan,ACH,0,0.020276337514121022
2022/09/03 07:15,9096,80540B791,9096,80540B790,1e-06,Bitcoin,0.07,Yuan,ACH,0,0.010138168757060511
2022/09/03 07:17,226290,812C80CB1,226290,812C80CB0,1e-06,Bitcoin,0.01,US Dollar,ACH,0,0.01
2022/09/03 07:22,226290,812C80CB1,226290,812C80CB0,1e-06,Bitcoin,0.02,US Dollar,ACH,0,0.02
2022/09/03 07:34,12063,800BA6940,12063,800F4C050,0.33,US Dollar,0.33,US Dollar,Wire,0,0.33
2022/09/03 07:31,349,8014AA100,13703,802C9FB20,0.16,US Dollar,0.16,US Dollar,Wire,0,0.16
2022/09/03 07:43,213123,8075651A0,220015,807F51820,0.1,US Dollar,0.1,US Dollar,ACH,0,0.1
2022/09/03 07:59,220188,807FA4E00,22031,808D4EAA0,0.46,US Dollar,0.46,US Dollar,Wire,0,0.46
2022/09/03 07:58,221100,808275780,110777,80A622CF0,0.64,US Dollar,0.64,US Dollar,Wire,0,0.64
2022/09/03 07:37,13703,805FEBD60,16739,80FBD06B0,0.24,US Dollar,0.24,US Dollar,ACH,0,0.24
2022/09/03 07:50,5617,805536460,218072,810F62D70,0.25,US Dollar,0.25,US Dollar,ACH,0,0.25
2022/09/03 07:30,5617,805536460,218072,810F62D70,0.96,US Dollar,0.96,US Dollar,Wire,0,0.96
2022/09/03 07:33,10073,803B43050,113804,8085CDE20,0.76,Yuan,0.76,Yuan,ACH,0,0.1100715465052284
2022/09/03 07:39,14,8072509D0,119732,808AC9640,5.55,Rupee,5.55,Rupee,ACH,0,0.06959247648902821
2022/09/03 07:33,26169,809C91C70,127170,80A80D310,41.6,Rupee,41.6,Rupee,Wire,0,0.5216300940438872
2022/09/03 07:53,17,8000A15E0,8,80D066010,0.16,Canadian Dollar,0.16,Canadian Dollar,ACH,0,0.1217841376160755
2022/09/03 07:38,17,8000A15E0,8,80D066010,0.23,Canadian Dollar,0.23,Canadian Dollar,Wire,0,0.17506469782310854
2022/09/03 07:43,135933,80D66DA40,235735,80E55D260,0.92,Canadian Dollar,0.92,Canadian Dollar,Wire,0,0.7002587912924342
2022/09/03 07:46,235676,80D9A4F80,39213,80E6C3850,0.62,Canadian Dollar,0.62,Canadian Dollar,Wire,0,0.4719135332622926
2022/09/03 07:38,241036,80F9FDBD0,41335,80FBF0470,1.01,Australian Dollar,1.01,Australian Dollar,ACH,0,0.687495745694643
2022/09/03 07:40,241036,80F9FDBD0,41335,80FBF0470,0.27,Australian Dollar,0.27,Australian Dollar,Wire,0,0.18378599142332042
2022/09/03 07:58,10,811DB6860,10,811DDECD0,2.87,Brazil Real,2.87,Brazil Real,ACH,0,0.5513293376363917
2022/09/03 07:43,10,811DB6860,10,811DDECD0,4.2,Brazil Real,4.2,Brazil Real,Wire,0,0.8068234209313049
2022/09/03 07:38,50707,812EA1190,148894,8132518B0,2.12,Brazil Real,2.12,Brazil Real,Wire,0,0.4072537267558015
2022/09/03 07:41,17256,806BD8EC0,17256,806BD8EC0,1.82,Saudi Riyal,0.49,US Dollar,ACH,0,0.49
2022/09/03 07:52,17256,806BD8EC0,17256,806BD8EC0,1.3,Saudi Riyal,0.35,US Dollar,ACH,0,0.35
2022/09/03 07:52,17256,806BD8EC0,17256,806BD8EC0,0.04,Saudi Riyal,0.01,US Dollar,ACH,0,0.01
2022/09/03 07:52,17256,806BD8EC0,115,818D2DC20,0.04,Saudi Riyal,0.04,Saudi Riyal,ACH,0,0.010666666666666666
2022/09/03 07:51,17256,806BD8EC0,17256,806BD8EC0,0.12,Saudi Riyal,0.03,US Dollar,ACH,0,0.03
2022/09/03 07:51,17256,806BD8EC0,115,818D2DC20,0.12,Saudi Riyal,0.12,Saudi Riyal,Wire,0,0.032
2022/09/03 07:41,263574,81895B010,167626,818DF2D00,0.16,Saudi Riyal,0.16,Saudi Riyal,ACH,0,0.042666666666666665
2022/09/03 07:40,263574,81895B010,167626,818DF2D00,0.04,Saudi Riyal,0.04,Saudi Riyal,Wire,0,0.010666666666666666
2022/09/03 07:35,63587,817FD7230,167819,819466DF0,0.03,Saudi Riyal,0.03,Saudi Riyal,ACH,0,0.008
2022/09/03 07:51,213123,8057CF451,213123,8057CF450,1e-06,Bitcoin,0.01,US Dollar,Wire,0,0.01
2022/09/03 08:15,20,800543060,20,80072C120,0.33,US Dollar,0.33,US Dollar,ACH,0,0.33
2022/09/03 08:09,234717,811E14BB0,21647,8123DD050,0.77,US Dollar,0.77,US Dollar,ACH,0,0.77
2022/09/03 08:28,9715,81479D6D0,35798,817478D50,0.09,US Dollar,0.09,US Dollar,ACH,0,0.09
2022/09/03 08:15,24317,805DCFD90,133620,818C8FAA0,0.15,US Dollar,0.15,US Dollar,ACH,0,0.15
2022/09/03 08:21,24317,805DCFD90,133620,818C8FAA0,0.19,US Dollar,0.19,US Dollar,Wire,0,0.19
2022/09/03 08:27,12055,801A9A8C0,11437,801DB7330,0.25,Euro,0.25,Euro,ACH,0,0.24967542195146308
2022/09/03 08:07,12055,801A9A8C0,11437,801DB7330,0.32,Euro,0.32,Euro,Wire,0,0.31958454009787274
2022/09/03 08:03,215557,806461090,215557,806461090,1.07,Euro,132.35,Yen,ACH,0,0.9442106014125705
2022/09/03 08:29,123519,80B1AD8C0,25400,8116BCAE0,0.49,Euro,0.49,Euro,ACH,0,0.48936382702486764
2022/09/03 08:08,17059,80DC75570,5082,815167690,0.9,Euro,0.9,Euro,Wire,0,0.8988315190252671
2022/09/03 08:15,13,8038C8B00,11832,807FC66B0,116.58,Yen,116.58,Yen,ACH,0,0.8317043589926518
2022/09/03 08:16,63834,817B98C50,263574,817E47270,1.07,Saudi Riyal,1.07,Saudi Riyal,ACH,0,0.2853333333333333
2022/09/03 08:23,63834,817B98C50,263574,817E47270,0.16,Saudi Riyal,0.16,Saudi Riyal,Wire,0,0.042666666666666665
2022/09/03 08:14,220015,80C4EA211,220015,80C4EA210,6.1e-05,Bitcoin,0.72,US Dollar,Wire,0,0.72
2022/09/03 08:21,115114,808D85791,115114,808D85790,4e-06,Bitcoin,0.05,US Dollar,Wire,0,0.05
2022/09/03 08:26,115114,808D85791,115114,808D85790,1.3e-05,Bitcoin,0.16,US Dollar,ACH,0,0.16
2022/09/03 08:49,22031,801CA3A00,22129,80412E5D0,0.27,US Dollar,0.27,US Dollar,ACH,0,0.27
2022/09/03 08:42,1231,800A90040,11265,8055B0930,0.33,US Dollar,0.33,US Dollar,ACH,0,0.33
2022/09/03 08:30,12204,800CF6900,13243,80FB99A80,0.27,US Dollar,0.27,US Dollar,Wire,0,0.27
2022/09/03 08:37,217226,80B9A50B0,24633,812E98110,0.15,US Dollar,0.15,US Dollar,Wire,0,0.15
2022/09/03 08:54,118681,80A4135C0,51448,815D1B980,0.59,US Dollar,0.59,US Dollar,Wire,0,0.59
2022/09/03 08:53,25017,810A2CD30,226659,81AC2AC80,0.94,US Dollar,0.94,US Dollar,Wire,0,0.94
2022/09/03 08:36,114983,8088132D0,7272,811A43D60,0.02,Euro,0.02,Euro,ACH,0,0.019974033756117046
2022/09/03 08:45,12274,802B9E8A0,235977,8123CA8A0,0.4,Euro,0.4,Euro,ACH,0,0.3994806751223409
2022/09/03 08:48,29592,8045973F0,122538,81573F0D0,56.92,Yen,56.92,Yen,ACH,0,0.4060783334522366
2022/09/03 08:42,123824,809F1B4B0,27037,80A8799B0,53.31,Rupee,53.31,Rupee,Wire,0,0.6684639498432602
2022/09/03 08:44,259272,8162A2740,157900,816737830,2.12,Shekel,2.12,Shekel,ACH,0,0.6273859903524607
2022/09/03 08:53,1422,803EEDC91,1422,803EEDC90,6.8e-05,Bitcoin,0.81,US Dollar,ACH,0,0.81
2022/09/03 08:50,1422,803EEDC91,1422,803EEDC90,6e-06,Bitcoin,0.07,US Dollar,ACH,0,0.07
2022/09/03 08:45,3533,804AD5281,3533,804AD5280,1.3e-05,Bitcoin,0.15,US Dollar,Wire,0,0.15
2022/09/03 08:55,9096,80356BD61,9096,80356BD60,5e-06,Bitcoin,0.39,Yuan,ACH,0,0.056484083075051414
2022/09/03 08:47,9096,80356BD61,9096,80356BD60,7e-06,Bitcoin,0.55,Yuan,ACH,0,0.07965704023404686
2022/09/03 09:14,22086,8011FD3A0,5394,80458ADC0,0.16,US Dollar,0.16,US Dollar,ACH,0,0.16
2022/09/03 09:11,110400,805565050,110400,805565050,0.83,US Dollar,5.55,Yuan,ACH,0,0.8038119514526547
2022/09/03 09:11,110400,805565050,1812,807CF5BA0,0.83,US Dollar,0.83,US Dollar,ACH,0,0.83
2022/09/03 09:26,1217,8001E84A0,28865,80D20E590,0.32,US Dollar,0.32,US Dollar,Wire,0,0.32
2022/09/03 09:23,21260,805D1E930,131099,81432A140,0.15,US Dollar,0.15,US Dollar,Wire,0,0.15
2022/09/03 09:28,1439,816318A80,21647,816461E90,0.57,US Dollar,0.57,US Dollar,Wire,0,0.57
2022/09/03 09:10,217073,806A5E130,217073,806A5E130,1.33,US Dollar,139.88,Yen,ACH,0,0.9979310836840979
2022/09/03 09:15,217073,806A5E130,217073,806A5E130,0.18,US Dollar,19.44,Yen,ACH,0,0.13868873510736965
2022/09/03 09:15,217073,806A5E130,18890,8181F6DA0,0.18,US Dollar,0.18,US Dollar,ACH,0,0.18
2022/09/03 09:14,20,80082FA20,600,800988D00,0.79,Euro,0.79,Euro,ACH,0,0.7889743333666234
2022/09/03 09:09,20,80082FA20,600,800988D00,0.24,Euro,0.24,Euro,Wire,0,0.23968840507340455
2022/09/03 09:05,6058,806C17E20,4308,8090B1D30,0.91,Euro,0.91,Euro,ACH,0,0.9088185359033256
2022/09/03 09:07,1720,802DF49E0,51510,817DD9BE0,0.7,Euro,0.7,Euro,ACH,0,0.6990911814640965
2022/09/03 09:10,4,8059F0710,117284,806626560,6.54,Yen,6.54,Yen,Wire,0,0.046657630020689164
2022/09/03 09:05,117960,806A4F220,17180,808081380,19.58,Yen,19.58,Yen,Wire,0,0.13968752229435685
2022/09/03 09:03,7,80C8CF220,134744,817E6C3C0,0.56,UK Pound,0.56,UK Pound,Wire,0,0.6475635421725757
2022/09/03 09:21,36096,80DF72E20,136424,80E2538A0,1.14,Canadian Dollar,1.14,Canadian Dollar,ACH,0,0.8677119805145379
2022/09/03 09:17,233005,80D383DE1,233005,80D383DE0,9e-06,Bitcoin,0.11,US Dollar,ACH,0,0.11
2022/09/03 09:05,233005,80D383DE1,233005,80D383DE0,5e-06,Bitcoin,0.06,US Dollar,ACH,0,0.06
2022/09/03 09:52,20,80103F3B0,11222,8011B4120,0.03,US Dollar,0.03,US Dollar,Wire,0,0.03
2022/09/03 09:33,1638,8055912D0,22481,80ABD7EA0,0.5,US Dollar,0.5,US Dollar,ACH,0,0.5
2022/09/03 09:41,1638,8055912D0,22481,80ABD7EA0,0.05,US Dollar,0.05,US Dollar,Wire,0,0.05
2022/09/03 09:34,1291,80062C100,12063,80D363F60,0.85,US Dollar,0.85,US Dollar,Wire,0,0.85
2022/09/03 09:54,117694,80898C130,1807,81916FDB0,0.08,US Dollar,0.08,US Dollar,ACH,0,0.08
2022/09/03 09:55,425,800577310,11314,8007AB810,0.07,Euro,0.07,Euro,ACH,0,0.06990911814640967
2022/09/03 09:47,15680,803A8F740,15680,803A8F740,0.26,Euro,0.31,US Dollar,ACH,0,0.31
2022/09/03 09:47,15680,803A8F740,5294,80A9D17C0,0.26,Euro,0.26,Euro,ACH,0,0.2596624388295216
2022/09/03 09:40,115212,80B945690,138920,80FE89540,0.18,Euro,0.18,Euro,ACH,0,0.1797663038050534
2022/09/03 09:48,7082,804FFE610,7080,809B9BB20,6.8,Yuan,6.8,Yuan,ACH,0,0.9848506792573066
2022/09/03 09:40,7082,804FFE610,7080,809B9BB20,3.38,Yuan,3.38,Yuan,Wire,0,0.4895287199837789
2022/09/03 09:54,14,8089E68D0,23486,808F2FD30,11.94,Rupee,11.94,Rupee,ACH,0,0.149717868338558
2022/09/03 09:42,14,8089E68D0,23486,808F2FD30,31.92,Rupee,31.92,Rupee,Wire,0,0.4002507836990596
2022/09/03 09:49,14,8094CE970,26272,80EAD5080,77.88,Rupee,77.88,Rupee,Wire,0,0.976551724137931
2022/09/03 09:46,110,80F58D840,241503,80F8A5D80,0.01,Australian Dollar,0.01,Australian Dollar,ACH,0,0.006806888571234088
2022/09/03 09:46,14,8000D2820,115,8158B4EC0,2.77,Shekel,2.77,Shekel,ACH,0,0.8197449024888284
2022/09/03 09:32,14,8000D2820,115,8158B4EC0,0.86,Shekel,0.86,Shekel,Wire,0,0.2545056375958095
2022/09/03 09:54,115,8000DCD00,115,8000DCD00,1.28,Saudi Riyal,1.28,Saudi Riyal,Wire,0,0.3413333333333333
2022/09/03 09:58,115,817551900,63587,8175DB870,0.6,Saudi Riyal,0.6,Saudi Riyal,Wire,0,0.16
2022/09/03 09:50,265216,8180D03F0,216,8187ED450,1.17,Saudi Riyal,1.17,Saudi Riyal,Wire,0,0.312
2022/09/03 09:53,113213,81712B1E1,113213,81712B1E0,9e-06,Bitcoin,0.1,US Dollar,ACH,0,0.1
2022/09/03 09:38,113213,81712B1E1,113213,81712B1E0,2e-05,Bitcoin,0.24,US Dollar,ACH,0,0.24
2022/09/03 10:12,394,800F30E10,23760,804DFE300,0.12,US Dollar,0.12,US Dollar,Wire,0,0.12
2022/09/03 10:06,19,80AFABC80,19,80AFABC80,0.55,US Dollar,43.16,Ruble,ACH,0,0.7137305485273933
2022/09/03 10:11,20,8001A3BB0,14,800278A90,0.38,Euro,0.38,Euro,ACH,0,0.37950664136622386
2022/09/03 10:06,2557,8031147C0,233908,816EE3AE0,0.05,Euro,0.05,Euro,Wire,0,0.049935084390292615
2022/09/03 10:14,7080,802F3B990,15885,804C94870,5.8,Yuan,5.8,Yuan,ACH,0,0.840019697013585
2022/09/03 10:09,18,8134FDB10,154265,8142C8A00,0.48,Swiss Franc,0.48,Swiss Franc,ACH,0,0.4887635300945961
2022/09/03 10:15,24216,81295A431,24216,81295A430,1e-06,Bitcoin,0.01,US Dollar,ACH,0,0.01
2022/09/03 10:48,20,8000F0530,1,8002293E0,0.89,US Dollar,0.89,US Dollar,ACH,0,0.89
2022/09/03 10:35,1110,801B711F0,1394,804CDF860,0.95,US Dollar,0.95,US Dollar,Wire,0,0.95
2022/09/03 10:39,21393,800CC9030,113317,8051087A0,0.16,US Dollar,0.16,US Dollar,ACH,0,0.16
2022/09/03 10:30,21260,80081F040,3533,805F002C0,0.85,US Dollar,0.85,US Dollar,Wire,0,0.85
2022/09/03 10:49,20,80015A0A0,18903,807301480,0.18,US Dollar,0.18,US Dollar,Wire,0,0.18
2022/09/03 10:41,16262,8063F8CC0,5033,80BEA76F0,0.91,US Dollar,0.91,US Dollar,ACH,0,0.91
2022/09/03 10:35,8106,8043AA550,12966,811129F40,0.71,US Dollar,0.71,US Dollar,Wire,0,0.71
2022/09/03 10:55,45261,812571B20,243246,814F775A0,0.01,US Dollar,0.01,US Dollar,ACH,0,0.01
2022/09/03 10:50,45261,812571B20,243246,814F775A0,0.01,US Dollar,0.01,US Dollar,Wire,0,0.01
2022/09/03 10:47,124222,80C93FAB0,45803,8157911F0,0.21,US Dollar,0.21,US Dollar,Wire,0,0.21
2022/09/03 10:59,10311,80D95E8F0,10311,80D95E8F0,0.9,US Dollar,6.04,Yuan,ACH,0,0.8747791327520783
2022/09/03 10:59,10311,80D95E8F0,152972,8186AFB40,0.9,US Dollar,0.9,US Dollar,ACH,0,0.9
2022/09/03 10:42,10311,80D95E8F0,10311,80D95E8F0,0.95,US Dollar,6.35,Yuan,ACH,0,0.9196767372476319
2022/09/03 10:42,10311,80D95E8F0,152972,8186AFB40,0.95,US Dollar,0.95,US Dollar,Wire,0,0.95
2022/09/03 10:59,21393,8023DD100,28932,819084460,0.93,US Dollar,0.93,US Dollar,Wire,0,0.93
2022/09/03 10:30,3671,801AEE670,14003,801E1BE40,0.27,Euro,0.27,Euro,ACH,0,0.26964945570758014
2022/09/03 10:53,5383,8066794C0,8884,80CBDCB80,0.81,Euro,0.81,Euro,Wire,0,0.8089483671227404
2022/09/03 10:40,234142,80CFB3510,233674,81B473870,0.24,UK Pound,0.24,UK Pound,Wire,0,0.2775272323596753
2022/09/03 10:36,14,810E30410,45907,810E5CFE0,16.44,Mexican Peso,16.44,Mexican Peso,Wire,0,0.8186843284696979
2022/09/03 10:53,157948,815E4E900,59157,81620F460,0.9,Shekel,0.9,Shekel,Wire,0,0.2663431091118937
2022/09/03 11:13,11,800191AD0,211374,80510A790,0.89,US Dollar,0.89,US Dollar,Wire,0,0.89
2022/09/03 11:16,11255,808CF6280,349,80E273FC0,0.17,US Dollar,0.17,US Dollar,Wire,0,0.17
2022/09/03 11:26,1217,800E34410,261535,817F263E0,0.18,US Dollar,0.18,US Dollar,Wire,0,0.18
2022/09/03 11:08,14,80039ECD0,0,80053C550,0.34,Euro,0.34,Euro,ACH,0,0.3395585738539898
2022/09/03 11:03,12503,801501E10,17289,808607270,0.05,Euro,0.05,Euro,ACH,0,0.049935084390292615
2022/09/03 11:10,211012,80AF441C0,18586,80E1852F0,0.47,Euro,0.47,Euro,ACH,0,0.4693897932687506
2022/09/03 11:10,3,80017E980,211362,80EE427F0,0.55,Euro,0.55,Euro,ACH,0,0.5492859282932188
2022/09/03 11:11,223762,80BBFC1B0,215505,80EF17A90,0.25,Euro,0.25,Euro,Wire,0,0.24967542195146308
2022/09/03 11:09,12274,800F19DE0,18396,8126BA640,0.06,Euro,0.06,Euro,Wire,0,0.05992210126835114
2022/09/03 11:21,119927,80A024431,119927,80A024430,5e-06,Bitcoin,0.06,US Dollar,ACH,0,0.06
2022/09/03 11:11,119927,80A024431,119927,80A024430,2e-06,Bitcoin,0.02,US Dollar,ACH,0,0.02
2022/09/03 11:42,11770,800CCCD30,6314,8030DDC40,0.12,US Dollar,0.12,US Dollar,ACH,0,0.12
2022/09/03 11:56,3440,804720510,11701,80535EA80,0.4,US Dollar,0.4,US Dollar,Wire,0,0.4
2022/09/03 11:34,210277,8050083A0,210277,8050083A0,0.28,US Dollar,1.87,Yuan,ACH,0,0.27083393679575934
2022/09/03 11:49,210277,8050083A0,210277,8050083A0,0.44,US Dollar,2.97,Yuan,ACH,0,0.4301480172638531
2022/09/03 11:49,210277,8050083A0,16456,80608A100,0.44,US Dollar,0.44,US Dollar,ACH,0,0.44
2022/09/03 11:57,210277,8050083A0,210277,8050083A0,0.27,US Dollar,1.78,Yuan,ACH,0,0.2577991483938244
2022/09/03 11:57,210277,8050083A0,16456,80608A100,0.27,US Dollar,0.27,US Dollar,Wire,0,0.27
2022/09/03 11:32,110856,8085317B0,11046,80B7D1450,0.83,US Dollar,0.83,US Dollar,Wire,0,0.83
2022/09/03 11:48,122967,80960B320,25443,80D01E090,0.18,US Dollar,0.18,US Dollar,ACH,0,0.18
2022/09/03 11:43,12063,801253D50,224231,80D8B9170,0.09,US Dollar,0.09,US Dollar,Wire,0,0.09
2022/09/03 11:34,11770,800BBF8B0,18493,80DC12120,0.15,US Dollar,0.15,US Dollar,ACH,0,0.15
2022/09/03 11:41,118536,807C93C40,127980,814B5D520,0.82,US Dollar,0.82,US Dollar,ACH,0,0.82
2022/09/03 11:37,118536,807C93C40,127980,814B5D520,0.59,US Dollar,0.59,US Dollar,Wire,0,0.59
2022/09/03 11:36,5206,806302F50,212730,819C49A10,0.1,US Dollar,0.1,US Dollar,Wire,0,0.1
2022/09/03 11:54,11,80067DB00,238219,81A149410,0.72,US Dollar,0.72,US Dollar,Wire,0,0.72
2022/09/03 11:38,3440,806368D10,163271,81A3D32F0,0.48,US Dollar,0.48,US Dollar,ACH,0,0.48
2022/09/03 11:30,1835,802258090,1835,805A70BB0,0.11,Euro,0.11,Euro,ACH,0,0.10985718565864376
2022/09/03 11:53,2293,8025A0760,8811,805F6B2B0,0.16,Euro,0.16,Euro,ACH,0,0.15979227004893637
2022/09/03 11:52,2293,8025A0760,8811,805F6B2B0,0.09,Euro,0.09,Euro,Wire,0,0.0898831519025267
2022/09/03 11:37,24643,801EC3820,7249,8095B4950,0.11,Euro,0.11,Euro,ACH,0,0.10985718565864376
2022/09/03 11:32,26,803A712D0,9856,8041F7640,4.64,Yuan,4.64,Yuan,ACH,0,0.6720157576108681
2022/09/03 11:53,26922,8036C9910,19521,8049C7C70,0.23,Yuan,0.23,Yuan,Wire,0,0.033311125916055964
2022/09/03 11:38,19856,806220C90,29572,806624F80,52.71,Yen,52.71,Yen,Wire,0,0.37604337590069203
2022/09/03 11:48,124304,808F87B80,224371,809D545A0,47.15,Rupee,47.15,Rupee,ACH,0,0.5912225705329154
2022/09/03 11:46,41019,80F197940,41019,80F2D5ED0,0.22,Australian Dollar,0.22,Australian Dollar,ACH,0,0.14975154856714995
2022/09/03 11:44,262622,817786051,262622,817786050,1e-06,Bitcoin,0.01,US Dollar,ACH,0,0.01
2022/09/03 12:04,12063,80103F920,21939,8034CFBD0,0.59,US Dollar,0.59,US Dollar,ACH,0,0.59
2022/09/03 12:04,12063,80103F920,21939,8034CFBD0,0.61,US Dollar,0.61,US Dollar,Wire,0,0.61
2022/09/03 12:05,118699,80AF63BF0,24633,80F240120,0.27,US Dollar,0.27,US Dollar,Wire,0,0.27
2022/09/03 12:29,27737,810702510,147445,813E11250,0.45,Euro,0.45,Euro,ACH,0,0.4494157595126336
2022/09/03 12:23,10920,80464FFD0,17768,8048D8AC0,1.51,Yuan,1.51,Yuan,ACH,0,0.21869478318801958
2022/09/03 12:21,10920,80464FFD0,17768,8048D8AC0,4.27,Yuan,4.27,Yuan,Wire,0,0.618428294180691
2022/09/03 12:16,11,8037DCE40,110164,804FF2D20,0.92,Yuan,0.92,Yuan,ACH,0,0.13324450366422386
2022/09/03 12:27,11,8037DCE40,110164,804FF2D20,1.78,Yuan,1.78,Yuan,Wire,0,0.2577991483938244
2022/09/03 12:27,15,803BAA830,9534,80DE2E9F0,1.63,Yuan,1.63,Yuan,Wire,0,0.23607450105726616
2022/09/03 12:19,23,806800370,117912,808001DE0,102.36,Yen,102.36,Yen,Wire,0,0.7302561175715203
2022/09/03 12:14,153607,813CEB690,53736,813E5CFD0,0.79,Swiss Franc,0.79,Swiss Franc,ACH,0,0.8044233099473561
2022/09/03 12:17,152229,81B595BF1,152229,81B595BF0,4e-06,Bitcoin,0.05,US Dollar,ACH,0,0.05
2022/09/03 12:29,152229,81B595BF1,152229,81B595BF0,3e-06,Bitcoin,0.04,US Dollar,ACH,0,0.04
2022/09/03 12:45,1639,80076AFF0,2860,80149EFE0,0.76,US Dollar,0.76,US Dollar,Wire,0,0.76
2022/09/03 12:49,531,8031ABBB0,3389,803399560,0.39,US Dollar,0.39,US Dollar,ACH,0,0.39
2022/09/03 12:51,394,8002189C0,16456,804AF1520,0.8,US Dollar,0.8,US Dollar,Wire,0,0.8
2022/09/03 12:56,12,8019D00E0,212996,8054CB750,0.54,US Dollar,0.54,US Dollar,Wire,0,0.54
2022/09/03 12:58,23,8064ECAA0,23,8064ECAA0,1.07,US Dollar,112.91,Yen,ACH,0,0.8055218663052008
2022/09/03 12:53,5206,808761DE0,5571,80A9634C0,0.22,US Dollar,0.22,US Dollar,Wire,0,0.22
2022/09/03 12:55,140626,81524DCC0,160797,8190F76E0,0.13,US Dollar,0.13,US Dollar,ACH,0,0.13
2022/09/03 12:40,236897,81467AC50,21828,81B2B6C70,0.57,US Dollar,0.57,US Dollar,Wire,0,0.57
2022/09/03 12:30,12386,801D63820,144936,814347700,0.6,Euro,0.6,Euro,Wire,0,0.5992210126835114
2022/09/03 12:51,3,808BB4070,18355,81652FAF0,0.04,Euro,0.04,Euro,Wire,0,0.03994806751223409
2022/09/03 12:42,11832,804787DE0,220421,8078DE720,88.03,Yen,88.03,Yen,Wire,0,0.6280231147891846
2022/09/03 12:52,63834,8178EF1E0,165362,818C81940,3.29,Saudi Riyal,3.29,Saudi Riyal,ACH,0,0.8773333333333333
2022/09/03 13:14,1,8006A1070,21566,800B76A80,0.12,US Dollar,0.12,US Dollar,ACH,0,0.12
2022/09/03 13:00,15,8043C2130,15,8043C2130,0.5,US Dollar,3.33,Yuan,ACH,0,0.48228717087159284
2022/09/03 13:27,1776,800DB0DC0,122416,80DAFB260,0.1,Euro,0.1,Euro,ACH,0,0.09987016878058523
2022/09/03 13:10,29433,80AD2AF10,215505,80E2F7CD0,0.09,Euro,0.09,Euro,ACH,0,0.0898831519025267
2022/09/03 13:00,29433,80AD2AF10,215505,80E2F7CD0,0.15,Euro,0.15,Euro,Wire,0,0.14980525317087784
2022/09/03 13:21,28335,803E36950,8997,804BADD20,2.61,Yuan,2.61,Yuan,Wire,0,0.3780088636561133
2022/09/03 13:18,9856,80496F480,11587,80502F680,1.3,Yuan,1.3,Yuan,Wire,0,0.18828027691683805
2022/09/03 13:12,2,808C2F3E0,124503,809791C40,1.91,Rupee,1.91,Rupee,ACH,0,0.023949843260188088
2022/09/03 13:09,2,808C2F3E0,124503,809791C40,1.8,Rupee,1.8,Rupee,Wire,0,0.022570532915360503
2022/09/03 13:11,11,800DB1D60,11,800DB1D60,0.87,Australian Dollar,0.53,Euro,ACH,0,0.5293118945371017
2022/09/03 13:29,11,800DB1D60,11,800DB1D60,0.17,Australian Dollar,0.1,Euro,ACH,0,0.09987016878058523
2022/09/03 13:29,1199,8152AD390,59033,815A45CD0,2.08,Shekel,2.08,Shekel,ACH,0,0.6155485188363765
2022/09/03 13:17,349,8005E58B1,349,8005E58B0,4e-06,Bitcoin,0.05,US Dollar,ACH,0,0.05
2022/09/03 13:24,349,8005E58B1,349,8005E58B0,9e-06,Bitcoin,0.11,US Dollar,ACH,0,0.11
2022/09/03 13:09,2545,80A313571,2545,80A313570,1e-06,Bitcoin,0.01,US Dollar,ACH,0,0.01
2022/09/03 13:13,11661,819D702A1,11661,819D702A0,6.9e-05,Bitcoin,0.82,US Dollar,Wire,0,0.82
2022/09/03 13:39,116473,809E8B960,215766,80B0B2DE0,0.45,US Dollar,0.45,US Dollar,ACH,0,0.45
2022/09/03 13:31,116473,809E8B960,215766,80B0B2DE0,0.59,US Dollar,0.59,US Dollar,Wire,0,0.59
2022/09/03 13:59,27175,807AE0370,239440,80F5DE050,0.04,US Dollar,0.04,US Dollar,ACH,0,0.04
2022/09/03 13:31,118840,8096FA370,132004,815A41E80,0.25,US Dollar,0.25,US Dollar,Wire,0,0.25
2022/09/03 13:35,33219,80FDBFF40,11047,818F1C110,0.62,US Dollar,0.62,US Dollar,ACH,0,0.62
2022/09/03 13:36,16298,806C52460,27387,80A3CF3A0,0.84,Euro,0.84,Euro,Wire,0,0.838909417756916
2022/09/03 13:43,15,800073410,7080,802BBFCD0,1.93,Yuan,1.93,Yuan,ACH,0,0.2795237957303826
2022/09/03 13:40,15168,8028FF400,113579,8059536E0,6.88,Yuan,6.88,Yuan,Wire,0,0.9964371578368044
2022/09/03 13:47,72,8073E2030,19413,8087E4100,59.96,Rupee,59.96,Rupee,Wire,0,0.7518495297805643
2022/09/03 13:57,59033,815F8D890,59157,8162E66C0,0.06,Shekel,0.06,Shekel,ACH,0,0.017756207274126246
2022/09/03 13:49,13191,804FEC061,13191,804FEC060,2.1e-05,Bitcoin,1.65,Yuan,ACH,0,0.23897112070214058
2022/09/03 13:33,13191,804FEC061,13191,804FEC060,1.3e-05,Bitcoin,1.02,Yuan,ACH,0,0.14772760188859602
2022/09/03 13:41,13191,804FEC061,13191,804FEC060,3.2e-05,Bitcoin,2.55,Yuan,ACH,0,0.36931900472149
2022/09/03 13:59,24523,805835C51,24523,805835C50,1.4e-05,Bitcoin,0.17,US Dollar,ACH,0,0.17
2022/09/03 14:22,22435,802A9DE70,28625,8047CE2F0,0.94,US Dollar,0.94,US Dollar,Wire,0,0.94
2022/09/03 14:23,1422,8003DB6A0,4187,8050CFA60,0.61,US Dollar,0.61,US Dollar,Wire,0,0.61
2022/09/03 14:09,14595,805C30700,5033,805FC7E70,0.66,US Dollar,0.66,US Dollar,Wire,0,0.66
2022/09/03 14:25,2692,806E77BE0,12,809768AA0,0.52,US Dollar,0.52,US Dollar,ACH,0,0.52
2022/09/03 14:09,2692,806E77BE0,12,809768AA0,0.48,US Dollar,0.48,US Dollar,Wire,0,0.48
2022/09/03 14:14,18890,804940560,128019,80B9F2A80,0.16,US Dollar,0.16,US Dollar,ACH,0,0.16
2022/09/03 14:06,20,800420460,21130,8120CED60,0.31,US Dollar,0.31,US Dollar,Wire,0,0.31
2022/09/03 14:24,115771,806194DE0,5855,816CF3FB0,0.03,US Dollar,0.03,US Dollar,Wire,0,0.03
2022/09/03 14:20,21444,801D38770,12386,801EE7C40,0.93,Euro,0.93,Euro,Wire,0,0.9287925696594427
2022/09/03 14:18,1595,802E2B0E0,11314,80C90BCE0,0.01,Euro,0.01,Euro,ACH,0,0.009987016878058523
2022/09/03 14:19,29592,8059B3700,117284,815700F30,89.84,Yen,89.84,Yen,Wire,0,0.640936006278091
2022/09/03 14:03,123957,809001310,5,80E225950,43.98,Rupee,43.98,Rupee,Wire,0,0.5514733542319749
2022/09/03 14:07,136424,80D5763A0,235647,80D646EA0,1.14,Canadian Dollar,1.14,Canadian Dollar,Wire,0,0.8677119805145379
2022/09/03 14:22,19,80F01CFD0,41428,80F4A01E0,0.25,Australian Dollar,0.25,Australian Dollar,ACH,0,0.17017221428085222
2022/09/03 14:13,19,80F01CFD0,41428,80F4A01E0,0.41,Australian Dollar,0.41,Australian Dollar,Wire,0,0.27908243142059763
2022/09/03 14:22,19,80004C910,212,80F59CCA0,1.23,Australian Dollar,1.23,Australian Dollar,ACH,0,0.8372472942617929
2022/09/03 14:13,212,80F85E410,41335,80F908230,0.05,Australian Dollar,0.05,Australian Dollar,ACH,0,0.034034442856170445
2022/09/03 14:02,212,80F85E410,41335,80F908230,0.17,Australian Dollar,0.17,Australian Dollar,Wire,0,0.11571710571097951
2022/09/03 14:26,263025,817385330,163897,8179BB6A0,3.29,Saudi Riyal,3.29,Saudi Riyal,ACH,0,0.8773333333333333
2022/09/03 14:24,134113,811A594D1,134113,811A594D0,2e-06,Bitcoin,0.03,US Dollar,ACH,0,0.03
2022/09/03 14:56,11495,800918520,1,802FBABE0,0.01,US Dollar,0.01,US Dollar,ACH,0,0.01
2022/09/03 14:46,3100,8054FAC70,6314,806A99460,0.44,US Dollar,0.44,US Dollar,ACH,0,0.44
2022/09/03 14:35,349,8002C50A0,216093,807BCEBE0,0.39,US Dollar,0.39,US Dollar,ACH,0,0.39
2022/09/03 14:40,214107,806112210,35145,80DAD2630,0.83,US Dollar,0.83,US Dollar,ACH,0,0.83
2022/09/03 14:47,22031,800E58EE0,136393,8113DD340,0.39,US Dollar,0.39,US Dollar,Wire,0,0.39
2022/09/03 14:34,423,80027F420,0,801AE2650,0.41,Euro,0.41,Euro,Wire,0,0.4094676920003994
2022/09/03 14:39,2293,801DE8470,14195,8065B81E0,0.18,Euro,0.18,Euro,ACH,0,0.1797663038050534
2022/09/03 14:47,12274,801111DE0,12386,80B65AAA0,0.06,Euro,0.06,Euro,Wire,0,0.05992210126835114
2022/09/03 14:54,24070,80CEF6200,29154,81B7E52C0,0.71,Euro,0.71,Euro,Wire,0,0.7090781983421551
2022/09/03 14:47,18,80BD61360,230595,80C029E30,38.49,Ruble,38.49,Ruble,ACH,0,0.6365034479337204
2022/09/03 14:58,18,80BD61360,230595,80C029E30,41.62,Ruble,41.62,Ruble,Wire,0,0.6882637958690943
2022/09/03 14:32,136474,80D9D4770,138426,80E2B3780,0.68,Canadian Dollar,0.68,Canadian Dollar,ACH,0,0.5175825848683209
2022/09/03 14:50,113,810F24EF0,14,8110B9CC0,0.25,Mexican Peso,0.25,Mexican Peso,ACH,0,0.012449579204222898
2022/09/03 15:06,1231,80013AF70,531,80054F690,0.12,US Dollar,0.12,US Dollar,ACH,0,0.12
2022/09/03 15:11,1231,80013AF70,531,80054F690,0.04,US Dollar,0.04,US Dollar,Wire,0,0.04
2022/09/03 15:08,224,801749780,22129,803838A50,0.51,US Dollar,0.51,US Dollar,Wire,0,0.51
2022/09/03 15:17,8814,80210F880,11968,80E066600,0.79,US Dollar,0.79,US Dollar,Wire,0,0.79
2022/09/03 15:10,3597,809BD2AC0,139835,813967070,0.03,US Dollar,0.03,US Dollar,Wire,0,0.03
2022/09/03 15:25,2557,8024C4F70,14,8084CEE90,0.67,Euro,0.67,Euro,Wire,0,0.6691301308299211
2022/09/03 15:13,8,80D1FE240,235943,80EECB6C0,0.21,Canadian Dollar,0.21,Canadian Dollar,ACH,0,0.15984168062109907
2022/09/03 15:24,248957,8129AF640,48858,8130EA6C0,4.04,Brazil Real,4.04,Brazil Real,ACH,0,0.7760872906101123
2022/09/03 15:03,219,8135A5AF0,153802,8146AF660,0.41,Swiss Franc,0.41,Swiss Franc,ACH,0,0.41748551528913413
2022/09/03 15:10,258461,815EA1400,58138,8163C05A0,0.47,Shekel,0.47,Shekel,ACH,0,0.13909029031398892
2022/09/03 15:20,6045,80348F281,6045,80348F280,4.7e-05,Bitcoin,0.56,US Dollar,ACH,0,0.56
2022/09/03 15:11,12307,804A176B1,12307,804A176B0,8.5e-05,Bitcoin,6.77,Yuan,ACH,0,0.9805057497899949
2022/09/03 15:20,12307,804A176B1,12307,804A176B0,3e-06,Bitcoin,0.26,Yuan,ACH,0,0.03765605538336761
2022/09/03 15:28,18247,80B3A7B81,18247,80B3A7B80,1.9e-05,Bitcoin,0.23,US Dollar,Wire,0,0.23
2022/09/03 15:33,12592,800F9EC90,11483,8047C7180,0.8,US Dollar,0.8,US Dollar,ACH,0,0.8
2022/09/03 15:45,210091,8042A7C70,210091,8042A7C70,0.03,US Dollar,0.19,Yuan,ACH,0,0.0275178866263071
2022/09/03 15:49,210091,8042A7C70,210091,8042A7C70,0.04,US Dollar,0.28,Yuan,ACH,0,0.040552675028242044
2022/09/03 15:43,117912,806A5D500,117912,806A5D500,0.98,US Dollar,103.4,Yen,ACH,0,0.737675679531997
2022/09/03 15:57,349,800C480E0,56335,816B52900,0.04,US Dollar,0.04,US Dollar,Wire,0,0.04
2022/09/03 15:31,12274,8017E8760,14851,801F518D0,0.94,Euro,0.94,Euro,Wire,0,0.9387795865375012
2022/09/03 15:36,20798,807D2FEC0,25384,809132990,0.66,Euro,0.66,Euro,ACH,0,0.6591431139518625
2022/09/03 15:54,20798,807D2FEC0,25384,809132990,0.11,Euro,0.11,Euro,Wire,0,0.10985718565864376
2022/09/03 15:55,15168,803B73580,19521,803E86A20,1.87,Yuan,1.87,Yuan,Wire,0,0.27083393679575934
2022/09/03 15:48,125103,809CEF3D0,227113,80EC0BFC0,75.61,Rupee,75.61,Rupee,Wire,0,0.9480877742946708
2022/09/03 15:34,142114,80FB102A0,44198,810B12B70,0.36,Australian Dollar,0.36,Australian Dollar,Wire,0,0.24504798856442717
2022/09/03 15:47,219,81356BED0,152907,813DD1AF0,0.05,Swiss Franc,0.05,Swiss Franc,Wire,0,0.0509128677181871
2022/09/03 15:45,152768,813BB3020,152926,813EBA5D0,0.57,Swiss Franc,0.57,Swiss Franc,ACH,0,0.5804066919873329
2022/09/03 15:47,11047,800724CF1,11047,800724CF0,1e-06,Bitcoin,0.01,US Dollar,ACH,0,0.01
2022/09/03 15:54,216492,80E1B5F81,216492,80E1B5F80,1e-06,Bitcoin,0.01,US Dollar,ACH,0,0.01
2022/09/03 15:35,216492,80E1B5F81,216492,80E1B5F80,1e-06,Bitcoin,0.01,US Dollar,Wire,0,0.01
2022/09/03 16:29,1291,8002077B0,349,80061B4B0,0.05,US Dollar,0.05,US Dollar,ACH,0,0.05
2022/09/03 16:03,5893,804F7F990,5893,804F7F990,0.78,US Dollar,5.2,Yuan,ACH,0,0.7531211076673522
2022/09/03 16:04,3440,807FA2640,28958,80F5A6190,0.26,US Dollar,0.26,US Dollar,Wire,0,0.26
2022/09/03 16:13,115966,8086CFC40,140981,812718E10,0.57,US Dollar,0.57,US Dollar,ACH,0,0.57
2022/09/03 16:19,20,80185B040,224191,80CBB8580,0.29,Euro,0.29,Euro,Wire,0,0.28962348946369715
2022/09/03 16:13,15763,802FB70E0,235805,811B40110,0.71,Euro,0.71,Euro,ACH,0,0.7090781983421551
2022/09/03 16:06,2557,8020083C0,29559,8150FA510,0.8,Euro,0.8,Euro,ACH,0,0.7989613502446818
2022/09/03 16:01,2293,801AE0670,65816,81AA232E0,0.39,Euro,0.39,Euro,ACH,0,0.3894936582442824
2022/09/03 16:04,134489,80CF154D0,34749,817E84D80,0.1,UK Pound,0.1,UK Pound,Wire,0,0.11563634681653139
2022/09/03 16:06,249331,8123401C0,248957,8124BCA80,3.29,Brazil Real,3.29,Brazil Real,ACH,0,0.6320116797295221
2022/09/03 16:04,152768,81358DC10,52788,813A863C0,0.35,Swiss Franc,0.35,Swiss Franc,Wire,0,0.35639007402730966
2022/09/03 16:17,28932,8181585B1,28932,8181585B0,2e-06,Bitcoin,0.03,US Dollar,Wire,0,0.03
2022/09/03 16:03,28932,8181585B1,28932,8181585B0,7e-06,Bitcoin,0.08,US Dollar,ACH,0,0.08
2022/09/03 16:56,423,801EFC5A0,425,810621FC0,0.85,Euro,0.85,Euro,Wire,0,0.8488964346349744
2022/09/03 16:49,13,8040098C0,23,8067F01C0,83.62,Yen,83.62,Yen,ACH,0,0.5965613183990869
2022/09/03 16:39,13,8040098C0,23,8067F01C0,56.27,Yen,56.27,Yen,Wire,0,0.40144110722693876
2022/09/03 16:45,42130,8102CD020,11,810BBED90,0.18,Australian Dollar,0.18,Australian Dollar,ACH,0,0.12252399428221358
2022/09/03 16:43,42130,8102CD020,11,810BBED90,0.08,Australian Dollar,0.08,Australian Dollar,Wire,0,0.05445510856987271
2022/09/03 16:49,11,811E5C430,248756,81266F260,0.12,Brazil Real,0.12,Brazil Real,ACH,0,0.023052097740894423
2022/09/03 16:50,12204,800FAD501,12204,800FAD500,6e-06,Bitcoin,0.07,US Dollar,ACH,0,0.07
2022/09/03 16:50,12204,800FAD501,12204,800FAD500,5e-06,Bitcoin,0.06,US Dollar,ACH,0,0.06
2022/09/03 17:26,2368,8058F6FD0,215187,8075D7A40,0.4,US Dollar,0.4,US Dollar,ACH,0,0.4
2022/09/03 17:12,14,802186850,5383,80284D9E0,0.01,Euro,0.01,Euro,Wire,0,0.009987016878058523
2022/09/03 17:23,498,80B475ED0,19622,80E9E0B80,0.57,Euro,0.57,Euro,Wire,0,0.5692599620493358
2022/09/03 17:02,394,8002CDA20,125589,8144A4010,0.91,Euro,0.91,Euro,Wire,0,0.9088185359033256
2022/09/03 17:13,21444,801AE0890,217215,8147EDA30,0.57,Euro,0.57,Euro,ACH,0,0.5692599620493358
2022/09/03 17:21,5383,8024062D0,248188,81A59E060,0.48,Euro,0.48,Euro,Wire,0,0.4793768101468091
2022/09/03 17:22,19414,808C4F2C0,26765,80A2162B0,34.63,Rupee,34.63,Rupee,Wire,0,0.4342319749216301
2022/09/03 17:16,22364,805D57DF0,22364,805D57DF0,1.28,Canadian Dollar,0.97,US Dollar,ACH,0,0.97
2022/09/03 17:16,22364,805D57DF0,36096,80D4C6AD0,1.28,Canadian Dollar,1.28,Canadian Dollar,ACH,0,0.974273100928604
2022/09/03 17:04,22364,805D57DF0,22364,805D57DF0,0.97,Canadian Dollar,0.73,US Dollar,ACH,0,0.73
2022/09/03 17:04,22364,805D57DF0,36096,80D4C6AD0,0.97,Canadian Dollar,0.97,Canadian Dollar,Wire,0,0.7383163342974577
2022/09/03 17:13,142114,80F78CFE0,41916,80FE64A90,0.59,Australian Dollar,0.59,Australian Dollar,Wire,0,0.4016064257028112
2022/09/03 17:25,157948,81546AC60,259116,815C3D7E0,3.33,Shekel,3.33,Shekel,ACH,0,0.9854695037140067
2022/09/03 17:12,16584,810FE5E41,16584,810FE5E40,4e-06,Bitcoin,0.05,US Dollar,ACH,0,0.05
2022/09/03 17:11,16584,810FE5E41,16584,810FE5E40,1.3e-05,Bitcoin,0.15,US Dollar,ACH,0,0.15
2022/09/03 17:20,16584,810FE5E41,16584,810FE5E40,2e-06,Bitcoin,0.03,US Dollar,ACH,0,0.03
2022/09/03 17:04,16584,810FE5E41,16584,810FE5E40,6e-06,Bitcoin,0.07,US Dollar,ACH,0,0.07
2022/09/03 17:04,21566,81868A501,21566,81868A500,1e-06,Bitcoin,0.01,US Dollar,Wire,0,0.01
2022/09/03 17:01,21566,81868A501,21566,81868A500,1e-06,Bitcoin,0.01,US Dollar,Wire,0,0.01
2022/09/03 17:09,262622,819D3EB91,262622,819D3EB90,2.6e-05,Bitcoin,0.31,US Dollar,ACH,0,0.31
2022/09/03 17:00,262622,819D3EB91,262622,819D3EB90,3e-06,Bitcoin,0.03,US Dollar,Wire,0,0.03
2022/09/03 17:09,133620,81B6D0E51,133620,81B6D0E50,1e-06,Bitcoin,0.01,US Dollar,ACH,0,0.01
2022/09/03 17:03,133620,81B6D0E51,133620,81B6D0E50,1e-06,Bitcoin,0.01,US Dollar,ACH,0,0.01
2022/09/03 17:37,1422,800803850,1291,8008222E0,0.41,US Dollar,0.41,US Dollar,ACH,0,0.41
2022/09/03 17:38,14640,80236C020,14640,80236C020,0.97,US Dollar,0.83,Euro,ACH,0,0.8289224008788574
2022/09/03 17:52,1812,800B30440,22129,80452AB90,0.65,US Dollar,0.65,US Dollar,ACH,0,0.65
2022/09/03 17:31,110400,805198320,110400,805198320,0.54,US Dollar,3.59,Yuan,ACH,0,0.5199432262549604
2022/09/03 17:48,110400,805198320,110400,805198320,0.63,US Dollar,4.24,Yuan,ACH,0,0.6140833647133795
2022/09/03 17:48,110400,805198320,11222,80B7D77A0,0.63,US Dollar,0.63,US Dollar,ACH,0,0.63
2022/09/03 17:53,36176,80DA1A850,27234,80FED72E0,0.21,US Dollar,0.21,US Dollar,ACH,0,0.21
2022/09/03 17:30,36176,80DA1A850,27234,80FED72E0,0.04,US Dollar,0.04,US Dollar,Wire,0,0.04
2022/09/03 17:46,13,800086730,13,800086730,0.09,US Dollar,1.97,Mexican Peso,ACH,0,0.09810268412927643
2022/09/03 17:52,13,800086730,13,800086730,0.21,US Dollar,4.34,Mexican Peso,ACH,0,0.2161246949853095
2022/09/03 17:52,23726,80292EDE0,23848,804D96F50,0.06,Euro,0.06,Euro,ACH,0,0.05992210126835114
2022/09/03 17:38,1390,800B391E0,15516,80322EF00,0.62,Euro,0.62,Euro,ACH,0,0.6191950464396284
2022/09/03 17:57,21267,808924FF0,131333,80C330A60,0.05,Euro,0.05,Euro,ACH,0,0.049935084390292615
2022/09/03 17:41,21267,808924FF0,131333,80C330A60,0.1,Euro,0.1,Euro,Wire,0,0.09987016878058523
2022/09/03 17:34,119732,807322F90,123800,808CC9D90,53.73,Rupee,53.73,Rupee,ACH,0,0.673730407523511
2022/09/03 17:44,126455,809F50C10,223281,80A0DEF40,76.57,Rupee,76.57,Rupee,ACH,0,0.9601253918495297
2022/09/03 17:31,224943,809413F90,123568,80AAEBB30,48.93,Rupee,48.93,Rupee,ACH,0,0.6135423197492162
2022/09/03 17:33,235647,80D55F1E0,136009,80DEC3200,0.69,Canadian Dollar,0.69,Canadian Dollar,Wire,0,0.5251940934693256
2022/09/03 17:56,152768,81360D7E0,53905,814EBB580,0.5,Swiss Franc,0.5,Swiss Franc,ACH,0,0.5091286771818709
2022/09/03 17:49,265175,818C49230,66761,8193BF740,2.83,Saudi Riyal,2.83,Saudi Riyal,Wire,0,0.7546666666666667
2022/09/03 17:35,21828,801A2BCE1,21828,801A2BCE0,4e-05,Bitcoin,0.48,US Dollar,ACH,0,0.48
2022/09/03 17:35,21828,801A2BCE1,21828,801A2BCE0,2e-05,Bitcoin,0.24,US Dollar,Wire,0,0.24
2022/09/03 17:51,21828,801A2BCE1,21828,801A2BCE0,5e-06,Bitcoin,0.06,US Dollar,ACH,0,0.06
2022/09/03 17:48,21828,801A2BCE1,21828,801A2BCE0,9e-06,Bitcoin,0.11,US Dollar,ACH,0,0.11
2022/09/03 17:38,226851,816B97391,226851,816B97390,3e-06,Bitcoin,0.04,US Dollar,ACH,0,0.04
2022/09/03 17:34,226851,816B97391,226851,816B97390,1.1e-05,Bitcoin,0.13,US Dollar,ACH,0,0.13
2022/09/03 17:34,214111,80DC91711,214111,80DC91710,2e-06,Bitcoin,0.03,US Dollar,Wire,0,0.03
2022/09/03 17:41,214111,80DC91711,214111,80DC91710,3e-06,Bitcoin,0.03,US Dollar,ACH,0,0.03
2022/09/03 17:35,17803,8098E8B31,17803,8098E8B30,5e-06,Bitcoin,0.06,US Dollar,Wire,0,0.06
2022/09/03 17:58,17803,8098E8B31,17803,8098E8B30,4e-06,Bitcoin,0.05,US Dollar,Wire,0,0.05
2022/09/03 17:46,8488,807044561,8488,807044560,1.3e-05,Bitcoin,0.15,US Dollar,Wire,0,0.15
2022/09/03 17:43,8488,807044561,8488,807044560,8e-06,Bitcoin,0.09,US Dollar,ACH,0,0.09
2022/09/03 18:23,1422,8014D18C0,13703,8030F2990,0.17,US Dollar,0.17,US Dollar,Wire,0,0.17
2022/09/03 18:09,25242,8038184C0,212730,808022530,0.02,US Dollar,0.02,US Dollar,ACH,0,0.02
2022/09/03 18:01,24633,8079B6050,11305,8100EF290,0.44,US Dollar,0.44,US Dollar,Wire,0,0.44
2022/09/03 18:11,14558,810BD3590,14558,810BD3590,0.8,US Dollar,5.39,Yuan,ACH,0,0.7806389942936592
2022/09/03 18:23,26179,8134120E0,152182,8151C2F70,0.96,US Dollar,0.96,US Dollar,ACH,0,0.96
2022/09/03 18:04,26179,8134120E0,152182,8151C2F70,0.67,US Dollar,0.67,US Dollar,Wire,0,0.67
2022/09/03 18:10,4187,80817CE90,131857,818E6D090,0.54,US Dollar,0.54,US Dollar,Wire,0,0.54
2022/09/03 18:09,1231,800931590,30562,819C3B250,0.28,US Dollar,0.28,US Dollar,Wire,0,0.28
2022/09/03 18:04,24070,802E2CEB0,2557,80306F0D0,0.98,Euro,0.98,Euro,Wire,0,0.9787276540497353
2022/09/03 18:18,25400,8026C5910,15607,80A9C2CC0,0.4,Euro,0.4,Euro,ACH,0,0.3994806751223409
2022/09/03 18:06,49411,8128D9C10,249585,812F88870,4.5,Brazil Real,4.5,Brazil Real,ACH,0,0.8644536652835408
2022/09/03 18:24,18,81352DA40,152768,813B45840,0.56,Swiss Franc,0.56,Swiss Franc,Wire,0,0.5702241184436955
2022/09/03 18:20,13474,803A93631,13474,803A93630,7e-06,Bitcoin,0.08,US Dollar,ACH,0,0.08
2022/09/03 18:03,13474,803A93631,13474,803A93630,2e-05,Bitcoin,0.23,US Dollar,ACH,0,0.23
2022/09/03 18:02,13474,803A93631,13474,803A93630,1e-06,Bitcoin,0.01,US Dollar,Wire,0,0.01
2022/09/03 18:37,394,80035BD20,1394,800D7A050,0.21,US Dollar,0.21,US Dollar,Wire,0,0.21
2022/09/03 18:33,5033,804AE0060,120280,807C75400,0.14,US Dollar,0.14,US Dollar,Wire,0,0.14
2022/09/03 18:46,1638,800FD90E0,21547,80DB7D8F0,0.07,US Dollar,0.07,US Dollar,Wire,0,0.07
2022/09/03 18:36,31363,80DE69B80,22547,814D5D050,0.11,US Dollar,0.11,US Dollar,ACH,0,0.11
2022/09/03 18:39,31363,80DE69B80,22547,814D5D050,0.05,US Dollar,0.05,US Dollar,Wire,0,0.05
2022/09/03 18:36,11671,8055C71B0,226151,81A2E93E0,0.24,US Dollar,0.24,US Dollar,ACH,0,0.24
2022/09/03 18:41,11671,8055C71B0,226151,81A2E93E0,0.08,US Dollar,0.08,US Dollar,Wire,0,0.08
2022/09/03 18:58,27425,8039D0300,19970,8040002D0,6.55,Yuan,6.55,Yuan,ACH,0,0.9486429336963763
2022/09/03 18:57,29844,804616B50,210858,8122C8FA0,0.87,Yuan,0.87,Yuan,ACH,0,0.12600295455203778
2022/09/03 18:39,19836,8038F5E80,215478,8064BFDE0,137.16,Yen,137.16,Yen,ACH,0,0.9785260754797747
2022/09/03 18:50,124359,80A6C9810,226937,80A940650,54.08,Rupee,54.08,Rupee,ACH,0,0.6781191222570533
2022/09/03 18:59,27,80B4C76A0,131036,80BDA2B50,46.67,Ruble,46.67,Ruble,ACH,0,0.7717749003654645
2022/09/03 18:55,16,80D1F7860,16,80D272CC0,0.61,Canadian Dollar,0.61,Canadian Dollar,ACH,0,0.46430202466128784
2022/09/03 18:55,16,80D3F6870,235676,80D436DC0,1.19,Canadian Dollar,1.19,Canadian Dollar,ACH,0,0.9057695235195615
2022/09/03 18:30,136678,80DF20BD0,237958,80E2FFE80,0.52,Canadian Dollar,0.52,Canadian Dollar,Wire,0,0.3957984472522454
2022/09/03 18:42,40904,80F1A0B40,42234,80F85A3F0,1.18,Australian Dollar,1.18,Australian Dollar,Wire,0,0.8032128514056224
2022/09/03 18:53,49411,8128ABAA0,149108,812F66640,0.18,Brazil Real,0.18,Brazil Real,Wire,0,0.034578146611341634
2022/09/03 18:35,228849,813731801,228849,813731800,4.1e-05,Bitcoin,0.49,US Dollar,ACH,0,0.49
2022/09/03 19:09,13821,80C2C8690,219788,8182FE3D0,0.02,US Dollar,0.02,US Dollar,ACH,0,0.02
2022/09/03 19:08,13821,80C2C8690,219788,8182FE3D0,0.01,US Dollar,0.01,US Dollar,Wire,0,0.01
2022/09/03 19:27,6058,802527000,15516,80347E3C0,0.8,Euro,0.8,Euro,ACH,0,0.7989613502446818
2022/09/03 19:12,12202,8020022E0,8889,804163EF0,1.0,Euro,1.0,Euro,Wire,0,0.9987016878058523
2022/09/03 19:10,15400,802CF3FA0,14213,806B0BDD0,0.06,Euro,0.06,Euro,Wire,0,0.05992210126835114
2022/09/03 19:21,423,801FB4400,5981,806EBD820,0.18,Euro,0.18,Euro,Wire,0,0.1797663038050534
2022/09/03 19:12,16505,8085CE9A0,5312,80BBF7870,0.64,Euro,0.64,Euro,ACH,0,0.6391690801957455
2022/09/03 19:11,119732,808A159E0,19414,808AF3190,60.42,Rupee,60.42,Rupee,ACH,0,0.7576175548589342
2022/09/03 19:19,18,80B084C60,230595,80B5152E0,0.87,Ruble,0.87,Ruble,ACH,0,0.014387061566701395
2022/09/03 19:22,10,80D262BD0,136311,80DFADA30,1.23,Canadian Dollar,1.23,Canadian Dollar,ACH,0,0.9362155579235804
2022/09/03 19:21,10,80D262BD0,136311,80DFADA30,0.63,Canadian Dollar,0.63,Canadian Dollar,Wire,0,0.4795250418632973
2022/09/03 19:13,116,811DC5930,210,811E1FAE0,1.69,Brazil Real,1.69,Brazil Real,Wire,0,0.32465037651759643
2022/09/03 19:11,48719,8127682E0,149891,812876270,5.04,Brazil Real,5.04,Brazil Real,ACH,0,0.9681881051175658
2022/09/03 19:03,149805,8128801B0,149805,812B199F0,4.84,Brazil Real,4.84,Brazil Real,ACH,0,0.9297679422160751
2022/09/03 19:00,17803,80EE84BB1,17803,80EE84BB0,1e-06,Bitcoin,0.01,US Dollar,ACH,0,0.01
2022/09/03 19:08,1217,800825071,1217,800825070,2.1e-05,Bitcoin,0.25,US Dollar,ACH,0,0.25
2022/09/03 19:27,1217,800825071,1217,800825070,5.8e-05,Bitcoin,0.69,US Dollar,Wire,0,0.69
2022/09/03 19:08,122779,80AA94B91,122779,80AA94B90,2.2e-05,Bitcoin,0.27,US Dollar,ACH,0,0.27
2022/09/03 19:07,122779,80AA94B91,122779,80AA94B90,1.4e-05,Bitcoin,0.17,US Dollar,ACH,0,0.17
2022/09/03 19:25,1231,8001DEA81,1231,8001DEA80,1.5e-05,Bitcoin,0.18,US Dollar,ACH,0,0.18
2022/09/03 19:28,1231,8001DEA81,1231,8001DEA80,2e-06,Bitcoin,0.03,US Dollar,ACH,0,0.03
2022/09/03 19:54,11,8001DC570,22224,80297A340,0.82,US Dollar,0.82,US Dollar,Wire,0,0.82
2022/09/03 19:44,1120,8008774A0,1231,8045A75A0,0.64,US Dollar,0.64,US Dollar,ACH,0,0.64
2022/09/03 19:33,2196,804D408C0,1889,8057D52B0,0.06,US Dollar,0.06,US Dollar,ACH,0,0.06
2022/09/03 19:51,2196,804D408C0,1889,8057D52B0,0.03,US Dollar,0.03,US Dollar,Wire,0,0.03
2022/09/03 19:41,11046,800D91C70,531,806AD5000,0.46,US Dollar,0.46,US Dollar,Wire,0,0.46
2022/09/03 19:37,16,80B51E0C0,16,80B51E0C0,0.26,US Dollar,20.42,Ruble,ACH,0,0.33768252550809486
2022/09/03 19:38,531,800710890,237640,817F1C340,0.36,US Dollar,0.36,US Dollar,ACH,0,0.36
2022/09/03 19:44,225862,810D336D0,66473,8185BC3D0,0.19,US Dollar,0.19,US Dollar,ACH,0,0.19
2022/09/03 19:36,24455,802BEC090,6058,808F6CC30,0.58,Euro,0.58,Euro,Wire,0,0.5792469789273943
2022/09/03 19:36,15745,80801A100,216654,8157125B0,79.14,Yen,79.14,Yen,Wire,0,0.5646001284154956
2022/09/03 19:31,19413,8072D53F0,26,8073B9F10,33.26,Rupee,33.26,Rupee,ACH,0,0.41705329153605014
2022/09/03 19:38,23642,808EEE840,224237,8091F5040,18.32,Rupee,18.32,Rupee,Wire,0,0.229717868338558
2022/09/03 19:31,241469,80F4EA6F0,41542,80F61DF80,0.49,Australian Dollar,0.49,Australian Dollar,Wire,0,0.3335375399904703
2022/09/03 19:46,43642,810733E91,43642,810733E90,1e-06,Bitcoin,0.01,Euro,ACH,0,0.009987016878058523
2022/09/03 19:46,237253,819763991,237253,819763990,1e-06,Bitcoin,0.02,US Dollar,ACH,0,0.02
2022/09/03 19:59,2860,801015AA1,2860,801015AA0,1e-06,Bitcoin,0.01,US Dollar,ACH,0,0.01
2022/09/03 20:25,20,8003E6750,12,800212D50,0.68,US Dollar,0.68,US Dollar,ACH,0,0.68
2022/09/03 20:22,1,800FDB700,39701,80ECB11F0,0.34,US Dollar,0.34,US Dollar,Wire,0,0.34
2022/09/03 20:16,120364,81084A370,264122,81A15DF70,0.38,US Dollar,0.38,US Dollar,ACH,0,0.38
2022/09/03 20:29,5206,81445A4B0,124173,81B9A2080,0.1,US Dollar,0.1,US Dollar,ACH,0,0.1
2022/09/03 20:09,24027,80A6315B0,28930,80ACC2640,0.56,Euro,0.56,Euro,Wire,0,0.5592729451712773
2022/09/03 20:21,600,8035419A0,14172,80D98AB00,0.07,Euro,0.07,Euro,Wire,0,0.06990911814640967
2022/09/03 20:14,9534,8042DDB50,9735,814E3F330,4.15,Yuan,4.15,Yuan,ACH,0,0.6010485763114446
2022/09/03 20:13,9534,8042DDB50,9735,814E3F330,0.66,Yuan,0.66,Yuan,Wire,0,0.09558844828085625
2022/09/03 20:01,157948,8159E2740,59157,815F8E590,0.81,Shekel,0.81,Shekel,ACH,0,0.23970879820070434
2022/09/03 20:16,22435,801E3C4D1,22435,801E3C4D0,6e-06,Bitcoin,0.07,US Dollar,Wire,0,0.07
2022/09/03 20:17,22435,801E3C4D1,22435,801E3C4D0,1e-05,Bitcoin,0.11,US Dollar,ACH,0,0.11
2022/09/03 20:11,13243,805993661,13243,805993660,1e-06,Bitcoin,0.01,US Dollar,ACH,0,0.01
2022/09/03 20:31,117301,806CA4410,13821,8083F7FE0,0.56,US Dollar,0.56,US Dollar,Wire,0,0.56
2022/09/03 20:47,1217,801103720,236488,80ECBF340,0.04,US Dollar,0.04,US Dollar,Wire,0,0.04
2022/09/03 20:48,110593,804E47E70,110593,804E47E70,0.23,US Dollar,1.51,Yuan,ACH,0,0.21869478318801958
2022/09/03 20:53,110593,804E47E70,110593,804E47E70,0.42,US Dollar,2.83,Yuan,ACH,0,0.40987167974973204
2022/09/03 20:43,12,805C51540,117912,807E687A0,0.68,Yen,0.68,Yen,ACH,0,0.004851252051080831
2022/09/03 20:32,14,800082E50,72,80723CC60,6.05,Rupee,6.05,Rupee,ACH,0,0.07586206896551724
2022/09/03 20:54,24816,80C0619D0,25,80EB7E470,7.21,Rupee,7.21,Rupee,Wire,0,0.09040752351097178
2022/09/03 20:35,18,80AD03130,27,80AFA24F0,7.98,Ruble,7.98,Ruble,Wire,0,0.1319640819566404
2022/09/03 20:40,63587,817692A10,263186,817EBBC40,2.68,Saudi Riyal,2.68,Saudi Riyal,ACH,0,0.7146666666666667
2022/09/03 20:35,34117,818B73D51,34117,818B73D50,2e-05,Bitcoin,0.23,US Dollar,ACH,0,0.23
2022/09/03 20:34,34117,818B73D51,34117,818B73D50,5e-06,Bitcoin,0.06,US Dollar,ACH,0,0.06
2022/09/03 20:58,210472,812C2A4E1,210472,812C2A4E0,4.5e-05,Bitcoin,0.53,US Dollar,Wire,0,0.53
2022/09/03 20:52,123520,80B895EB1,123520,80B895EB0,1.4e-05,Bitcoin,0.14,Euro,ACH,0,0.13981823629281934
2022/09/03 20:55,1110,80101B7D1,1110,80101B7D0,1e-06,Bitcoin,0.01,US Dollar,ACH,0,0.01
2022/09/03 20:52,1110,80101B7D1,1110,80101B7D0,1e-06,Bitcoin,0.01,US Dollar,ACH,0,0.01
2022/09/03 21:09,1638,8061AC1C0,22185,80BF502B0,0.01,US Dollar,0.01,US Dollar,ACH,0,0.01
2022/09/03 21:18,1638,80501CDF0,3597,815BE8DB0,0.46,US Dollar,0.46,US Dollar,ACH,0,0.46
2022/09/03 21:27,216208,80AE0A4E0,15461,813736C00,0.85,Euro,0.85,Euro,ACH,0,0.8488964346349744
2022/09/03 21:24,5,808F38130,224257,809095570,40.07,Rupee,40.07,Rupee,Wire,0,0.5024451410658307
2022/09/03 21:29,41019,80F2D6740,212,80F344D50,0.49,Australian Dollar,0.49,Australian Dollar,Wire,0,0.3335375399904703
2022/09/03 21:12,142223,80F7EB550,141465,8104E6840,0.14,Australian Dollar,0.14,Australian Dollar,ACH,0,0.09529643999727724
2022/09/03 21:19,142223,80F7EB550,141465,8104E6840,0.16,Australian Dollar,0.16,Australian Dollar,Wire,0,0.10891021713974541
2022/09/03 21:27,41335,8100C0910,42234,8108CE110,0.85,Australian Dollar,0.85,Australian Dollar,Wire,0,0.5785855285548975
2022/09/03 21:16,149453,812347B50,149891,8125C9380,0.97,Brazil Real,0.97,Brazil Real,ACH,0,0.18633779007222992
2022/09/03 21:10,249331,812401AB0,48719,8125CD490,1.48,Brazil Real,1.48,Brazil Real,ACH,0,0.2843092054710312
2022/09/03 21:04,1199,815865170,157900,815E93D10,0.59,Shekel,0.59,Shekel,Wire,0,0.17460270486224141
2022/09/03 21:14,258461,815CF2900,160063,816A7EE20,1.47,Shekel,1.47,Shekel,Wire,0,0.435027078216093
2022/09/03 21:07,15,802226511,15,802226510,1e-06,Bitcoin,0.04,Yuan,ACH,0,0.005793239289748863
2022/09/03 21:19,15,802226511,15,802226510,1e-06,Bitcoin,0.09,Yuan,Wire,0,0.01303478840193494
2022/09/03 21:04,14162,80B96E891,14162,80B96E890,9e-06,Bitcoin,0.11,US Dollar,ACH,0,0.11
2022/09/03 21:23,215571,806379E41,215571,806379E40,1.2e-05,Bitcoin,0.15,US Dollar,ACH,0,0.15
2022/09/03 21:02,215571,806379E41,215571,806379E40,2.3e-05,Bitcoin,0.28,US Dollar,Wire,0,0.28
2022/09/03 21:04,215571,806379E41,215571,806379E40,1.6e-05,Bitcoin,0.18,US Dollar,ACH,0,0.18
2022/09/03 21:38,1422,8003531A0,1291,8011820F0,0.15,US Dollar,0.15,US Dollar,ACH,0,0.15
2022/09/03 21:37,20,80114A9B0,13210,8015A2A60,0.4,US Dollar,0.4,US Dollar,ACH,0,0.4
2022/09/03 21:51,12,800611380,24216,804D105B0,0.1,US Dollar,0.1,US Dollar,Wire,0,0.1
2022/09/03 21:39,1812,801E9D7D0,117301,806D04430,0.18,US Dollar,0.18,US Dollar,ACH,0,0.18
2022/09/03 21:47,1812,801E9D7D0,117301,806D04430,0.33,US Dollar,0.33,US Dollar,Wire,0,0.33
2022/09/03 21:39,215514,80677EB60,25526,80A657880,0.68,US Dollar,0.68,US Dollar,ACH,0,0.68
2022/09/03 21:42,11,80021E2E0,11,80021E2E0,0.66,Euro,0.77,US Dollar,ACH,0,0.77
2022/09/03 21:41,0,8002676B0,25400,80413E210,0.6,Euro,0.6,Euro,Wire,0,0.5992210126835114
2022/09/03 21:55,258461,815CD0200,57466,815CDA630,2.2,Shekel,2.2,Shekel,Wire,0,0.651060933384629
2022/09/03 21:40,236488,814B886B1,236488,814B886B0,3.3e-05,Bitcoin,0.39,US Dollar,Wire,0,0.39
2022/09/03 22:25,21260,801AA7150,13354,801D4D9D0,0.84,US Dollar,0.84,US Dollar,ACH,0,0.84
2022/09/03 22:08,1120,80072D840,1394,80205A340,0.07,US Dollar,0.07,US Dollar,ACH,0,0.07
2022/09/03 22:05,1120,80072D840,1394,80205A340,0.15,US Dollar,0.15,US Dollar,Wire,0,0.15
2022/09/03 22:07,11265,802033370,25017,8105104D0,0.65,US Dollar,0.65,US Dollar,ACH,0,0.65
2022/09/03 22:08,24317,8030C5DA0,231651,8170D9D30,0.46,US Dollar,0.46,US Dollar,ACH,0,0.46
2022/09/03 22:00,33013,80C332430,3718,819CF97C0,0.6,US Dollar,0.6,US Dollar,ACH,0,0.6
2022/09/03 22:25,20,8016595E0,12202,801B60060,0.07,Euro,0.07,Euro,Wire,0,0.06990911814640967
2022/09/03 22:13,24070,80AEF9550,25788,80DB3EE00,0.39,Euro,0.39,Euro,ACH,0,0.3894936582442824
2022/09/03 22:26,29640,8080853B0,29640,8080853B0,0.24,Euro,29.31,Yen,ACH,0,0.20910323178996934
2022/09/03 22:26,29640,8080853B0,130803,8106CB500,0.24,Euro,0.24,Euro,ACH,0,0.23968840507340455
2022/09/03 22:20,29640,8080853B0,29640,8080853B0,0.46,Euro,56.21,Yen,ACH,0,0.4010130555753728
2022/09/03 22:20,29640,8080853B0,130803,8106CB500,0.46,Euro,0.46,Euro,Wire,0,0.4594027763906921
2022/09/03 22:24,27356,803BADFA0,19970,80436A500,3.33,Yuan,3.33,Yuan,ACH,0,0.48228717087159284
2022/09/03 22:29,24,80C3ED011,24,80C3ED010,3e-06,Bitcoin,0.03,UK Pound,ACH,0,0.03469090404495941
2022/09/03 22:01,24,80C3ED011,24,80C3ED010,1e-06,Bitcoin,0.01,UK Pound,ACH,0,0.011563634681653138
2022/09/03 22:41,11265,8008CB850,2692,800FE8BF0,0.67,US Dollar,0.67,US Dollar,Wire,0,0.67
2022/09/03 22:48,21414,805B2E130,4187,80824C270,0.11,US Dollar,0.11,US Dollar,Wire,0,0.11
2022/09/03 22:44,11701,8010EEE10,11305,80AE76E10,0.48,US Dollar,0.48,US Dollar,ACH,0,0.48
2022/09/03 22:34,115114,80F3A90B0,136393,8155FB800,0.01,US Dollar,0.01,US Dollar,ACH,0,0.01
2022/09/03 22:43,129589,80AEE9190,25304,812CDDC20,0.65,Euro,0.65,Euro,ACH,0,0.6491560970738041
2022/09/03 22:43,24643,807719FD0,8087,812DA9D70,0.35,Euro,0.35,Euro,ACH,0,0.3495455907320483
2022/09/03 22:48,223281,808E384F0,124592,80925A0F0,21.25,Rupee,21.25,Rupee,Wire,0,0.2664576802507837
2022/09/03 22:54,119699,809964490,23809,80A0D7EE0,43.85,Rupee,43.85,Rupee,Wire,0,0.5498432601880878
2022/09/03 22:43,135558,80D2569B0,235735,80D251050,1.17,Canadian Dollar,1.17,Canadian Dollar,ACH,0,0.8905465063175521
2022/09/03 22:38,135933,80D399B10,138512,80E35BD50,0.13,Canadian Dollar,0.13,Canadian Dollar,ACH,0,0.09894961181306135
2022/09/03 22:56,28932,80C9F26B1,28932,80C9F26B0,8e-06,Bitcoin,0.09,US Dollar,ACH,0,0.09
2022/09/03 22:50,28932,80C9F26B1,28932,80C9F26B0,9e-06,Bitcoin,0.1,US Dollar,ACH,0,0.1
2022/09/03 22:38,233829,8154AFDD1,233829,8154AFDD0,4e-06,Bitcoin,0.04,US Dollar,ACH,0,0.04
2022/09/03 22:43,233829,8154AFDD1,233829,8154AFDD0,3e-06,Bitcoin,0.04,US Dollar,Wire,0,0.04
2022/09/03 22:44,11495,816EC45C1,11495,816EC45C0,2e-06,Bitcoin,0.03,US Dollar,ACH,0,0.03
2022/09/03 22:32,11495,816EC45C1,11495,816EC45C0,1e-06,Bitcoin,0.02,US Dollar,Wire,0,0.02
2022/09/03 22:30,131099,80EF80FE1,131099,80EF80FE0,2e-06,Bitcoin,0.03,US Dollar,Wire,0,0.03
2022/09/03 22:37,131099,80EF80FE1,131099,80EF80FE0,5e-06,Bitcoin,0.05,US Dollar,ACH,0,0.05
2022/09/03 22:50,251854,814A92671,251854,814A92670,9e-06,Bitcoin,0.11,US Dollar,ACH,0,0.11
2022/09/03 23:24,20,8001E1E00,1,8008F9010,0.08,US Dollar,0.08,US Dollar,ACH,0,0.08
2022/09/03 23:16,11222,800817720,531,800C2BC30,0.07,US Dollar,0.07,US Dollar,ACH,0,0.07
2022/09/03 23:07,11222,800817720,531,800C2BC30,0.03,US Dollar,0.03,US Dollar,Wire,0,0.03
2022/09/03 23:14,11,800C470F0,21828,800C7CD40,0.04,US Dollar,0.04,US Dollar,ACH,0,0.04
2022/09/03 23:02,1291,8007B6380,11770,801FF23D0,0.34,US Dollar,0.34,US Dollar,Wire,0,0.34
2022/09/03 23:10,349,800249990,23319,8058264B0,0.04,US Dollar,0.04,US Dollar,ACH,0,0.04
2022/09/03 23:11,9976,803CBB860,9976,803CBB860,0.04,US Dollar,0.28,Yuan,ACH,0,0.040552675028242044
2022/09/03 23:11,9976,803CBB860,2196,806246440,0.04,US Dollar,0.04,US Dollar,Wire,0,0.04
2022/09/03 23:21,14,8073BF920,14,8073BF920,1.01,US Dollar,73.86,Rupee,ACH,0,0.9261442006269592
2022/09/03 23:06,9715,812969770,16584,8148A9E80,0.93,US Dollar,0.93,US Dollar,Wire,0,0.93
2022/09/03 23:19,23760,810416050,233005,816FB4FB0,0.31,US Dollar,0.31,US Dollar,ACH,0,0.31
2022/09/03 23:18,20,80F3ACC80,222559,81B60AAB0,0.81,US Dollar,0.81,US Dollar,ACH,0,0.81
2022/09/03 23:00,425,80028DD80,425,801A36CB0,0.2,Euro,0.2,Euro,Wire,0,0.19974033756117046
2022/09/03 23:27,24455,8026EF280,6058,80E1C79E0,0.97,Euro,0.97,Euro,ACH,0,0.9687406371716767
2022/09/03 23:19,20,8001B7160,14652,80F10E9D0,0.54,Euro,0.54,Euro,Wire,0,0.5392989114151603
2022/09/03 23:07,22026,80DA771E0,147841,813FE37A0,0.59,Euro,0.59,Euro,Wire,0,0.5892339958054529
2022/09/03 23:24,26922,802991FD0,27425,8035A7FF0,5.85,Yuan,5.85,Yuan,ACH,0,0.8472612461257711
2022/09/03 23:03,26922,802991FD0,27425,8035A7FF0,0.31,Yuan,0.31,Yuan,Wire,0,0.04489760449555369
2022/09/03 23:15,16,80B4C3610,131036,80BE5C2F0,24.42,Ruble,24.42,Ruble,Wire,0,0.4038299350101702
2022/09/03 23:10,34293,80C9582F0,33370,80CA7F4C0,0.75,UK Pound,0.75,UK Pound,ACH,0,0.8672726011239853
2022/09/03 23:29,212,80EFF77E0,43378,8102D1170,0.83,Australian Dollar,0.83,Australian Dollar,Wire,0,0.5649717514124293
2022/09/03 23:09,45907,810E9D5E0,245681,8111909B0,6.41,Mexican Peso,6.41,Mexican Peso,Wire,0,0.3192072107962751
2022/09/03 23:20,219,8135016F0,219,81352FC20,0.1,Swiss Franc,0.1,Swiss Franc,ACH,0,0.1018257354363742
2022/09/03 23:21,219,8135016F0,219,81352FC20,0.09,Swiss Franc,0.09,Swiss Franc,Wire,0,0.09164316189273676
2022/09/03 23:29,1199,81559B750,115,8162D1060,2.61,Shekel,2.61,Shekel,Wire,0,0.7723950164244916
2022/09/03 23:26,9976,8053F81B1,9976,8053F81B0,1.1e-05,Bitcoin,0.87,Yuan,ACH,0,0.12600295455203778
2022/09/03 23:25,9976,8053F81B1,9976,8053F81B0,1e-06,Bitcoin,0.1,Yuan,ACH,0,0.014483098224372158
2022/09/03 23:16,6586,803F648A1,6586,803F648A0,2e-06,Bitcoin,0.02,Euro,ACH,0,0.019974033756117046
2022/09/03 23:24,6586,803F648A1,6586,803F648A0,1e-06,Bitcoin,0.01,Euro,ACH,0,0.009987016878058523
2022/09/03 23:16,6586,803F648A1,6586,803F648A0,1e-06,Bitcoin,0.01,Euro,Wire,0,0.009987016878058523
2022/09/03 23:01,234992,80D2053B1,234992,80D2053B0,1e-06,Bitcoin,0.02,US Dollar,ACH,0,0.02
2022/09/03 23:37,1277,805DD4290,210472,8061FF2B0,0.09,US Dollar,0.09,US Dollar,Wire,0,0.09
2022/09/03 23:45,11,8042075C0,22124,8065D7AC0,0.63,US Dollar,0.63,US Dollar,Wire,0,0.63
2022/09/03 23:54,13243,805251560,226151,80E956090,0.9,US Dollar,0.9,US Dollar,Wire,0,0.9
2022/09/03 23:34,215239,80B6B7360,133530,817BA06E0,0.06,US Dollar,0.06,US Dollar,Wire,0,0.06
2022/09/03 23:36,20,801BEC450,425,801FFD4A0,0.13,Euro,0.13,Euro,ACH,0,0.1298312194147608
2022/09/03 23:55,14213,8024A8410,24455,804564BE0,0.96,Euro,0.96,Euro,ACH,0,0.9587536202936182
2022/09/03 23:50,214423,805FB7E00,114948,8088ECFA0,0.03,Euro,0.03,Euro,ACH,0,0.02996105063417557
2022/09/03 23:41,214423,805FB7E00,114948,8088ECFA0,0.1,Euro,0.1,Euro,Wire,0,0.09987016878058523
2022/09/03 23:47,11314,806C903E0,23848,80DCC6EE0,0.37,Euro,0.37,Euro,ACH,0,0.36951962448816533
2022/09/03 23:41,1776,804C02180,23194,8116575B0,0.01,Euro,0.01,Euro,ACH,0,0.009987016878058523
2022/09/03 23:39,27356,8033CC130,15,80133DAB0,2.86,Yuan,2.86,Yuan,Wire,0,0.4142166092170437
2022/09/03 23:50,19970,804E44F11,19970,804E44F10,1e-06,Bitcoin,0.05,Yuan,ACH,0,0.007241549112186079
2022/09/03 23:42,19970,804E44F11,19970,804E44F10,1e-06,Bitcoin,0.04,Yuan,Wire,0,0.005793239289748863
2022/09/04 00:20,1291,80022E2A0,1291,80022E2A0,3.08,Yuan,0.46,US Dollar,ACH,0,0.46
2022/09/04 00:18,1812,800B30440,22129,80452AB90,0.65,US Dollar,0.65,US Dollar,ACH,0,0.65
2022/09/04 00:25,14,8073BF920,14,8073BF920,1.01,US Dollar,73.86,Rupee,ACH,0,0.9260977505830428
2022/09/04 00:21,6314,809D928C0,6314,809D928C0,0.35,Euro,0.41,US Dollar,ACH,0,0.41
2022/09/04 00:04,3597,809BD2AC0,139835,813967070,0.03,US Dollar,0.03,US Dollar,Wire,0,0.03
2022/09/04 00:25,212730,80716D790,162225,817484EB0,0.46,US Dollar,0.46,US Dollar,ACH,0,0.46
2022/09/04 00:20,1231,800931590,30562,819C3B250,0.28,US Dollar,0.28,US Dollar,Wire,0,0.28
2022/09/04 00:23,14851,801ACB400,24643,8026EBB00,0.01,Euro,0.01,Euro,Wire,0,0.009987016878058523
2022/09/04 00:15,14213,8026D54D0,20,802E22E10,0.01,Euro,0.01,Euro,ACH,0,0.009987016878058523
2022/09/04 00:07,20,80185B040,224191,80CBB8580,0.29,Euro,0.29,Euro,Wire,0,0.28962348946369715
2022/09/04 00:29,29640,8066A2660,29640,8066A2660,0.45,Canadian Dollar,35.57,Yen,ACH,0,0.2536727998858936
2022/09/04 00:13,224237,809077810,224237,809077810,0.28,Euro,23.83,Rupee,ACH,0,0.2987937909070391
2022/09/04 00:24,7,80C8CF220,134744,817E6C3C0,0.56,UK Pound,0.56,UK Pound,Wire,0,0.6474736963810845
2022/09/04 00:08,135558,80D2569B0,235735,80D251050,1.17,Canadian Dollar,1.17,Canadian Dollar,ACH,0,0.8904787274526219
2022/09/04 00:03,19,80004C910,212,80F59CCA0,1.23,Australian Dollar,1.23,Australian Dollar,ACH,0,0.8370193943518203
2022/09/04 00:00,158021,8159600B0,58848,815F560A0,3.32,Shekel,3.32,Shekel,Wire,0,0.9818128049682093
2022/09/04 00:17,157948,816153580,58138,816227AD0,1.44,Shekel,1.44,Shekel,Wire,0,0.4258465178175366
2022/09/04 00:19,169261,8198B3C30,169261,8198B3C31,25.29,Euro,0.002494,Bitcoin,Wire,0,1.2499561462859664e-07
2022/09/04 00:10,1217,800825071,1217,800825070,2.1e-05,Bitcoin,0.25,US Dollar,ACH,0,0.25
2022/09/04 00:07,1217,800825071,1217,800825070,5.8e-05,Bitcoin,0.69,US Dollar,ACH,0,0.69
2022/09/04 00:16,169261,81A3A0FA0,169261,81A3A0FA1,15.18,Euro,0.001497,Bitcoin,ACH,0,7.502743989535252e-08
2022/09/04 00:27,71705,81A9E4750,71705,81A9E4751,5.15,Canadian Dollar,0.000328,Bitcoin,ACH,0,1.64388779463431e-08
2022/09/04 00:23,169309,81A9D4660,169309,81A9D4661,255.79,Brazil Real,0.003813,Bitcoin,ACH,0,1.9110195612623855e-07
2022/09/04 00:20,214,81AB8ABB0,214,81AB8ABB1,5.45,US Dollar,0.000459,Bitcoin,ACH,0,2.3004405418815496e-08
2022/09/04 00:18,227006,80AE0A901,227006,80AE0A900,5e-06,Bitcoin,0.05,Euro,ACH,0,0.049935084390292615
2022/09/04 00:19,227006,80AE0A901,227006,80AE0A900,3.9e-05,Bitcoin,0.4,Euro,ACH,0,0.3994806751223409
2022/09/04 00:23,169500,81AC7C1A0,169500,81AC7C1A1,136.38,Euro,0.01345,Bitcoin,ACH,0,6.740942328607156e-07
2022/09/04 00:14,238352,813947EF1,238352,813947EF0,2e-06,Bitcoin,0.03,US Dollar,Wire,0,0.03
2022/09/04 00:19,238352,813947EF1,238352,813947EF0,1e-06,Bitcoin,0.01,US Dollar,ACH,0,0.01
2022/09/04 00:03,74785,81B8118A0,74785,81B8118A1,2.51,US Dollar,0.000211,Bitcoin,ACH,0,1.0575009898409739e-08
2022/09/04 00:20,170943,81BAD9610,170943,81BAD9611,200.81,Canadian Dollar,0.01281,Bitcoin,ACH,0,6.420183734532168e-07
2022/09/04 00:20,72332,81BB29690,72332,81BB29691,188.06,US Dollar,0.015827,Bitcoin,ACH,0,7.932259794413789e-07
2022/09/04 00:56,11046,80161EF00,28393,80BA73C70,0.69,US Dollar,0.69,US Dollar,ACH,0,0.69
2022/09/04 00:37,27175,807AE0370,239440,80F5DE050,0.04,US Dollar,0.04,US Dollar,ACH,0,0.04
2022/09/04 00:50,21566,8034BD250,14648,814770C70,0.66,US Dollar,0.66,US Dollar,Wire,0,0.66
2022/09/04 00:38,19856,806280370,19856,806280370,0.82,US Dollar,86.72,Yen,ACH,0,0.6184567108828983
2022/09/04 00:58,14,80039ECD0,0,80053C550,0.34,Euro,0.34,Euro,ACH,0,0.3395585738539898
2022/09/04 00:31,214423,805FB7E00,114948,8088ECFA0,0.03,Euro,0.03,Euro,ACH,0,0.02996105063417557
2022/09/04 00:33,214423,805FB7E00,114948,8088ECFA0,0.1,Euro,0.1,Euro,Wire,0,0.09987016878058523
2022/09/04 00:37,1720,802DF49E0,51510,817DD9BE0,0.7,Euro,0.7,Euro,ACH,0,0.6990911814640965
2022/09/04 00:40,26,80290ABE0,19521,8049B42B0,2.68,Yuan,2.68,Yuan,Wire,0,0.3881414109229945
2022/09/04 00:59,72,8087E4B20,123260,808A04E00,59.55,Rupee,59.55,Rupee,Wire,0,0.7466710133661006
2022/09/04 00:40,18,80AD03130,27,80AFA24F0,7.98,Ruble,7.98,Ruble,Wire,0,0.1319859082714477
2022/09/04 00:58,16,80D3F6870,235676,80D436DC0,1.19,Canadian Dollar,1.19,Canadian Dollar,ACH,0,0.9057005860415556
2022/09/04 00:44,14,810E30410,45907,810E5CFE0,16.44,Mexican Peso,16.44,Mexican Peso,Wire,0,0.8185620394343757
2022/09/04 00:34,115,8000DCD00,115,8000DCD00,1.28,Saudi Riyal,1.28,Saudi Riyal,Wire,0,0.3413333333333333
2022/09/04 00:45,63834,817B98C50,263574,817E47270,1.07,Saudi Riyal,1.07,Saudi Riyal,ACH,0,0.2853333333333333
2022/09/04 00:44,63834,817B98C50,263574,817E47270,0.16,Saudi Riyal,0.16,Saudi Riyal,Wire,0,0.042666666666666665
2022/09/04 01:19,20,80114A9B0,13210,8015A2A60,0.4,US Dollar,0.4,US Dollar,ACH,0,0.4
2022/09/04 01:21,12063,80103F920,21939,8034CFBD0,0.59,US Dollar,0.59,US Dollar,ACH,0,0.59
2022/09/04 01:27,12063,80103F920,21939,8034CFBD0,0.61,US Dollar,0.61,US Dollar,Wire,0,0.61
2022/09/04 01:18,22031,801CA3A00,22129,80412E5D0,0.27,US Dollar,0.27,US Dollar,ACH,0,0.27
2022/09/04 01:17,215514,80677EB60,25526,80A657880,0.68,US Dollar,0.68,US Dollar,ACH,0,0.68
2022/09/04 01:22,16,80B51E0C0,16,80B51E0C0,0.26,US Dollar,20.42,Ruble,ACH,0,0.3377383768048825
2022/09/04 01:22,1217,8004B0300,230733,80E1B43A0,0.23,US Dollar,0.23,US Dollar,Wire,0,0.23
2022/09/04 01:15,9715,81479D6D0,35798,817478D50,0.09,US Dollar,0.09,US Dollar,ACH,0,0.09
2022/09/04 01:01,20,80F3ACC80,222559,81B60AAB0,0.81,US Dollar,0.81,US Dollar,ACH,0,0.81
2022/09/04 01:14,116186,8063C4860,118293,806C7DA60,0.11,Euro,0.11,Euro,ACH,0,0.10985718565864376
2022/09/04 01:18,116186,8063C4860,118293,806C7DA60,0.03,Euro,0.03,Euro,Wire,0,0.02996105063417557
2022/09/04 01:08,12055,800D06700,120478,817BB8B20,0.45,Euro,0.45,Euro,Wire,0,0.4494157595126336
2022/09/04 01:01,234142,80CFB3510,233674,81B473870,0.24,UK Pound,0.24,UK Pound,Wire,0,0.2774887270204648
2022/09/04 01:13,157948,815E4E900,59157,81620F460,0.9,Shekel,0.9,Shekel,Wire,0,0.2661540736359604
2022/09/04 01:12,115,817551900,63587,8175DB870,0.6,Saudi Riyal,0.6,Saudi Riyal,Wire,0,0.16
2022/09/04 01:05,12307,804A176B1,12307,804A176B0,8.5e-05,Bitcoin,6.77,Yuan,ACH,0,0.9804915492345793
2022/09/04 01:16,12307,804A176B1,12307,804A176B0,3e-06,Bitcoin,0.26,Yuan,ACH,0,0.037655510014917376
2022/09/04 01:23,13243,805993661,13243,805993660,1e-06,Bitcoin,0.01,US Dollar,ACH,0,0.01
2022/09/04 01:56,20,80005E480,1217,801605C80,0.19,US Dollar,0.19,US Dollar,ACH,0,0.19
2022/09/04 01:32,214867,803125AC0,5855,806FC1650,0.64,US Dollar,0.64,US Dollar,ACH,0,0.64
2022/09/04 01:37,2368,8058F6FD0,215187,8075D7A40,0.4,US Dollar,0.4,US Dollar,ACH,0,0.4
2022/09/04 01:45,1277,806A88340,1807,8139DBE10,0.25,US Dollar,0.25,US Dollar,Wire,0,0.25
2022/09/04 01:36,118840,807595990,115966,816ACB2C0,0.58,US Dollar,0.58,US Dollar,ACH,0,0.58
2022/09/04 01:34,117694,80898C130,1807,81916FDB0,0.08,US Dollar,0.08,US Dollar,ACH,0,0.08
2022/09/04 01:58,2293,8025A0760,8811,805F6B2B0,0.16,Euro,0.16,Euro,ACH,0,0.15979227004893637
2022/09/04 01:35,2293,8025A0760,8811,805F6B2B0,0.09,Euro,0.09,Euro,Wire,0,0.0898831519025267
2022/09/04 01:52,2293,801DE8470,14195,8065B81E0,0.18,Euro,0.18,Euro,ACH,0,0.1797663038050534
2022/09/04 01:51,1390,800B391E0,15516,80322EF00,0.62,Euro,0.62,Euro,ACH,0,0.6191950464396284
2022/09/04 01:38,126455,809F50C10,223281,80A0DEF40,76.57,Rupee,76.57,Rupee,ACH,0,0.9600772375053287
2022/09/04 01:36,26169,809C91C70,127170,80A80D310,41.6,Rupee,41.6,Rupee,Wire,0,0.5216039320911804
2022/09/04 01:54,136474,80D9D4770,138426,80E2B3780,0.68,Canadian Dollar,0.68,Canadian Dollar,ACH,0,0.5175431920237461
2022/09/04 01:43,135933,80D399B10,138512,80E35BD50,0.13,Canadian Dollar,0.13,Canadian Dollar,ACH,0,0.0989420808280691
2022/09/04 01:53,41126,80F39ABE0,41019,80F4E8E00,0.11,Australian Dollar,0.11,Australian Dollar,Wire,0,0.0748553929908132
2022/09/04 01:50,257433,815355FD0,59700,816290590,1.56,Shekel,1.56,Shekel,ACH,0,0.46133372763566466
2022/09/04 01:50,158021,815A42580,59704,8165E9BD0,3.32,Shekel,3.32,Shekel,ACH,0,0.9818128049682093
2022/09/04 01:38,259272,8162A2740,157900,816737830,2.12,Shekel,2.12,Shekel,ACH,0,0.6269407067869289
2022/09/04 01:57,18,817F7E650,115,81810C3F0,0.71,Saudi Riyal,0.71,Saudi Riyal,Wire,0,0.18933333333333333
2022/09/04 01:31,117105,8119C39E0,117105,8119C39E0,1.89,Saudi Riyal,0.43,Euro,ACH,0,0.4294417257565165
2022/09/04 01:31,117105,8119C39E0,115,818D700A0,1.89,Saudi Riyal,1.89,Saudi Riyal,Wire,0,0.504
2022/09/04 01:34,220015,80C4EA211,220015,80C4EA210,6.1e-05,Bitcoin,0.72,US Dollar,ACH,0,0.72
2022/09/04 01:53,1422,803EEDC91,1422,803EEDC90,6.8e-05,Bitcoin,0.81,US Dollar,ACH,0,0.81
2022/09/04 01:44,1422,803EEDC91,1422,803EEDC90,6e-06,Bitcoin,0.07,US Dollar,ACH,0,0.07
2022/09/04 02:10,349,8014AA100,13703,802C9FB20,0.16,US Dollar,0.16,US Dollar,Wire,0,0.16
2022/09/04 02:23,1422,8014D18C0,13703,8030F2990,0.17,US Dollar,0.17,US Dollar,Wire,0,0.17
2022/09/04 02:19,11222,801687630,1439,805FFD070,0.55,US Dollar,0.55,US Dollar,Wire,0,0.55
2022/09/04 02:00,124222,80C93FAB0,45803,8157911F0,0.21,US Dollar,0.21,US Dollar,Wire,0,0.21
2022/09/04 02:11,5206,806302F50,212730,819C49A10,0.1,US Dollar,0.1,US Dollar,Wire,0,0.1
2022/09/04 02:17,11,80021E2E0,11,80021E2E0,0.66,Euro,0.77,US Dollar,ACH,0,0.77
2022/09/04 02:00,425,802260690,5436,8032E6110,0.3,Euro,0.3,Euro,ACH,0,0.2996105063417557
2022/09/04 02:11,123520,8118B8320,51510,8197716F0,0.95,Euro,0.95,Euro,ACH,0,0.9487666034155596
2022/09/04 02:05,16,80D1F7860,16,80D272CC0,0.61,Canadian Dollar,0.61,Canadian Dollar,ACH,0,0.4642666869624781
2022/09/04 02:20,252477,813AA11C0,52898,813C61ED0,0.87,Swiss Franc,0.87,Swiss Franc,ACH,0,0.8857756645862817
2022/09/04 02:14,123520,80B895EB1,123520,80B895EB0,1.4e-05,Bitcoin,0.14,Euro,Wire,0,0.13981823629281934
2022/09/04 02:05,13474,803A93631,13474,803A93630,7e-06,Bitcoin,0.08,US Dollar,Wire,0,0.08
2022/09/04 02:17,13474,803A93631,13474,803A93630,2e-05,Bitcoin,0.23,US Dollar,ACH,0,0.23
2022/09/04 02:12,13474,803A93631,13474,803A93630,1e-06,Bitcoin,0.01,US Dollar,ACH,0,0.01
2022/09/04 02:35,11770,800CCCD30,6314,8030DDC40,0.12,US Dollar,0.12,US Dollar,ACH,0,0.12
2022/09/04 02:31,21566,802B1C5E0,18656,80388DEE0,0.09,US Dollar,0.09,US Dollar,Wire,0,0.09
2022/09/04 02:52,349,8002C50A0,216093,807BCEBE0,0.39,US Dollar,0.39,US Dollar,ACH,0,0.39
2022/09/04 02:37,1217,8001E84A0,28865,80D20E590,0.32,US Dollar,0.32,US Dollar,Wire,0,0.32
2022/09/04 02:52,1291,80062C100,12063,80D363F60,0.85,US Dollar,0.85,US Dollar,Wire,0,0.85
2022/09/04 02:30,4187,80817CE90,131857,818E6D090,0.54,US Dollar,0.54,US Dollar,Wire,0,0.54
2022/09/04 02:55,18990,814AB21B0,126883,81A1F77D0,0.35,US Dollar,0.35,US Dollar,Wire,0,0.35
2022/09/04 02:49,5383,8024062D0,248188,81A59E060,0.48,Euro,0.48,Euro,Wire,0,0.4793768101468091
2022/09/04 02:56,11832,804787DE0,220421,8078DE720,88.03,Yen,88.03,Yen,Wire,0,0.6277991727285694
2022/09/04 02:55,14,809A5D360,24713,80A33DB00,3.55,Rupee,3.55,Rupee,ACH,0,0.04451187401258871
2022/09/04 02:36,235647,80D55F1E0,136009,80DEC3200,0.69,Canadian Dollar,0.69,Canadian Dollar,Wire,0,0.5251541213182129
2022/09/04 02:57,28932,80C9F26B1,28932,80C9F26B0,8e-06,Bitcoin,0.09,US Dollar,ACH,0,0.09
2022/09/04 02:51,28932,80C9F26B1,28932,80C9F26B0,9e-06,Bitcoin,0.1,US Dollar,ACH,0,0.1
2022/09/04 02:31,217862,80D464061,217862,80D464060,6.7e-05,Bitcoin,0.79,US Dollar,ACH,0,0.79
2022/09/04 02:36,18840,810929291,18840,810929290,1e-06,Bitcoin,0.01,US Dollar,ACH,0,0.01
2022/09/04 02:40,16679,8136C1341,16679,8136C1340,8e-06,Bitcoin,0.09,US Dollar,ACH,0,0.09
2022/09/04 02:32,16679,8136C1341,16679,8136C1340,1.2e-05,Bitcoin,0.14,US Dollar,ACH,0,0.14
2022/09/04 02:58,133620,81B6D0E51,133620,81B6D0E50,1e-06,Bitcoin,0.01,US Dollar,ACH,0,0.01
2022/09/04 02:47,133620,81B6D0E51,133620,81B6D0E50,1e-06,Bitcoin,0.01,US Dollar,Wire,0,0.01
2022/09/04 03:04,20,800179890,349,8005C62E0,0.79,US Dollar,0.79,US Dollar,ACH,0,0.79
2022/09/04 03:09,11701,80131CA00,13821,801B3A290,0.75,US Dollar,0.75,US Dollar,Wire,0,0.75
2022/09/04 03:22,1120,8008774A0,1231,8045A75A0,0.64,US Dollar,0.64,US Dollar,ACH,0,0.64
2022/09/04 03:12,12,8019D00E0,212996,8054CB750,0.54,US Dollar,0.54,US Dollar,Wire,0,0.54
2022/09/04 03:13,18840,8045DEBB0,113016,8065A0000,0.45,US Dollar,0.45,US Dollar,ACH,0,0.45
2022/09/04 03:12,18840,8045DEBB0,113016,8065A0000,0.7,US Dollar,0.7,US Dollar,Wire,0,0.7
2022/09/04 03:02,1,800FDB700,39701,80ECB11F0,0.34,US Dollar,0.34,US Dollar,Wire,0,0.34
2022/09/04 03:00,11265,802033370,25017,8105104D0,0.65,US Dollar,0.65,US Dollar,ACH,0,0.65
2022/09/04 03:19,45261,812571B20,243246,814F775A0,0.01,US Dollar,0.01,US Dollar,ACH,0,0.01
2022/09/04 03:00,45261,812571B20,243246,814F775A0,0.01,US Dollar,0.01,US Dollar,Wire,0,0.01
2022/09/04 03:28,26922,8029D2AA0,17213,80351D250,0.1,Yuan,0.1,Yuan,Wire,0,0.014482888467275913
2022/09/04 03:23,19414,808C4F2C0,26765,80A2162B0,34.63,Rupee,34.63,Rupee,Wire,0,0.4342101963537879
2022/09/04 03:29,232857,80C8CE730,135422,80CFAB900,0.46,UK Pound,0.46,UK Pound,Wire,0,0.5318533934558909
2022/09/04 03:28,265175,818C49230,66761,8193BF740,2.83,Saudi Riyal,2.83,Saudi Riyal,Wire,0,0.7546666666666667
2022/09/04 03:29,43642,810733E91,43642,810733E90,1e-06,Bitcoin,0.01,Euro,ACH,0,0.009987016878058523
2022/09/04 03:10,237253,819763991,237253,819763990,1e-06,Bitcoin,0.02,US Dollar,ACH,0,0.02
2022/09/04 03:59,20,800543060,20,80072C120,0.33,US Dollar,0.33,US Dollar,ACH,0,0.33
2022/09/04 03:37,117301,806CA4410,13821,8083F7FE0,0.56,US Dollar,0.56,US Dollar,Wire,0,0.56
2022/09/04 03:46,224,800B2F5B0,239440,810E5F360,0.23,US Dollar,0.23,US Dollar,ACH,0,0.23
2022/09/04 03:46,3671,801AEE670,14003,801E1BE40,0.27,Euro,0.27,Euro,ACH,0,0.26964945570758014
2022/09/04 03:50,14213,8024A8410,24455,804564BE0,0.96,Euro,0.96,Euro,ACH,0,0.9587536202936182
2022/09/04 03:48,15400,802CF3FA0,14213,806B0BDD0,0.06,Euro,0.06,Euro,Wire,0,0.05992210126835114
2022/09/04 03:30,17353,8079980A0,123440,80AA036D0,0.04,Euro,0.04,Euro,Wire,0,0.03994806751223409
2022/09/04 03:47,7082,80340C570,110134,80499FBB0,1.49,Yuan,1.49,Yuan,Wire,0,0.2157950381624111
2022/09/04 03:57,29867,804EA19C0,12469,8053FFC00,4.39,Yuan,4.39,Yuan,Wire,0,0.6357988037134126
2022/09/04 03:59,63940,817B15D20,165768,81819BA10,0.53,Saudi Riyal,0.53,Saudi Riyal,ACH,0,0.14133333333333334
2022/09/04 03:51,63834,8178EF1E0,165362,818C81940,3.29,Saudi Riyal,3.29,Saudi Riyal,ACH,0,0.8773333333333333
2022/09/04 03:53,28932,8181585B1,28932,8181585B0,2e-06,Bitcoin,0.03,US Dollar,Wire,0,0.03
2022/09/04 03:32,28932,8181585B1,28932,8181585B0,7e-06,Bitcoin,0.08,US Dollar,ACH,0,0.08
2022/09/04 04:29,1422,800803850,1291,8008222E0,0.41,US Dollar,0.41,US Dollar,ACH,0,0.41
2022/09/04 04:00,5206,808761DE0,5571,80A9634C0,0.22,US Dollar,0.22,US Dollar,Wire,0,0.22
2022/09/04 04:20,25242,8025178C0,19589,814DF9F40,0.27,US Dollar,0.27,US Dollar,Wire,0,0.27
2022/09/04 04:21,1638,80501CDF0,3597,815BE8DB0,0.46,US Dollar,0.46,US Dollar,ACH,0,0.46
2022/09/04 04:20,20798,807D2FEC0,25384,809132990,0.66,Euro,0.66,Euro,ACH,0,0.6591431139518625
2022/09/04 04:27,20798,807D2FEC0,25384,809132990,0.11,Euro,0.11,Euro,Wire,0,0.10985718565864376
2022/09/04 04:22,11314,806C903E0,23848,80DCC6EE0,0.37,Euro,0.37,Euro,ACH,0,0.36951962448816533
2022/09/04 04:27,15,803D99910,13191,804DCF760,0.74,Yuan,0.74,Yuan,Wire,0,0.10717337465784176
2022/09/04 04:11,17256,806BD8EC0,17256,806BD8EC0,1.82,Saudi Riyal,0.49,US Dollar,ACH,0,0.49
2022/09/04 04:03,17256,806BD8EC0,17256,806BD8EC0,1.3,Saudi Riyal,0.35,US Dollar,ACH,0,0.35
2022/09/04 04:26,17256,806BD8EC0,17256,806BD8EC0,0.04,Saudi Riyal,0.01,US Dollar,ACH,0,0.01
2022/09/04 04:26,17256,806BD8EC0,115,818D2DC20,0.04,Saudi Riyal,0.04,Saudi Riyal,ACH,0,0.010666666666666666
2022/09/04 04:20,17256,806BD8EC0,17256,806BD8EC0,0.12,Saudi Riyal,0.03,US Dollar,ACH,0,0.03
2022/09/04 04:20,17256,806BD8EC0,115,818D2DC20,0.12,Saudi Riyal,0.12,Saudi Riyal,Wire,0,0.032
2022/09/04 04:17,16262,80D414FC1,16262,80D414FC0,1e-06,Bitcoin,0.01,US Dollar,Wire,0,0.01
2022/09/04 04:09,16262,80D414FC1,16262,80D414FC0,1e-06,Bitcoin,0.01,US Dollar,ACH,0,0.01
2022/09/04 04:14,1110,80101B7D1,1110,80101B7D0,1e-06,Bitcoin,0.01,US Dollar,ACH,0,0.01
2022/09/04 04:01,1110,80101B7D1,1110,80101B7D0,1e-06,Bitcoin,0.01,US Dollar,ACH,0,0.01
2022/09/04 04:43,349,800997340,1422,801120820,0.8,US Dollar,0.8,US Dollar,ACH,0,0.8
2022/09/04 04:37,23319,8013DF450,1439,802D603D0,0.57,US Dollar,0.57,US Dollar,ACH,0,0.57
2022/09/04 04:34,24438,809062190,24438,80CE91200,0.09,US Dollar,0.09,US Dollar,ACH,0,0.09
2022/09/04 04:35,24027,80A6315B0,28930,80ACC2640,0.56,Euro,0.56,Euro,Wire,0,0.5592729451712773
2022/09/04 04:57,1768,800DFB240,5436,80CA83E50,0.94,Euro,0.94,Euro,Wire,0,0.9387795865375012
2022/09/04 04:34,27425,8039D0300,19970,8040002D0,6.55,Yuan,6.55,Yuan,ACH,0,0.9486291946065722
2022/09/04 04:57,29592,8059B3700,117284,815700F30,89.84,Yen,89.84,Yen,Wire,0,0.640707459706176
2022/09/04 04:59,29592,8045973F0,122538,81573F0D0,56.92,Yen,56.92,Yen,ACH,0,0.4059335330195407
2022/09/04 04:52,3718,80215F8C0,3718,80215F8C0,0.44,UK Pound,0.57,US Dollar,ACH,0,0.57
2022/09/04 04:45,116,811DC5930,210,811E1FAE0,1.69,Brazil Real,1.69,Brazil Real,Wire,0,0.32448830690065666
2022/09/04 04:36,14162,80B96E891,14162,80B96E890,9e-06,Bitcoin,0.11,US Dollar,ACH,0,0.11
2022/09/04 04:57,21566,81868A501,21566,81868A500,1e-06,Bitcoin,0.01,US Dollar,ACH,0,0.01
2022/09/04 04:50,21566,81868A501,21566,81868A500,1e-06,Bitcoin,0.01,US Dollar,ACH,0,0.01
2022/09/04 05:08,110400,805565050,110400,805565050,0.83,US Dollar,5.55,Yuan,ACH,0,0.8038003099338131
2022/09/04 05:08,110400,805565050,1812,807CF5BA0,0.83,US Dollar,0.83,US Dollar,ACH,0,0.83
2022/09/04 05:29,1807,815196330,171007,81AE180F0,0.33,US Dollar,0.33,US Dollar,Wire,0,0.33
2022/09/04 05:26,12503,801501E10,17289,808607270,0.05,Euro,0.05,Euro,ACH,0,0.049935084390292615
2022/09/04 05:14,425,802316060,219353,80EA19ED0,0.15,Euro,0.15,Euro,Wire,0,0.14980525317087784
2022/09/04 05:11,11,8078144A0,15763,813670C50,0.85,Euro,0.85,Euro,ACH,0,0.8488964346349744
2022/09/04 05:12,249331,812401AB0,48719,8125CD490,1.48,Brazil Real,1.48,Brazil Real,ACH,0,0.28416727468223185
2022/09/04 05:21,5571,811AFB9B1,5571,811AFB9B0,5e-06,Bitcoin,0.06,US Dollar,ACH,0,0.06
2022/09/04 05:04,215571,806379E41,215571,806379E40,1.2e-05,Bitcoin,0.15,US Dollar,ACH,0,0.15
2022/09/04 05:27,215571,806379E41,215571,806379E40,2.3e-05,Bitcoin,0.28,US Dollar,ACH,0,0.28
2022/09/04 05:11,215571,806379E41,215571,806379E40,1.6e-05,Bitcoin,0.18,US Dollar,Wire,0,0.18
2022/09/04 05:17,3533,804AD5281,3533,804AD5280,1.3e-05,Bitcoin,0.15,US Dollar,ACH,0,0.15
2022/09/04 05:53,214107,80B7FFC00,25443,80C508B50,0.21,US Dollar,0.21,US Dollar,ACH,0,0.21
2022/09/04 05:53,11770,800BBF8B0,18493,80DC12120,0.15,US Dollar,0.15,US Dollar,ACH,0,0.15
2022/09/04 05:59,22661,80EA856D0,1120,811B705A0,0.41,US Dollar,0.41,US Dollar,ACH,0,0.41
2022/09/04 05:52,9856,80494B800,9856,80494B800,0.41,US Dollar,2.73,Yuan,ACH,0,0.3953828551566324
2022/09/04 05:47,227876,80DFB3970,134019,81AD373E0,0.2,US Dollar,0.2,US Dollar,ACH,0,0.2
2022/09/04 05:40,227876,80DFB3970,134019,81AD373E0,0.3,US Dollar,0.3,US Dollar,Wire,0,0.3
2022/09/04 05:38,23726,80292EDE0,23848,804D96F50,0.06,Euro,0.06,Euro,ACH,0,0.05992210126835114
2022/09/04 05:59,27,8028C83E0,229822,80FA22A40,6.42,Yuan,6.42,Yuan,ACH,0,0.9298014395991137
2022/09/04 05:52,29572,805B57150,115648,808027E50,35.52,Yen,35.52,Yen,ACH,0,0.25331621737270005
2022/09/04 05:56,29572,805B57150,115648,808027E50,135.04,Yen,135.04,Yen,Wire,0,0.9630580516331478
2022/09/04 05:53,23642,808EEE840,224237,8091F5040,18.32,Rupee,18.32,Rupee,Wire,0,0.2297063470170775
2022/09/04 05:56,212,80F85E410,41335,80F908230,0.05,Australian Dollar,0.05,Australian Dollar,ACH,0,0.03402517863218782
2022/09/04 05:44,212,80F85E410,41335,80F908230,0.17,Australian Dollar,0.17,Australian Dollar,Wire,0,0.11568560734943859
2022/09/04 05:53,249331,8123401C0,248957,8124BCA80,3.29,Brazil Real,3.29,Brazil Real,ACH,0,0.6316961714219884
2022/09/04 05:50,248756,8122EF900,49700,812918580,0.14,Brazil Real,0.14,Brazil Real,Wire,0,0.026880688145616533
2022/09/04 05:54,153743,813C29500,156900,814EA13E0,0.21,Swiss Franc,0.21,Swiss Franc,ACH,0,0.21380791903806798
2022/09/04 05:36,9096,80540B791,9096,80540B790,2e-06,Bitcoin,0.14,Yuan,ACH,0,0.02027604385418628
2022/09/04 05:32,9096,80540B791,9096,80540B790,1e-06,Bitcoin,0.07,Yuan,Wire,0,0.01013802192709314
2022/09/04 05:45,24216,81295A431,24216,81295A430,1e-06,Bitcoin,0.01,US Dollar,Wire,0,0.01
2022/09/04 05:46,4894,80B853B61,4894,80B853B60,1.9e-05,Bitcoin,0.23,US Dollar,Wire,0,0.23
2022/09/04 06:18,224,8001DC0F0,531,80050FB20,0.13,US Dollar,0.13,US Dollar,Wire,0,0.13
2022/09/04 06:17,11265,8011E9AE0,1889,802ED9990,0.1,US Dollar,0.1,US Dollar,Wire,0,0.1
2022/09/04 06:12,11,800D1AD80,28932,804F52230,0.69,US Dollar,0.69,US Dollar,ACH,0,0.69
2022/09/04 06:21,118536,807C93C40,127980,814B5D520,0.82,US Dollar,0.82,US Dollar,ACH,0,0.82
2022/09/04 06:14,118536,807C93C40,127980,814B5D520,0.59,US Dollar,0.59,US Dollar,Wire,0,0.59
2022/09/04 06:13,21267,808924FF0,131333,80C330A60,0.05,Euro,0.05,Euro,ACH,0,0.049935084390292615
2022/09/04 06:26,21267,808924FF0,131333,80C330A60,0.1,Euro,0.1,Euro,Wire,0,0.09987016878058523
2022/09/04 06:01,2293,80587A2D0,47801,813687100,0.29,Euro,0.29,Euro,Wire,0,0.28962348946369715
2022/09/04 06:27,21444,801AE0890,217215,8147EDA30,0.57,Euro,0.57,Euro,ACH,0,0.5692599620493358
2022/09/04 06:20,17096,806A222E0,17891,807975910,51.6,Yen,51.6,Yen,ACH,0,0.3679931536157467
2022/09/04 06:13,72,8073E2030,19413,8087E4100,59.96,Rupee,59.96,Rupee,Wire,0,0.7518118213506533
2022/09/04 06:06,49411,8128ABAA0,149108,812F66640,0.18,Brazil Real,0.18,Brazil Real,Wire,0,0.034560884758649824
2022/09/04 06:00,248957,8129AF640,48858,8130EA6C0,4.04,Brazil Real,4.04,Brazil Real,ACH,0,0.7756998579163628
2022/09/04 06:11,219,8135016F0,219,81352FC20,0.1,Swiss Franc,0.1,Swiss Franc,ACH,0,0.10181329478003238
2022/09/04 06:01,219,8135016F0,219,81352FC20,0.09,Swiss Franc,0.09,Swiss Franc,Wire,0,0.09163196530202913
2022/09/04 06:02,11,804350CA1,11,804350CA0,1e-06,Bitcoin,0.09,Yuan,ACH,0,0.013034599620548322
2022/09/04 06:28,11,804350CA1,11,804350CA0,1e-06,Bitcoin,0.09,Yuan,ACH,0,0.013034599620548322
2022/09/04 06:37,20,8000F0530,1,8002293E0,0.89,US Dollar,0.89,US Dollar,ACH,0,0.89
2022/09/04 06:56,20,800420460,21130,8120CED60,0.31,US Dollar,0.31,US Dollar,Wire,0,0.31
2022/09/04 06:41,6058,802527000,15516,80347E3C0,0.8,Euro,0.8,Euro,ACH,0,0.7989613502446818
2022/09/04 06:36,223762,80BBFC1B0,215505,80EF17A90,0.25,Euro,0.25,Euro,Wire,0,0.24967542195146308
2022/09/04 06:36,12,805C51540,117912,807E687A0,0.68,Yen,0.68,Yen,ACH,0,0.004849522179432321
2022/09/04 06:45,11,800DB1D60,11,800DB1D60,0.87,Australian Dollar,0.53,Euro,ACH,0,0.5293118945371017
2022/09/04 06:47,11,800DB1D60,11,800DB1D60,0.17,Australian Dollar,0.1,Euro,ACH,0,0.09987016878058523
2022/09/04 06:44,50707,812EA1190,148894,8132518B0,2.12,Brazil Real,2.12,Brazil Real,Wire,0,0.4070504204907646
2022/09/04 06:48,112,813EC5F50,254535,8142EC6A0,0.19,Swiss Franc,0.19,Swiss Franc,ACH,0,0.1934452600820615
2022/09/04 06:50,157948,81546AC60,259116,815C3D7E0,3.33,Shekel,3.33,Shekel,ACH,0,0.9847700724530534
2022/09/04 06:52,6586,803F648A1,6586,803F648A0,2e-06,Bitcoin,0.02,Euro,ACH,0,0.019974033756117046
2022/09/04 06:38,6586,803F648A1,6586,803F648A0,1e-06,Bitcoin,0.01,Euro,ACH,0,0.009987016878058523
2022/09/04 06:42,6586,803F648A1,6586,803F648A0,1e-06,Bitcoin,0.01,Euro,ACH,0,0.009987016878058523
2022/09/04 06:43,2545,80A313571,2545,80A313570,1e-06,Bitcoin,0.01,US Dollar,ACH,0,0.01
2022/09/04 06:50,11495,816EC45C1,11495,816EC45C0,2e-06,Bitcoin,0.03,US Dollar,Wire,0,0.03
2022/09/04 06:54,11495,816EC45C1,11495,816EC45C0,1e-06,Bitcoin,0.02,US Dollar,Wire,0,0.02
2022/09/04 06:34,251854,814A92671,251854,814A92670,9e-06,Bitcoin,0.11,US Dollar,ACH,0,0.11
2022/09/04 07:20,12063,800BA6940,12063,800F4C050,0.33,US Dollar,0.33,US Dollar,Wire,0,0.33
2022/09/04 07:14,1110,801B711F0,1394,804CDF860,0.95,US Dollar,0.95,US Dollar,Wire,0,0.95
2022/09/04 07:26,213123,8075651A0,220015,807F51820,0.1,US Dollar,0.1,US Dollar,ACH,0,0.1
2022/09/04 07:27,5617,805536460,218072,810F62D70,0.25,US Dollar,0.25,US Dollar,ACH,0,0.25
2022/09/04 07:02,5617,805536460,218072,810F62D70,0.96,US Dollar,0.96,US Dollar,Wire,0,0.96
2022/09/04 07:06,21260,805D1E930,131099,81432A140,0.15,US Dollar,0.15,US Dollar,Wire,0,0.15
2022/09/04 07:27,117912,806A5D500,117912,806A5D500,0.98,US Dollar,103.4,Yen,ACH,0,0.7374126372842676
2022/09/04 07:24,13,800086730,13,800086730,0.09,US Dollar,1.97,Mexican Peso,ACH,0,0.09808803027285401
2022/09/04 07:11,13,800086730,13,800086730,0.21,US Dollar,4.34,Mexican Peso,ACH,0,0.21609241187014538
2022/09/04 07:15,423,801EFC5A0,425,810621FC0,0.85,Euro,0.85,Euro,Wire,0,0.8488964346349744
2022/09/04 07:10,114983,8088132D0,7272,811A43D60,0.02,Euro,0.02,Euro,ACH,0,0.019974033756117046
2022/09/04 07:03,2557,8031147C0,233908,816EE3AE0,0.05,Euro,0.05,Euro,Wire,0,0.049935084390292615
2022/09/04 07:06,219,8135A5AF0,153802,8146AF660,0.41,Swiss Franc,0.41,Swiss Franc,ACH,0,0.4174345085981327
2022/09/04 07:23,21828,801A2BCE1,21828,801A2BCE0,4e-05,Bitcoin,0.48,US Dollar,ACH,0,0.48
2022/09/04 07:17,21828,801A2BCE1,21828,801A2BCE0,2e-05,Bitcoin,0.24,US Dollar,ACH,0,0.24
2022/09/04 07:21,21828,801A2BCE1,21828,801A2BCE0,5e-06,Bitcoin,0.06,US Dollar,ACH,0,0.06
2022/09/04 07:02,21828,801A2BCE1,21828,801A2BCE0,9e-06,Bitcoin,0.11,US Dollar,ACH,0,0.11
2022/09/04 07:05,34117,818B73D51,34117,818B73D50,2e-05,Bitcoin,0.23,US Dollar,ACH,0,0.23
2022/09/04 07:14,34117,818B73D51,34117,818B73D50,5e-06,Bitcoin,0.06,US Dollar,Wire,0,0.06
2022/09/04 07:28,131099,80EF80FE1,131099,80EF80FE0,2e-06,Bitcoin,0.03,US Dollar,Wire,0,0.03
2022/09/04 07:17,131099,80EF80FE1,131099,80EF80FE0,5e-06,Bitcoin,0.05,US Dollar,Wire,0,0.05
2022/09/04 07:29,1277,801747551,1277,801747550,2e-06,Bitcoin,0.02,US Dollar,ACH,0,0.02
2022/09/04 07:13,1277,801747551,1277,801747550,1e-06,Bitcoin,0.01,US Dollar,ACH,0,0.01
2022/09/04 07:01,132021,81B0BAE11,132021,81B0BAE10,9e-06,Bitcoin,0.1,US Dollar,ACH,0,0.1
2022/09/04 07:13,132021,81B0BAE11,132021,81B0BAE10,4e-06,Bitcoin,0.05,US Dollar,Wire,0,0.05
2022/09/04 07:00,132021,81B0BAE11,132021,81B0BAE10,1e-06,Bitcoin,0.01,US Dollar,ACH,0,0.01
2022/09/04 07:54,21260,801AA7150,13354,801D4D9D0,0.84,US Dollar,0.84,US Dollar,ACH,0,0.84
2022/09/04 07:44,9976,803CBB860,9976,803CBB860,0.04,US Dollar,0.28,Yuan,ACH,0,0.04055208770837256
2022/09/04 07:44,9976,803CBB860,2196,806246440,0.04,US Dollar,0.04,US Dollar,Wire,0,0.04
2022/09/04 07:59,116473,809E8B960,215766,80B0B2DE0,0.45,US Dollar,0.45,US Dollar,ACH,0,0.45
2022/09/04 07:42,116473,809E8B960,215766,80B0B2DE0,0.59,US Dollar,0.59,US Dollar,Wire,0,0.59
2022/09/04 07:58,15355,806DBFC80,1807,8136D9B10,0.13,US Dollar,0.13,US Dollar,Wire,0,0.13
2022/09/04 07:58,140626,81524DCC0,160797,8190F76E0,0.13,US Dollar,0.13,US Dollar,ACH,0,0.13
2022/09/04 07:59,498,80B475ED0,19622,80E9E0B80,0.57,Euro,0.57,Euro,Wire,0,0.5692599620493358
2022/09/04 07:59,21048,80A183750,7839,811BBCBA0,0.56,Euro,0.56,Euro,ACH,0,0.5592729451712773
2022/09/04 07:52,12274,800F19DE0,18396,8126BA640,0.06,Euro,0.06,Euro,Wire,0,0.05992210126835114
2022/09/04 07:37,117960,806A4F220,17180,808081380,19.58,Yen,19.58,Yen,Wire,0,0.13963771216659535
2022/09/04 07:39,19413,8072D53F0,26,8073B9F10,33.26,Rupee,33.26,Rupee,ACH,0,0.4170323745517466
2022/09/04 07:54,123824,808C00170,128540,80A7C4BB0,0.88,Rupee,0.88,Rupee,Wire,0,0.011033929332698046
2022/09/04 07:52,16,80B4C3610,131036,80BE5C2F0,24.42,Ruble,24.42,Ruble,Wire,0,0.40389672681563327
2022/09/04 07:31,152768,813BB3020,152926,813EBA5D0,0.57,Swiss Franc,0.57,Swiss Franc,ACH,0,0.5803357802461845
2022/09/04 07:50,220822,808171E31,220822,808171E30,7e-06,Bitcoin,0.08,US Dollar,ACH,0,0.08
2022/09/04 07:31,220822,808171E31,220822,808171E30,4e-06,Bitcoin,0.04,US Dollar,ACH,0,0.04
2022/09/04 07:34,213123,8057CF451,213123,8057CF450,1e-06,Bitcoin,0.01,US Dollar,Wire,0,0.01
2022/09/04 08:01,1639,80076AFF0,2860,80149EFE0,0.76,US Dollar,0.76,US Dollar,Wire,0,0.76
2022/09/04 08:14,24633,8079B6050,11305,8100EF290,0.44,US Dollar,0.44,US Dollar,Wire,0,0.44
2022/09/04 08:13,22481,804D3BD70,17256,811904040,0.18,US Dollar,0.18,US Dollar,Wire,0,0.18
2022/09/04 08:21,23319,80EA093A0,149701,81A4C8D80,0.32,US Dollar,0.32,US Dollar,Wire,0,0.32
2022/09/04 08:26,119699,808FB3C00,23486,80A8F9C00,37.33,Rupee,37.33,Rupee,ACH,0,0.46806429771547503
2022/09/04 08:15,41335,8100C0910,42234,8108CE110,0.85,Australian Dollar,0.85,Australian Dollar,Wire,0,0.5784280367471929
2022/09/04 08:10,153607,813CEB690,53736,813E5CFD0,0.79,Swiss Franc,0.79,Swiss Franc,ACH,0,0.8043250287622558
2022/09/04 08:13,226851,816B97391,226851,816B97390,3e-06,Bitcoin,0.04,US Dollar,ACH,0,0.04
2022/09/04 08:29,226851,816B97391,226851,816B97390,1.1e-05,Bitcoin,0.13,US Dollar,ACH,0,0.13
2022/09/04 08:05,236488,814B886B1,236488,814B886B0,3.3e-05,Bitcoin,0.39,US Dollar,ACH,0,0.39
2022/09/04 08:27,115114,808D85791,115114,808D85790,4e-06,Bitcoin,0.05,US Dollar,ACH,0,0.05
2022/09/04 08:23,115114,808D85791,115114,808D85790,1.3e-05,Bitcoin,0.16,US Dollar,ACH,0,0.16
2022/09/04 08:22,152229,81B595BF1,152229,81B595BF0,4e-06,Bitcoin,0.05,US Dollar,ACH,0,0.05
2022/09/04 08:26,152229,81B595BF1,152229,81B595BF0,3e-06,Bitcoin,0.04,US Dollar,ACH,0,0.04
2022/09/04 08:50,15,8043C2130,15,8043C2130,0.5,US Dollar,3.33,Yuan,ACH,0,0.48228018596028793
2022/09/04 08:46,226436,8116F8E60,121335,811A665C0,0.51,US Dollar,0.51,US Dollar,ACH,0,0.51
2022/09/04 08:36,234717,811E14BB0,21647,8123DD050,0.77,US Dollar,0.77,US Dollar,ACH,0,0.77
2022/09/04 08:35,115114,80F3A90B0,136393,8155FB800,0.01,US Dollar,0.01,US Dollar,ACH,0,0.01
2022/09/04 08:58,13821,80C2C8690,219788,8182FE3D0,0.02,US Dollar,0.02,US Dollar,ACH,0,0.02
2022/09/04 08:54,13821,80C2C8690,219788,8182FE3D0,0.01,US Dollar,0.01,US Dollar,Wire,0,0.01
2022/09/04 08:50,15726,806F2E2F0,15726,806F2E2F0,1.19,US Dollar,125.25,Yen,ACH,0,0.8932391955498502
2022/09/04 08:40,20,8000626A0,6269,802697A30,0.5,Euro,0.5,Euro,ACH,0,0.49935084390292617
2022/09/04 08:59,10920,80464FFD0,17768,8048D8AC0,1.51,Yuan,1.51,Yuan,ACH,0,0.2186916158558663
2022/09/04 08:52,10920,80464FFD0,17768,8048D8AC0,4.27,Yuan,4.27,Yuan,Wire,0,0.6184193375526814
2022/09/04 08:36,136424,80D5763A0,235647,80D646EA0,1.14,Canadian Dollar,1.14,Canadian Dollar,Wire,0,0.8676459395692213
2022/09/04 08:33,42130,8102CD020,11,810BBED90,0.18,Australian Dollar,0.18,Australian Dollar,ACH,0,0.12249064307587613
2022/09/04 08:40,42130,8102CD020,11,810BBED90,0.08,Australian Dollar,0.08,Australian Dollar,Wire,0,0.05444028581150051
2022/09/04 08:48,249523,812695720,11,813477530,3.23,Brazil Real,3.23,Brazil Real,ACH,0,0.6201758765024384
2022/09/04 08:55,152768,81360D7E0,53905,814EBB580,0.5,Swiss Franc,0.5,Swiss Franc,ACH,0,0.5090664739001619
2022/09/04 08:34,1199,81559B750,115,8162D1060,2.61,Shekel,2.61,Shekel,Wire,0,0.7718468135442851
2022/09/04 08:52,263025,817385330,163897,8179BB6A0,3.29,Saudi Riyal,3.29,Saudi Riyal,ACH,0,0.8773333333333333
2022/09/04 08:55,1231,805EFBA41,1231,805EFBA40,1e-06,Bitcoin,0.01,US Dollar,ACH,0,0.01
2022/09/04 09:04,1231,80013AF70,531,80054F690,0.12,US Dollar,0.12,US Dollar,ACH,0,0.12
2022/09/04 09:15,1231,80013AF70,531,80054F690,0.04,US Dollar,0.04,US Dollar,Wire,0,0.04
2022/09/04 09:20,2860,80056F030,21260,8009EB8B0,0.72,US Dollar,0.72,US Dollar,ACH,0,0.72
2022/09/04 09:02,11495,800918520,1,802FBABE0,0.01,US Dollar,0.01,US Dollar,ACH,0,0.01
2022/09/04 09:29,15786,806B92710,21260,80CAC0620,0.44,US Dollar,0.44,US Dollar,ACH,0,0.44
2022/09/04 09:06,110593,804E47E70,110593,804E47E70,0.23,US Dollar,1.51,Yuan,ACH,0,0.2186916158558663
2022/09/04 09:05,110593,804E47E70,110593,804E47E70,0.42,US Dollar,2.83,Yuan,ACH,0,0.4098657436239084
2022/09/04 09:22,12204,800CF6900,13243,80FB99A80,0.27,US Dollar,0.27,US Dollar,Wire,0,0.27
2022/09/04 09:07,25017,810A2CD30,226659,81AC2AC80,0.94,US Dollar,0.94,US Dollar,Wire,0,0.94
2022/09/04 09:12,21444,801D38770,12386,801EE7C40,0.93,Euro,0.93,Euro,Wire,0,0.9287925696594427
2022/09/04 09:11,16505,8085CE9A0,5312,80BBF7870,0.64,Euro,0.64,Euro,ACH,0,0.6391690801957455
2022/09/04 09:11,9856,80496F480,11587,80502F680,1.3,Yuan,1.3,Yuan,Wire,0,0.18827755007458688
2022/09/04 09:15,10073,803B43050,113804,8085CDE20,0.76,Yuan,0.76,Yuan,ACH,0,0.11006995235129695
2022/09/04 09:06,18,80BD61360,230595,80C029E30,38.49,Ruble,38.49,Ruble,ACH,0,0.636608722978449
2022/09/04 09:22,18,80BD61360,230595,80C029E30,41.62,Ruble,41.62,Ruble,Wire,0,0.6883776318618613
2022/09/04 09:19,45907,810E9D5E0,245681,8111909B0,6.41,Mexican Peso,6.41,Mexican Peso,Wire,0,0.31915952997410874
2022/09/04 09:03,22435,801E3C4D1,22435,801E3C4D0,6e-06,Bitcoin,0.07,US Dollar,Wire,0,0.07
2022/09/04 09:27,22435,801E3C4D1,22435,801E3C4D0,1e-05,Bitcoin,0.11,US Dollar,Wire,0,0.11
2022/09/04 09:57,1120,80072D840,1394,80205A340,0.07,US Dollar,0.07,US Dollar,ACH,0,0.07
2022/09/04 09:41,1120,80072D840,1394,80205A340,0.15,US Dollar,0.15,US Dollar,Wire,0,0.15
2022/09/04 09:59,20,80015A0A0,18903,807301480,0.18,US Dollar,0.18,US Dollar,Wire,0,0.18
2022/09/04 09:54,3440,807FA2640,28958,80F5A6190,0.26,US Dollar,0.26,US Dollar,Wire,0,0.26
2022/09/04 09:37,8106,8043AA550,12966,811129F40,0.71,US Dollar,0.71,US Dollar,Wire,0,0.71
2022/09/04 09:40,29433,80AD2AF10,215505,80E2F7CD0,0.09,Euro,0.09,Euro,ACH,0,0.0898831519025267
2022/09/04 09:36,29433,80AD2AF10,215505,80E2F7CD0,0.15,Euro,0.15,Euro,Wire,0,0.14980525317087784
2022/09/04 09:40,9534,8042DDB50,9735,814E3F330,4.15,Yuan,4.15,Yuan,ACH,0,0.6010398713919505
2022/09/04 09:39,9534,8042DDB50,9735,814E3F330,0.66,Yuan,0.66,Yuan,Wire,0,0.09558706388402104
2022/09/04 09:41,149453,812347B50,149891,8125C9380,0.97,Brazil Real,0.97,Brazil Real,ACH,0,0.18624476786605737
2022/09/04 09:48,18,81739E770,263431,817D4DE50,0.08,Saudi Riyal,0.08,Saudi Riyal,ACH,0,0.021333333333333333
2022/09/04 09:59,11047,800724CF1,11047,800724CF0,1e-06,Bitcoin,0.01,US Dollar,ACH,0,0.01
2022/09/04 09:57,216492,80E1B5F81,216492,80E1B5F80,1e-06,Bitcoin,0.01,US Dollar,ACH,0,0.01
2022/09/04 09:44,216492,80E1B5F81,216492,80E1B5F80,1e-06,Bitcoin,0.01,US Dollar,ACH,0,0.01
2022/09/04 09:37,5394,80524ED81,5394,80524ED80,1e-06,Bitcoin,0.01,US Dollar,ACH,0,0.01
2022/09/04 09:42,5394,80524ED81,5394,80524ED80,1e-06,Bitcoin,0.01,US Dollar,ACH,0,0.01
2022/09/04 09:55,234992,80D2053B1,234992,80D2053B0,1e-06,Bitcoin,0.02,US Dollar,ACH,0,0.02
2022/09/04 09:44,11265,805923411,11265,805923410,6e-06,Bitcoin,0.07,US Dollar,ACH,0,0.07
2022/09/04 09:37,11265,805923411,11265,805923410,6e-06,Bitcoin,0.07,US Dollar,ACH,0,0.07
2022/09/04 10:29,11,8042075C0,22124,8065D7AC0,0.63,US Dollar,0.63,US Dollar,Wire,0,0.63
2022/09/04 10:23,1291,8002D0DA0,221024,818AA23F0,0.19,US Dollar,0.19,US Dollar,ACH,0,0.19
2022/09/04 10:04,1291,8002D0DA0,221024,818AA23F0,0.17,US Dollar,0.17,US Dollar,Wire,0,0.17
2022/09/04 10:26,19,810D814A0,1135,8112EAB50,6.05,Mexican Peso,6.05,Mexican Peso,Wire,0,0.30123481378211514
2022/09/04 10:16,265216,8180D03F0,216,8187ED450,1.17,Saudi Riyal,1.17,Saudi Riyal,Wire,0,0.312
2022/09/04 10:11,228849,813731801,228849,813731800,4.1e-05,Bitcoin,0.49,US Dollar,ACH,0,0.49
2022/09/04 10:53,531,800B8C480,1,8030F7BB0,0.36,US Dollar,0.36,US Dollar,Wire,0,0.36
2022/09/04 10:30,21393,800CC9030,113317,8051087A0,0.16,US Dollar,0.16,US Dollar,ACH,0,0.16
2022/09/04 10:34,1231,800A90040,11265,8055B0930,0.33,US Dollar,0.33,US Dollar,ACH,0,0.33
2022/09/04 10:39,23319,804604310,11305,805E97430,0.58,US Dollar,0.58,US Dollar,Wire,0,0.58
2022/09/04 10:32,224574,8099324C0,224574,8099324C0,0.92,US Dollar,67.66,Rupee,ACH,0,0.8483587030117611
2022/09/04 10:45,8814,80210F880,11968,80E066600,0.79,US Dollar,0.79,US Dollar,Wire,0,0.79
2022/09/04 10:59,11,80067DB00,238219,81A149410,0.72,US Dollar,0.72,US Dollar,Wire,0,0.72
2022/09/04 10:53,6058,806C17E20,4308,8090B1D30,0.91,Euro,0.91,Euro,ACH,0,0.9088185359033256
2022/09/04 10:53,1595,802E2B0E0,11314,80C90BCE0,0.01,Euro,0.01,Euro,ACH,0,0.009987016878058523
2022/09/04 10:39,24070,80AEF9550,25788,80DB3EE00,0.39,Euro,0.39,Euro,ACH,0,0.3894936582442824
2022/09/04 10:54,21479,80841E450,21479,80841E450,1.08,Euro,133.87,Yen,ACH,0,0.9547140208244188
2022/09/04 10:49,123519,80B1AD8C0,25400,8116BCAE0,0.49,Euro,0.49,Euro,ACH,0,0.48936382702486764
2022/09/04 10:35,117105,80E97A0E0,244413,811B7C300,0.62,Euro,0.62,Euro,ACH,0,0.6191950464396284
2022/09/04 10:31,117105,80E97A0E0,244413,811B7C300,0.94,Euro,0.94,Euro,Wire,0,0.9387795865375012
2022/09/04 10:53,27356,80494A960,13577,80523FBA0,1.95,Yuan,1.95,Yuan,Wire,0,0.2824163251118803
2022/09/04 10:47,12,803729CD0,29592,80457D640,111.88,Yen,111.88,Yen,ACH,0,0.7978890315218942
2022/09/04 10:32,19856,806220C90,29572,806624F80,52.71,Yen,52.71,Yen,Wire,0,0.37590928540864355
2022/09/04 10:44,23,806800370,117912,808001DE0,102.36,Yen,102.36,Yen,Wire,0,0.7299957210098417
2022/09/04 10:49,17803,80EE84BB1,17803,80EE84BB0,1e-06,Bitcoin,0.01,US Dollar,ACH,0,0.01
2022/09/04 10:48,24317,80319DEF1,24317,80319DEF0,1.2e-05,Bitcoin,0.15,US Dollar,ACH,0,0.15
2022/09/04 10:38,24317,80319DEF1,24317,80319DEF0,2.3e-05,Bitcoin,0.27,US Dollar,ACH,0,0.27
2022/09/04 10:46,210472,812C2A4E1,210472,812C2A4E0,4.5e-05,Bitcoin,0.53,US Dollar,Wire,0,0.53
2022/09/04 10:52,262622,817786051,262622,817786050,1e-06,Bitcoin,0.01,US Dollar,Wire,0,0.01
2022/09/04 11:28,210277,8050083A0,210277,8050083A0,0.28,US Dollar,1.87,Yuan,ACH,0,0.2708300143380596
2022/09/04 11:05,210277,8050083A0,210277,8050083A0,0.44,US Dollar,2.97,Yuan,ACH,0,0.4301417874780947
2022/09/04 11:05,210277,8050083A0,16456,80608A100,0.44,US Dollar,0.44,US Dollar,ACH,0,0.44
2022/09/04 11:04,210277,8050083A0,210277,8050083A0,0.27,US Dollar,1.78,Yuan,ACH,0,0.2577954147175113
2022/09/04 11:04,210277,8050083A0,16456,80608A100,0.27,US Dollar,0.27,US Dollar,Wire,0,0.27
2022/09/04 11:27,220188,807FA4E00,22031,808D4EAA0,0.46,US Dollar,0.46,US Dollar,Wire,0,0.46
2022/09/04 11:02,1638,8055912D0,22481,80ABD7EA0,0.5,US Dollar,0.5,US Dollar,ACH,0,0.5
2022/09/04 11:29,1638,8055912D0,22481,80ABD7EA0,0.05,US Dollar,0.05,US Dollar,Wire,0,0.05
2022/09/04 11:17,224,8059E0A40,238352,816A56960,0.29,US Dollar,0.29,US Dollar,Wire,0,0.29
2022/09/04 11:03,0,800064CA0,11437,8035E3560,0.94,Euro,0.94,Euro,ACH,0,0.9387795865375012
2022/09/04 11:00,0,800064CA0,11437,8035E3560,0.09,Euro,0.09,Euro,Wire,0,0.0898831519025267
2022/09/04 11:06,5383,8066794C0,8884,80CBDCB80,0.81,Euro,0.81,Euro,Wire,0,0.8089483671227404
2022/09/04 11:18,216208,80AE0A4E0,15461,813736C00,0.85,Euro,0.85,Euro,ACH,0,0.8488964346349744
2022/09/04 11:09,5,808F38130,224257,809095570,40.07,Rupee,40.07,Rupee,Wire,0,0.5024199413195576
2022/09/04 11:08,124359,80A6C9810,226937,80A940650,54.08,Rupee,54.08,Rupee,ACH,0,0.6780851117185345
2022/09/04 11:07,13210,810D16561,13210,810D16560,9e-06,Bitcoin,0.1,US Dollar,ACH,0,0.1
2022/09/04 11:10,13210,810D16561,13210,810D16560,4.7e-05,Bitcoin,0.56,US Dollar,ACH,0,0.56
2022/09/04 11:10,13210,810D16561,13210,810D16560,6e-06,Bitcoin,0.07,US Dollar,ACH,0,0.07
2022/09/04 11:00,113213,81712B1E1,113213,81712B1E0,9e-06,Bitcoin,0.1,US Dollar,ACH,0,0.1
2022/09/04 11:23,113213,81712B1E1,113213,81712B1E0,2e-05,Bitcoin,0.24,US Dollar,ACH,0,0.24
2022/09/04 11:31,21260,80081F040,3533,805F002C0,0.85,US Dollar,0.85,US Dollar,Wire,0,0.85
2022/09/04 11:55,216796,807278030,229026,80B8319B0,0.17,US Dollar,0.17,US Dollar,ACH,0,0.17
2022/09/04 11:45,18890,804940560,128019,80B9F2A80,0.16,US Dollar,0.16,US Dollar,ACH,0,0.16
2022/09/04 11:48,20,8001A3BB0,14,800278A90,0.38,Euro,0.38,Euro,ACH,0,0.37950664136622386
2022/09/04 11:50,1776,804C02180,23194,8116575B0,0.01,Euro,0.01,Euro,ACH,0,0.009987016878058523
2022/09/04 11:42,12055,8053AF820,123519,8116A0410,0.55,Euro,0.55,Euro,ACH,0,0.5492859282932188
2022/09/04 11:54,24070,80CEF6200,29154,81B7E52C0,0.71,Euro,0.71,Euro,Wire,0,0.7090781983421551
2022/09/04 11:31,28335,803E36950,8997,804BADD20,2.61,Yuan,2.61,Yuan,Wire,0,0.3780033889959013
2022/09/04 11:58,17096,80681DD80,117286,8079F20A0,139.27,Yen,139.27,Yen,ACH,0,0.9932249322493226
2022/09/04 11:57,17096,80681DD80,117286,8079F20A0,101.54,Yen,101.54,Yen,Wire,0,0.7241477677934675
2022/09/04 11:41,14,8072509D0,119732,808AC9640,5.55,Rupee,5.55,Rupee,ACH,0,0.06958898613235699
2022/09/04 11:30,26,8087E39A0,72,808C3E940,36.91,Rupee,36.91,Rupee,Wire,0,0.4627981041703237
2022/09/04 11:58,232857,80C4AD780,233282,80CA700C0,0.84,UK Pound,0.84,UK Pound,Wire,0,0.9712105445716267
2022/09/04 11:43,34293,80C9582F0,33370,80CA7F4C0,0.75,UK Pound,0.75,UK Pound,ACH,0,0.8671522719389525
2022/09/04 11:53,10,80D262BD0,136311,80DFADA30,1.23,Canadian Dollar,1.23,Canadian Dollar,ACH,0,0.936144303219423
2022/09/04 11:44,10,80D262BD0,136311,80DFADA30,0.63,Canadian Dollar,0.63,Canadian Dollar,Wire,0,0.4794885455514118
2022/09/04 11:40,142114,80FB102A0,44198,810B12B70,0.36,Australian Dollar,0.36,Australian Dollar,Wire,0,0.24498128615175227
2022/09/04 11:41,6045,80348F281,6045,80348F280,4.7e-05,Bitcoin,0.56,US Dollar,ACH,0,0.56
2022/09/04 11:45,126588,816CA6A01,126588,816CA6A00,1e-05,Bitcoin,0.12,US Dollar,ACH,0,0.12
2022/09/04 11:51,126588,816CA6A01,126588,816CA6A00,2e-05,Bitcoin,0.24,US Dollar,ACH,0,0.24
2022/09/04 12:29,11046,800A181A0,25526,802B37A70,0.85,US Dollar,0.85,US Dollar,Wire,0,0.85
2022/09/04 12:26,1812,801E9D7D0,117301,806D04430,0.18,US Dollar,0.18,US Dollar,ACH,0,0.18
2022/09/04 12:16,1812,801E9D7D0,117301,806D04430,0.33,US Dollar,0.33,US Dollar,Wire,0,0.33
2022/09/04 12:04,221100,808275780,110777,80A622CF0,0.64,US Dollar,0.64,US Dollar,Wire,0,0.64
2022/09/04 12:03,11255,808CF6280,349,80E273FC0,0.17,US Dollar,0.17,US Dollar,Wire,0,0.17
2022/09/04 12:03,225862,810D336D0,66473,8185BC3D0,0.19,US Dollar,0.19,US Dollar,ACH,0,0.19
2022/09/04 12:05,425,800577310,11314,8007AB810,0.07,Euro,0.07,Euro,ACH,0,0.06990911814640967
2022/09/04 12:12,12503,801D534A0,12274,806E0F2E0,0.15,Euro,0.15,Euro,Wire,0,0.14980525317087784
2022/09/04 12:10,3,80017E980,211362,80EE427F0,0.55,Euro,0.55,Euro,ACH,0,0.5492859282932188
2022/09/04 12:01,26922,802991FD0,27425,8035A7FF0,5.85,Yuan,5.85,Yuan,ACH,0,0.8472489753356409
2022/09/04 12:29,26922,802991FD0,27425,8035A7FF0,0.31,Yuan,0.31,Yuan,Wire,0,0.04489695424855533
2022/09/04 12:28,27,802CCA580,26,804E27BE0,4.31,Yuan,4.31,Yuan,Wire,0,0.6242124929395918
2022/09/04 12:19,11,8037DCE40,110164,804FF2D20,0.92,Yuan,0.92,Yuan,ACH,0,0.1332425738989384
2022/09/04 12:06,11,8037DCE40,110164,804FF2D20,1.78,Yuan,1.78,Yuan,Wire,0,0.2577954147175113
2022/09/04 12:02,215278,80662D430,17380,806F9B970,80.28,Yen,80.28,Yen,Wire,0,0.5725288831835686
2022/09/04 12:11,125103,809CEF3D0,227113,80EC0BFC0,75.61,Rupee,75.61,Rupee,Wire,0,0.94804022368784
2022/09/04 12:03,134489,80CF154D0,34749,817E84D80,0.1,UK Pound,0.1,UK Pound,Wire,0,0.11562030292519367
2022/09/04 12:19,1199,815865170,157900,815E93D10,0.59,Shekel,0.59,Shekel,Wire,0,0.17447878160579625
2022/09/04 12:07,63587,817692A10,263186,817EBBC40,2.68,Saudi Riyal,2.68,Saudi Riyal,ACH,0,0.7146666666666667
2022/09/04 12:17,129888,80FA30121,129888,80FA30120,8e-06,Bitcoin,0.64,Yuan,Wire,0,0.09269048619056584
2022/09/04 12:28,234116,80CA1C091,234116,80CA1C090,5e-06,Bitcoin,0.04,UK Pound,ACH,0,0.04624812117007747
2022/09/04 12:02,234116,80CA1C091,234116,80CA1C090,1.7e-05,Bitcoin,0.15,UK Pound,ACH,0,0.17343045438779048
2022/09/04 12:35,16263,804D6F220,19561,8075DBDA0,0.28,US Dollar,0.28,US Dollar,ACH,0,0.28
2022/09/04 12:53,5033,804AE0060,120280,807C75400,0.14,US Dollar,0.14,US Dollar,Wire,0,0.14
2022/09/04 12:48,22031,800E58EE0,136393,8113DD340,0.39,US Dollar,0.39,US Dollar,Wire,0,0.39
2022/09/04 12:52,24317,805DCFD90,133620,818C8FAA0,0.15,US Dollar,0.15,US Dollar,ACH,0,0.15
2022/09/04 12:55,24317,805DCFD90,133620,818C8FAA0,0.19,US Dollar,0.19,US Dollar,Wire,0,0.19
2022/09/04 12:36,12274,800E80510,14,801AD3980,0.26,Euro,0.26,Euro,ACH,0,0.2596624388295216
2022/09/04 12:34,129589,80AEE9190,25304,812CDDC20,0.65,Euro,0.65,Euro,ACH,0,0.6491560970738041
2022/09/04 12:42,123957,809001310,5,80E225950,43.98,Rupee,43.98,Rupee,Wire,0,0.5514456955137046
2022/09/04 12:46,27,80ACF4B10,18,80AFA8890,40.8,Ruble,40.8,Ruble,Wire,0,0.6748151701096574
2022/09/04 12:53,8,80D1FE240,235943,80EECB6C0,0.21,Canadian Dollar,0.21,Canadian Dollar,ACH,0,0.15982951518380392
2022/09/04 12:40,48719,8127682E0,149891,812876270,5.04,Brazil Real,5.04,Brazil Real,ACH,0,0.9677047732421951
2022/09/04 12:37,49411,8128D9C10,249585,812F88870,4.5,Brazil Real,4.5,Brazil Real,ACH,0,0.8640221189662456
2022/09/04 12:48,2860,801015AA1,2860,801015AA0,1e-06,Bitcoin,0.01,US Dollar,Wire,0,0.01
2022/09/04 13:20,36176,80DA1A850,27234,80FED72E0,0.21,US Dollar,0.21,US Dollar,ACH,0,0.21
2022/09/04 13:20,36176,80DA1A850,27234,80FED72E0,0.04,US Dollar,0.04,US Dollar,Wire,0,0.04
2022/09/04 13:01,115771,806194DE0,5855,816CF3FB0,0.03,US Dollar,0.03,US Dollar,Wire,0,0.03
2022/09/04 13:03,394,8009F63A0,11255,8196DA800,0.85,US Dollar,0.85,US Dollar,ACH,0,0.85
2022/09/04 13:05,236897,81467AC50,21828,81B2B6C70,0.57,US Dollar,0.57,US Dollar,Wire,0,0.57
2022/09/04 13:12,17059,80DC75570,5082,815167690,0.9,Euro,0.9,Euro,Wire,0,0.8988315190252671
2022/09/04 13:29,26,803A712D0,9856,8041F7640,4.64,Yuan,4.64,Yuan,ACH,0,0.6720060248816023
2022/09/04 13:24,119732,807322F90,123800,808CC9D90,53.73,Rupee,53.73,Rupee,ACH,0,0.673696617097575
2022/09/04 13:20,119732,808EFC890,124304,80A1906D0,72.58,Rupee,72.58,Rupee,Wire,0,0.9100483988263911
2022/09/04 13:23,41019,80F2D6740,212,80F344D50,0.49,Australian Dollar,0.49,Australian Dollar,Wire,0,0.3334467505954406
2022/09/04 13:18,110,80F58D840,241503,80F8A5D80,0.01,Australian Dollar,0.01,Australian Dollar,ACH,0,0.006805035726437564
2022/09/04 13:11,246242,8112D1C70,46152,81130D600,0.44,Mexican Peso,0.44,Mexican Peso,ACH,0,0.0219079864568811
2022/09/04 13:19,246242,8112D1C70,46152,81130D600,0.21,Mexican Peso,0.21,Mexican Peso,Wire,0,0.010456084445329616
2022/09/04 13:14,149805,8128801B0,149805,812B199F0,4.84,Brazil Real,4.84,Brazil Real,ACH,0,0.9293037901770286
2022/09/04 13:01,15,802226511,15,802226510,1e-06,Bitcoin,0.04,Yuan,ACH,0,0.005793155386910365
2022/09/04 13:21,15,802226511,15,802226510,1e-06,Bitcoin,0.09,Yuan,Wire,0,0.013034599620548322
2022/09/04 13:02,233829,8154AFDD1,233829,8154AFDD0,4e-06,Bitcoin,0.04,US Dollar,ACH,0,0.04
2022/09/04 13:01,233829,8154AFDD1,233829,8154AFDD0,3e-06,Bitcoin,0.04,US Dollar,Wire,0,0.04
2022/09/04 13:47,12,800611380,24216,804D105B0,0.1,US Dollar,0.1,US Dollar,Wire,0,0.1
2022/09/04 13:58,14558,810BD3590,14558,810BD3590,0.8,US Dollar,5.39,Yuan,ACH,0,0.7806276883861717
2022/09/04 13:34,12,803B3CC20,12,803B3CC20,1.0,US Dollar,6.68,Yuan,ACH,0,0.967456949614031
2022/09/04 13:53,20,8016595E0,12202,801B60060,0.07,Euro,0.07,Euro,Wire,0,0.06990911814640967
2022/09/04 13:53,2557,8024C4F70,14,8084CEE90,0.67,Euro,0.67,Euro,Wire,0,0.6691301308299211
2022/09/04 13:36,22026,80DA771E0,147841,813FE37A0,0.59,Euro,0.59,Euro,Wire,0,0.5892339958054529
2022/09/04 13:56,12386,801D63820,144936,814347700,0.6,Euro,0.6,Euro,Wire,0,0.5992210126835114
2022/09/04 13:46,394,8002CDA20,125589,8144A4010,0.91,Euro,0.91,Euro,Wire,0,0.9088185359033256
2022/09/04 13:54,135933,80D2A0EC0,136009,80D773380,0.63,Canadian Dollar,0.63,Canadian Dollar,ACH,0,0.4794885455514118
2022/09/04 13:36,113,810F24EF0,14,8110B9CC0,0.25,Mexican Peso,0.25,Mexican Peso,ACH,0,0.012447719577773353
2022/09/04 13:59,53933,813EC21B0,254535,814E7E080,0.02,Swiss Franc,0.02,Swiss Franc,ACH,0,0.020362658956006474
2022/09/04 13:47,59033,815F8D890,59157,8162E66C0,0.06,Shekel,0.06,Shekel,ACH,0,0.017743604909064025
2022/09/04 13:51,163233,8175EF040,65300,818E4C2A0,1.72,Saudi Riyal,1.72,Saudi Riyal,ACH,0,0.45866666666666667
2022/09/04 13:37,214111,80DC91711,214111,80DC91710,2e-06,Bitcoin,0.03,US Dollar,ACH,0,0.03
2022/09/04 13:50,214111,80DC91711,214111,80DC91710,3e-06,Bitcoin,0.03,US Dollar,ACH,0,0.03
2022/09/04 13:37,1231,8001DEA81,1231,8001DEA80,1.5e-05,Bitcoin,0.18,US Dollar,Wire,0,0.18
2022/09/04 13:31,1231,8001DEA81,1231,8001DEA80,2e-06,Bitcoin,0.03,US Dollar,ACH,0,0.03
2022/09/04 13:58,17803,8098E8B31,17803,8098E8B30,5e-06,Bitcoin,0.06,US Dollar,ACH,0,0.06
2022/09/04 13:51,17803,8098E8B31,17803,8098E8B30,4e-06,Bitcoin,0.05,US Dollar,Wire,0,0.05
2022/09/04 13:39,262622,819D3EB91,262622,819D3EB90,2.6e-05,Bitcoin,0.31,US Dollar,Wire,0,0.31
2022/09/04 13:37,262622,819D3EB91,262622,819D3EB90,3e-06,Bitcoin,0.03,US Dollar,Wire,0,0.03
2022/09/04 14:26,115966,8060F9C30,139974,81594AA30,0.69,US Dollar,0.69,US Dollar,Wire,0,0.69
2022/09/04 14:07,10311,80D95E8F0,10311,80D95E8F0,0.9,US Dollar,6.04,Yuan,ACH,0,0.8747664634234652
2022/09/04 14:07,10311,80D95E8F0,152972,8186AFB40,0.9,US Dollar,0.9,US Dollar,ACH,0,0.9
2022/09/04 14:14,10311,80D95E8F0,10311,80D95E8F0,0.95,US Dollar,6.35,Yuan,ACH,0,0.9196634176720204
2022/09/04 14:14,10311,80D95E8F0,152972,8186AFB40,0.95,US Dollar,0.95,US Dollar,Wire,0,0.95
2022/09/04 14:11,215557,806461090,215557,806461090,1.07,Euro,132.35,Yen,ACH,0,0.9438739124233347
2022/09/04 14:18,9856,8039C9460,9530,80504A9B0,0.71,Yuan,0.71,Yuan,ACH,0,0.10282850811765898
2022/09/04 14:13,119732,808A159E0,19414,808AF3190,60.42,Rupee,60.42,Rupee,ACH,0,0.7575795571381999
2022/09/04 14:20,10,80D275690,135558,80D52DC40,0.02,Canadian Dollar,0.02,Canadian Dollar,ACH,0,0.015221858588933709
2022/09/04 14:27,256566,814EC36A0,18,814F44D60,0.44,Swiss Franc,0.44,Swiss Franc,ACH,0,0.44797849703214243
2022/09/04 14:12,349,8005E58B1,349,8005E58B0,4e-06,Bitcoin,0.05,US Dollar,ACH,0,0.05
2022/09/04 14:07,349,8005E58B1,349,8005E58B0,9e-06,Bitcoin,0.11,US Dollar,ACH,0,0.11
2022/09/04 14:24,11661,819D702A1,11661,819D702A0,6.9e-05,Bitcoin,0.82,US Dollar,ACH,0,0.82
2022/09/04 14:32,20,8001E1E00,1,8008F9010,0.08,US Dollar,0.08,US Dollar,ACH,0,0.08
2022/09/04 14:52,1422,8003531A0,1291,8011820F0,0.15,US Dollar,0.15,US Dollar,ACH,0,0.15
2022/09/04 14:32,1291,8003CF060,13354,8014D32F0,0.79,US Dollar,0.79,US Dollar,Wire,0,0.79
2022/09/04 14:47,1291,8007B6380,11770,801FF23D0,0.34,US Dollar,0.34,US Dollar,Wire,0,0.34
2022/09/04 14:57,22086,8011FD3A0,5394,80458ADC0,0.16,US Dollar,0.16,US Dollar,ACH,0,0.16
2022/09/04 14:49,110821,804256540,21260,8064F4DC0,0.18,US Dollar,0.18,US Dollar,ACH,0,0.18
2022/09/04 14:44,22086,80121C480,2175,809E8B1D0,0.8,US Dollar,0.8,US Dollar,Wire,0,0.8
2022/09/04 14:30,110400,805198320,110400,805198320,0.54,US Dollar,3.59,Yuan,ACH,0,0.5199356959752053
2022/09/04 14:34,110400,805198320,110400,805198320,0.63,US Dollar,4.24,Yuan,ACH,0,0.6140744710124988
2022/09/04 14:34,110400,805198320,11222,80B7D77A0,0.63,US Dollar,0.63,US Dollar,ACH,0,0.63
2022/09/04 14:42,12,801587680,150269,818552B50,0.34,US Dollar,0.34,US Dollar,Wire,0,0.34
2022/09/04 14:37,24643,807719FD0,8087,812DA9D70,0.35,Euro,0.35,Euro,ACH,0,0.3495455907320483
2022/09/04 14:38,7082,804FFE610,7080,809B9BB20,6.8,Yuan,6.8,Yuan,ACH,0,0.9848364157747621
2022/09/04 14:53,7082,804FFE610,7080,809B9BB20,3.38,Yuan,3.38,Yuan,Wire,0,0.48952163019392586
2022/09/04 15:10,20,80103F3B0,11222,8011B4120,0.03,US Dollar,0.03,US Dollar,Wire,0,0.03
2022/09/04 15:06,224,800158D80,1277,8019E0A60,0.08,US Dollar,0.08,US Dollar,ACH,0,0.08
2022/09/04 15:03,25242,8038184C0,212730,808022530,0.02,US Dollar,0.02,US Dollar,ACH,0,0.02
2022/09/04 15:13,13703,805FEBD60,16739,80FBD06B0,0.24,US Dollar,0.24,US Dollar,ACH,0,0.24
2022/09/04 15:27,1217,800E34410,261535,817F263E0,0.18,US Dollar,0.18,US Dollar,Wire,0,0.18
2022/09/04 15:13,217073,806A5E130,217073,806A5E130,1.33,US Dollar,139.88,Yen,ACH,0,0.9975752389102838
2022/09/04 15:17,217073,806A5E130,217073,806A5E130,0.18,US Dollar,19.44,Yen,ACH,0,0.1386392811296534
2022/09/04 15:17,217073,806A5E130,18890,8181F6DA0,0.18,US Dollar,0.18,US Dollar,ACH,0,0.18
2022/09/04 15:05,123260,808EAC270,123260,808EAC270,0.78,Euro,66.75,Rupee,ACH,0,0.8369486169972665
2022/09/04 15:20,29640,8080853B0,29640,8080853B0,0.24,Euro,29.31,Yen,ACH,0,0.20902866923406074
2022/09/04 15:20,29640,8080853B0,130803,8106CB500,0.24,Euro,0.24,Euro,ACH,0,0.23968840507340455
2022/09/04 15:22,29640,8080853B0,29640,8080853B0,0.46,Euro,56.21,Yen,ACH,0,0.4008700613321923
2022/09/04 15:22,29640,8080853B0,130803,8106CB500,0.46,Euro,0.46,Euro,Wire,0,0.4594027763906921
2022/09/04 15:01,15168,803B73580,19521,803E86A20,1.87,Yuan,1.87,Yuan,Wire,0,0.2708300143380596
2022/09/04 15:12,8,80CFF0350,236335,80E3BBDC0,0.29,Canadian Dollar,0.29,Canadian Dollar,Wire,0,0.22071694953953874
2022/09/04 15:27,135933,80D66DA40,235735,80E55D260,0.92,Canadian Dollar,0.92,Canadian Dollar,Wire,0,0.7002054950909506
2022/09/04 15:29,216,8000E14F0,217,817151620,0.58,Saudi Riyal,0.58,Saudi Riyal,ACH,0,0.15466666666666665
2022/09/04 15:36,20,800223E30,394,801E626D0,0.52,US Dollar,0.52,US Dollar,ACH,0,0.52
2022/09/04 15:31,11,800191AD0,211374,80510A790,0.89,US Dollar,0.89,US Dollar,Wire,0,0.89
2022/09/04 15:49,1277,805DD4290,210472,8061FF2B0,0.09,US Dollar,0.09,US Dollar,Wire,0,0.09
2022/09/04 15:31,1217,801103720,236488,80ECBF340,0.04,US Dollar,0.04,US Dollar,Wire,0,0.04
2022/09/04 15:51,215239,811F66190,137074,8144D1840,0.6,US Dollar,0.6,US Dollar,ACH,0,0.6
2022/09/04 15:57,531,800710890,237640,817F1C340,0.36,US Dollar,0.36,US Dollar,ACH,0,0.36
2022/09/04 15:47,5206,81445A4B0,124173,81B9A2080,0.1,US Dollar,0.1,US Dollar,ACH,0,0.1
2022/09/04 15:39,14,802186850,5383,80284D9E0,0.01,Euro,0.01,Euro,Wire,0,0.009987016878058523
2022/09/04 15:43,15,800073410,7080,802BBFCD0,1.93,Yuan,1.93,Yuan,ACH,0,0.2795197474184251
2022/09/04 15:36,4,8059F0710,117284,806626560,6.54,Yen,6.54,Yen,Wire,0,0.04664099272571673
2022/09/04 15:51,212,80EFEA500,241503,80F7CB100,0.03,Australian Dollar,0.03,Australian Dollar,ACH,0,0.02041510717931269
2022/09/04 15:33,212,80EFEA500,241503,80F7CB100,0.04,Australian Dollar,0.04,Australian Dollar,Wire,0,0.027220142905750255
2022/09/04 16:24,1291,8002077B0,349,80061B4B0,0.05,US Dollar,0.05,US Dollar,ACH,0,0.05
2022/09/04 16:27,394,80035BD20,1394,800D7A050,0.21,US Dollar,0.21,US Dollar,Wire,0,0.21
2022/09/04 16:22,14640,80236C020,14640,80236C020,0.97,US Dollar,0.83,Euro,ACH,0,0.8289224008788574
2022/09/04 16:05,349,800249990,23319,8058264B0,0.04,US Dollar,0.04,US Dollar,ACH,0,0.04
2022/09/04 16:02,14595,805C30700,5033,805FC7E70,0.66,US Dollar,0.66,US Dollar,Wire,0,0.66
2022/09/04 16:13,118699,80AF63BF0,24633,80F240120,0.27,US Dollar,0.27,US Dollar,Wire,0,0.27
2022/09/04 16:17,349,800C480E0,56335,816B52900,0.04,US Dollar,0.04,US Dollar,Wire,0,0.04
2022/09/04 16:19,24317,8030C5DA0,231651,8170D9D30,0.46,US Dollar,0.46,US Dollar,ACH,0,0.46
2022/09/04 16:24,15516,80264CBC0,3460,802A2FDB0,0.12,Euro,0.12,Euro,ACH,0,0.11984420253670228
2022/09/04 16:15,15516,80264CBC0,3460,802A2FDB0,0.16,Euro,0.16,Euro,Wire,0,0.15979227004893637
2022/09/04 16:20,15,803BAA830,9534,80DE2E9F0,1.63,Yuan,1.63,Yuan,Wire,0,0.23607108201659738
2022/09/04 16:25,19836,8038F5E80,215478,8064BFDE0,137.16,Yen,137.16,Yen,ACH,0,0.9781771501925546
2022/09/04 16:29,117912,806828470,220421,80802B970,34.19,Yen,34.19,Yen,ACH,0,0.24383112252175151
2022/09/04 16:00,12204,800FAD501,12204,800FAD500,6e-06,Bitcoin,0.07,US Dollar,ACH,0,0.07
2022/09/04 16:01,12204,800FAD501,12204,800FAD500,5e-06,Bitcoin,0.06,US Dollar,ACH,0,0.06
2022/09/04 16:33,11222,800817720,531,800C2BC30,0.07,US Dollar,0.07,US Dollar,ACH,0,0.07
2022/09/04 16:37,11222,800817720,531,800C2BC30,0.03,US Dollar,0.03,US Dollar,Wire,0,0.03
2022/09/04 16:55,1217,800910150,11701,800D76D80,0.25,US Dollar,0.25,US Dollar,Wire,0,0.25
2022/09/04 16:44,1638,801405760,11661,80CE097F0,0.52,US Dollar,0.52,US Dollar,ACH,0,0.52
2022/09/04 16:34,12063,801253D50,224231,80D8B9170,0.09,US Dollar,0.09,US Dollar,Wire,0,0.09
2022/09/04 16:58,1439,816318A80,21647,816461E90,0.57,US Dollar,0.57,US Dollar,Wire,0,0.57
2022/09/04 16:30,1835,800A4C690,18624,805548560,0.46,Euro,0.46,Euro,ACH,0,0.4594027763906921
2022/09/04 16:43,1835,802258090,1835,805A70BB0,0.11,Euro,0.11,Euro,ACH,0,0.10985718565864376
2022/09/04 16:52,16298,806C52460,27387,80A3CF3A0,0.84,Euro,0.84,Euro,Wire,0,0.838909417756916
2022/09/04 16:33,15680,803A8F740,15680,803A8F740,0.26,Euro,0.31,US Dollar,ACH,0,0.31
2022/09/04 16:33,15680,803A8F740,5294,80A9D17C0,0.26,Euro,0.26,Euro,ACH,0,0.2596624388295216
2022/09/04 16:53,2293,801AE0670,65816,81AA232E0,0.39,Euro,0.39,Euro,ACH,0,0.3894936582442824
2022/09/04 16:50,29844,804616B50,210858,8122C8FA0,0.87,Yuan,0.87,Yuan,ACH,0,0.12600112966530044
2022/09/04 16:56,22364,805D57DF0,22364,805D57DF0,1.28,Canadian Dollar,0.97,US Dollar,ACH,0,0.97
2022/09/04 16:56,22364,805D57DF0,36096,80D4C6AD0,1.28,Canadian Dollar,1.28,Canadian Dollar,ACH,0,0.9741989496917574
2022/09/04 16:51,22364,805D57DF0,22364,805D57DF0,0.97,Canadian Dollar,0.73,US Dollar,ACH,0,0.73
2022/09/04 16:51,22364,805D57DF0,36096,80D4C6AD0,0.97,Canadian Dollar,0.97,Canadian Dollar,Wire,0,0.7382601415632848
2022/09/04 16:51,1199,8152AD390,59033,815A45CD0,2.08,Shekel,2.08,Shekel,ACH,0,0.6151116368475529
2022/09/04 16:35,4894,807E41661,4894,807E41660,7e-06,Bitcoin,0.08,US Dollar,ACH,0,0.08
2022/09/04 16:57,4894,807E41661,4894,807E41660,3e-06,Bitcoin,0.04,US Dollar,ACH,0,0.04
2022/09/04 16:58,233005,80D383DE1,233005,80D383DE0,9e-06,Bitcoin,0.11,US Dollar,ACH,0,0.11
2022/09/04 16:41,233005,80D383DE1,233005,80D383DE0,5e-06,Bitcoin,0.06,US Dollar,ACH,0,0.06
2022/09/04 17:24,210091,8042A7C70,210091,8042A7C70,0.03,US Dollar,0.19,Yuan,ACH,0,0.027517488087824237
2022/09/04 17:29,210091,8042A7C70,210091,8042A7C70,0.04,US Dollar,0.28,Yuan,ACH,0,0.04055208770837256
2022/09/04 17:16,12,803B3CC20,12,803B3CC20,0.11,US Dollar,0.74,Yuan,ACH,0,0.10717337465784176
2022/09/04 17:04,12,803B3CC20,12,803B3CC20,0.25,US Dollar,1.67,Yuan,ACH,0,0.24186423740350774
2022/09/04 17:04,12,803B3CC20,148288,8146151A0,0.25,US Dollar,0.25,US Dollar,ACH,0,0.25
2022/09/04 17:00,118840,8096FA370,132004,815A41E80,0.25,US Dollar,0.25,US Dollar,Wire,0,0.25
2022/09/04 17:12,12055,801A9A8C0,11437,801DB7330,0.25,Euro,0.25,Euro,ACH,0,0.24967542195146308
2022/09/04 17:29,12055,801A9A8C0,11437,801DB7330,0.32,Euro,0.32,Euro,Wire,0,0.31958454009787274
2022/09/04 17:03,1776,800DB0DC0,122416,80DAFB260,0.1,Euro,0.1,Euro,ACH,0,0.09987016878058523
2022/09/04 17:18,223281,808E384F0,124592,80925A0F0,21.25,Rupee,21.25,Rupee,Wire,0,0.26644431627253806
2022/09/04 17:04,152768,81358DC10,52788,813A863C0,0.35,Swiss Franc,0.35,Swiss Franc,Wire,0,0.35634653173011327
2022/09/04 17:09,226290,812C80CB1,226290,812C80CB0,1e-06,Bitcoin,0.01,US Dollar,ACH,0,0.01
2022/09/04 17:19,226290,812C80CB1,226290,812C80CB0,1e-06,Bitcoin,0.02,US Dollar,Wire,0,0.02
2022/09/04 17:22,18247,80B3A7B81,18247,80B3A7B80,1.9e-05,Bitcoin,0.23,US Dollar,ACH,0,0.23
2022/09/04 17:44,11,8028E8F70,22129,8035B0670,0.61,US Dollar,0.61,US Dollar,ACH,0,0.61
2022/09/04 17:35,1439,8014C4220,22435,8043D9EA0,0.99,US Dollar,0.99,US Dollar,ACH,0,0.99
2022/09/04 17:37,29158,804A849F0,14408,804D35150,0.85,US Dollar,0.85,US Dollar,Wire,0,0.85
2022/09/04 17:57,8801,8050F5730,113213,8088AA300,0.79,US Dollar,0.79,US Dollar,Wire,0,0.79
2022/09/04 17:42,23,8064ECAA0,23,8064ECAA0,1.07,US Dollar,112.91,Yen,ACH,0,0.8052346312936813
2022/09/04 17:39,115966,8086CFC40,140981,812718E10,0.57,US Dollar,0.57,US Dollar,ACH,0,0.57
2022/09/04 17:51,215239,80B6B7360,133530,817BA06E0,0.06,US Dollar,0.06,US Dollar,Wire,0,0.06
2022/09/04 17:35,12202,8020022E0,8889,804163EF0,1.0,Euro,1.0,Euro,Wire,0,0.9987016878058523
2022/09/04 17:32,20,8001B7160,14652,80F10E9D0,0.54,Euro,0.54,Euro,Wire,0,0.5392989114151603
2022/09/04 17:49,29867,803DA17D0,212405,804F356E0,6.63,Yuan,6.63,Yuan,ACH,0,0.960215505380393
2022/09/04 17:54,29867,803DA17D0,212405,804F356E0,4.1,Yuan,4.1,Yuan,Wire,0,0.5937984271583124
2022/09/04 17:52,215557,807F62690,21652,808139A10,20.91,Yen,20.91,Yen,ACH,0,0.14912280701754385
2022/09/04 17:40,2,808C2F3E0,124503,809791C40,1.91,Rupee,1.91,Rupee,ACH,0,0.02394864207437871
2022/09/04 17:50,2,808C2F3E0,124503,809791C40,1.8,Rupee,1.8,Rupee,Wire,0,0.022569400907791456
2022/09/04 17:46,14,8094CE970,26272,80EAD5080,77.88,Rupee,77.88,Rupee,Wire,0,0.976502745943777
2022/09/04 17:41,41348,80FE32B20,143711,8108BF9E0,0.45,Australian Dollar,0.45,Australian Dollar,Wire,0,0.3062266076896904
2022/09/04 17:54,14,8000D2820,115,8158B4EC0,2.77,Shekel,2.77,Shekel,ACH,0,0.8191630933017892
2022/09/04 17:47,14,8000D2820,115,8158B4EC0,0.86,Shekel,0.86,Shekel,Wire,0,0.25432500369658434
2022/09/04 18:05,12,80005C2E0,224,8001FBC30,0.97,US Dollar,0.97,US Dollar,ACH,0,0.97
2022/09/04 18:00,1217,8011B6DE0,3202,802556BA0,0.08,US Dollar,0.08,US Dollar,ACH,0,0.08
2022/09/04 18:00,1217,8011B6DE0,3202,802556BA0,0.03,US Dollar,0.03,US Dollar,Wire,0,0.03
2022/09/04 18:21,531,8031ABBB0,3389,803399560,0.39,US Dollar,0.39,US Dollar,ACH,0,0.39
2022/09/04 18:07,2692,806E77BE0,12,809768AA0,0.52,US Dollar,0.52,US Dollar,ACH,0,0.52
2022/09/04 18:00,2692,806E77BE0,12,809768AA0,0.48,US Dollar,0.48,US Dollar,Wire,0,0.48
2022/09/04 18:15,216796,80C4EA990,19589,80C524630,0.09,US Dollar,0.09,US Dollar,ACH,0,0.09
2022/09/04 18:03,216796,80C4EA990,19589,80C524630,0.18,US Dollar,0.18,US Dollar,Wire,0,0.18
2022/09/04 18:08,13243,805251560,226151,80E956090,0.9,US Dollar,0.9,US Dollar,Wire,0,0.9
2022/09/04 18:07,31363,80DE69B80,22547,814D5D050,0.11,US Dollar,0.11,US Dollar,ACH,0,0.11
2022/09/04 18:21,31363,80DE69B80,22547,814D5D050,0.05,US Dollar,0.05,US Dollar,Wire,0,0.05
2022/09/04 18:12,5621,806452E40,159702,816D89E20,0.99,US Dollar,0.99,US Dollar,ACH,0,0.99
2022/09/04 18:24,423,801FB4400,5981,806EBD820,0.18,Euro,0.18,Euro,Wire,0,0.1797663038050534
2022/09/04 18:04,5,800080760,72,808B96950,72.08,Rupee,72.08,Rupee,Wire,0,0.903779120796449
2022/09/04 18:19,258461,815CD0200,57466,815CDA630,2.2,Shekel,2.2,Shekel,Wire,0,0.650598846665681
2022/09/04 18:33,3440,804720510,11701,80535EA80,0.4,US Dollar,0.4,US Dollar,Wire,0,0.4
2022/09/04 18:53,5893,804F7F990,5893,804F7F990,0.78,US Dollar,5.2,Yuan,ACH,0,0.7531102002983475
2022/09/04 18:47,217226,80B9A50B0,24633,812E98110,0.15,US Dollar,0.15,US Dollar,Wire,0,0.15
2022/09/04 18:58,228849,812D75480,23319,817720190,0.06,US Dollar,0.06,US Dollar,Wire,0,0.06
2022/09/04 18:59,120364,81084A370,264122,81A15DF70,0.38,US Dollar,0.38,US Dollar,ACH,0,0.38
2022/09/04 18:34,20,80082FA20,600,800988D00,0.79,Euro,0.79,Euro,ACH,0,0.7889743333666234
2022/09/04 18:42,20,80082FA20,600,800988D00,0.24,Euro,0.24,Euro,Wire,0,0.23968840507340455
2022/09/04 18:42,25856,8080A9B60,212418,806E176F0,0.9,Euro,0.9,Euro,ACH,0,0.8988315190252671
2022/09/04 18:56,25856,8080A9B60,212418,806E176F0,0.93,Euro,0.93,Euro,Wire,0,0.9287925696594427
2022/09/04 18:42,115212,80B945690,138920,80FE89540,0.18,Euro,0.18,Euro,ACH,0,0.1797663038050534
2022/09/04 18:46,1768,800D313B0,229425,811A3C4D0,0.69,Euro,0.69,Euro,ACH,0,0.6891041645860381
2022/09/04 18:45,27356,803BADFA0,19970,80436A500,3.33,Yuan,3.33,Yuan,ACH,0,0.48228018596028793
2022/09/04 18:53,7080,802F3B990,15885,804C94870,5.8,Yuan,5.8,Yuan,ACH,0,0.840007531102003
2022/09/04 18:48,15168,8028FF400,113579,8059536E0,6.88,Yuan,6.88,Yuan,Wire,0,0.9964227265485828
2022/09/04 18:56,123824,809F1B4B0,27037,80A8799B0,53.31,Rupee,53.31,Rupee,Wire,0,0.6684304235524237
2022/09/04 18:40,41126,80F4CFE10,110,80F514910,0.94,Australian Dollar,0.94,Australian Dollar,ACH,0,0.6396733582851309
2022/09/04 18:53,241036,80F9FDBD0,41335,80FBF0470,1.01,Australian Dollar,1.01,Australian Dollar,ACH,0,0.6873086083701939
2022/09/04 18:38,241036,80F9FDBD0,41335,80FBF0470,0.27,Australian Dollar,0.27,Australian Dollar,Wire,0,0.18373596461381422
2022/09/04 18:55,11,811E5C430,248756,81266F260,0.12,Brazil Real,0.12,Brazil Real,ACH,0,0.02304058983909988
2022/09/04 18:52,258461,815EA1400,58138,8163C05A0,0.47,Shekel,0.47,Shekel,ACH,0,0.1389915717876682
2022/09/04 18:49,19970,804E44F11,19970,804E44F10,1e-06,Bitcoin,0.05,Yuan,ACH,0,0.007241444233637957
2022/09/04 18:39,19970,804E44F11,19970,804E44F10,1e-06,Bitcoin,0.04,Yuan,ACH,0,0.005793155386910365
2022/09/04 18:56,9976,8053F81B1,9976,8053F81B0,1.1e-05,Bitcoin,0.87,Yuan,ACH,0,0.12600112966530044
2022/09/04 18:50,9976,8053F81B1,9976,8053F81B0,1e-06,Bitcoin,0.1,Yuan,ACH,0,0.014482888467275913
2022/09/04 18:54,134113,811A594D1,134113,811A594D0,2e-06,Bitcoin,0.03,US Dollar,ACH,0,0.03
2022/09/04 19:16,11,800C470F0,21828,800C7CD40,0.04,US Dollar,0.04,US Dollar,ACH,0,0.04
2022/09/04 19:16,394,800F30E10,23760,804DFE300,0.12,US Dollar,0.12,US Dollar,Wire,0,0.12
2022/09/04 19:13,1422,8003DB6A0,4187,8050CFA60,0.61,US Dollar,0.61,US Dollar,Wire,0,0.61
2022/09/04 19:15,21414,805B2E130,4187,80824C270,0.11,US Dollar,0.11,US Dollar,Wire,0,0.11
2022/09/04 19:24,2860,8005B73A0,115771,80A4F0230,0.9,US Dollar,0.9,US Dollar,Wire,0,0.9
2022/09/04 19:18,1638,8061AC1C0,22185,80BF502B0,0.01,US Dollar,0.01,US Dollar,ACH,0,0.01
2022/09/04 19:07,5617,805E22500,24999,80CB36890,0.98,US Dollar,0.98,US Dollar,Wire,0,0.98
2022/09/04 19:03,1217,805D57100,17831,813C06A30,0.13,US Dollar,0.13,US Dollar,Wire,0,0.13
2022/09/04 19:11,26179,8134120E0,152182,8151C2F70,0.96,US Dollar,0.96,US Dollar,ACH,0,0.96
2022/09/04 19:10,26179,8134120E0,152182,8151C2F70,0.67,US Dollar,0.67,US Dollar,Wire,0,0.67
2022/09/04 19:10,23760,810416050,233005,816FB4FB0,0.31,US Dollar,0.31,US Dollar,ACH,0,0.31
2022/09/04 19:06,33013,80C332430,3718,819CF97C0,0.6,US Dollar,0.6,US Dollar,ACH,0,0.6
2022/09/04 19:21,498,80084CCD0,21444,800EC5460,0.74,Euro,0.74,Euro,Wire,0,0.7390392489763307
2022/09/04 19:27,20,801BEC450,425,801FFD4A0,0.13,Euro,0.13,Euro,ACH,0,0.1298312194147608
2022/09/04 19:16,2557,8020083C0,29559,8150FA510,0.8,Euro,0.8,Euro,ACH,0,0.7989613502446818
2022/09/04 19:05,600,800D6AD10,25307,81BCDA1F0,0.93,Euro,0.93,Euro,Wire,0,0.9287925696594427
2022/09/04 19:11,5,808C6FCF0,124359,8096832B0,41.19,Rupee,41.19,Rupee,ACH,0,0.5164631241066279
2022/09/04 19:10,157948,8159E2740,59157,815F8E590,0.81,Shekel,0.81,Shekel,ACH,0,0.23953866627236436
2022/09/04 19:02,122779,80AA94B91,122779,80AA94B90,2.2e-05,Bitcoin,0.27,US Dollar,ACH,0,0.27
2022/09/04 19:04,122779,80AA94B91,122779,80AA94B90,1.4e-05,Bitcoin,0.17,US Dollar,ACH,0,0.17
2022/09/04 19:57,1394,80037DDE0,11265,801021460,0.52,US Dollar,0.52,US Dollar,ACH,0,0.52
2022/09/04 19:35,1812,800BB2070,15331,8030EA040,0.17,US Dollar,0.17,US Dollar,Wire,0,0.17
2022/09/04 19:39,11046,800D91C70,531,806AD5000,0.46,US Dollar,0.46,US Dollar,Wire,0,0.46
2022/09/04 19:49,217717,80A201880,36392,80D94E280,0.77,US Dollar,0.77,US Dollar,Wire,0,0.77
2022/09/04 19:37,0,800A1B3D0,2514,800D58AE0,0.09,Euro,0.09,Euro,ACH,0,0.0898831519025267
2022/09/04 19:39,425,80028DD80,425,801A36CB0,0.2,Euro,0.2,Euro,Wire,0,0.19974033756117046
2022/09/04 19:30,21444,8016D15B0,212854,805598550,0.54,Euro,0.54,Euro,Wire,0,0.5392989114151603
2022/09/04 19:42,13,8038C8B00,11832,807FC66B0,116.58,Yen,116.58,Yen,ACH,0,0.8314077877620881
2022/09/04 19:31,14,8089E68D0,23486,808F2FD30,11.94,Rupee,11.94,Rupee,ACH,0,0.14971035935501667
2022/09/04 19:48,14,8089E68D0,23486,808F2FD30,31.92,Rupee,31.92,Rupee,Wire,0,0.40023070943150185
2022/09/04 19:34,18,80B084C60,230595,80B5152E0,0.87,Ruble,0.87,Ruble,ACH,0,0.014389441127338285
2022/09/04 19:57,212,80F0D7F60,40904,80F3115F0,1.24,Australian Dollar,1.24,Australian Dollar,ACH,0,0.8438244300782579
2022/09/04 20:15,1,80005CA70,2368,805182900,0.32,US Dollar,0.32,US Dollar,ACH,0,0.32
2022/09/04 20:23,5621,807358CE0,110821,80817ABF0,0.27,US Dollar,0.27,US Dollar,Wire,0,0.27
2022/09/04 20:12,122967,80960B320,25443,80D01E090,0.18,US Dollar,0.18,US Dollar,ACH,0,0.18
2022/09/04 20:17,22435,810638A50,3653,812838920,0.73,US Dollar,0.73,US Dollar,Wire,0,0.73
2022/09/04 20:10,118681,80A4135C0,51448,815D1B980,0.59,US Dollar,0.59,US Dollar,Wire,0,0.59
2022/09/04 20:25,26179,810CEA820,25443,816232D20,0.93,US Dollar,0.93,US Dollar,Wire,0,0.93
2022/09/04 20:19,11968,8005D27A0,22264,8016D1150,0.92,Euro,0.92,Euro,ACH,0,0.9188055527813842
2022/09/04 20:11,12274,8017E8760,14851,801F518D0,0.94,Euro,0.94,Euro,Wire,0,0.9387795865375012
2022/09/04 20:25,23726,8018535C0,12386,802BFA740,0.81,Euro,0.81,Euro,ACH,0,0.8089483671227404
2022/09/04 20:25,24070,802E2CEB0,2557,80306F0D0,0.98,Euro,0.98,Euro,Wire,0,0.9787276540497353
2022/09/04 20:11,24455,802BEC090,6058,808F6CC30,0.58,Euro,0.58,Euro,Wire,0,0.5792469789273943
2022/09/04 20:27,211012,80AF441C0,18586,80E1852F0,0.47,Euro,0.47,Euro,ACH,0,0.4693897932687506
2022/09/04 20:18,13,8040098C0,23,8067F01C0,83.62,Yen,83.62,Yen,ACH,0,0.596348595064898
2022/09/04 20:15,13,8040098C0,23,8067F01C0,56.27,Yen,56.27,Yen,Wire,0,0.40129796034802456
2022/09/04 20:07,235676,80D9A4F80,39213,80E6C3850,0.62,Canadian Dollar,0.62,Canadian Dollar,Wire,0,0.47187761625694497
2022/09/04 20:10,40904,80F1A0B40,42234,80F85A3F0,1.18,Australian Dollar,1.18,Australian Dollar,Wire,0,0.8029942157196325
2022/09/04 20:20,142114,80F78CFE0,41916,80FE64A90,0.59,Australian Dollar,0.59,Australian Dollar,Wire,0,0.40149710785981624
2022/09/04 20:28,157948,8159F8430,258799,815D4EE50,1.23,Shekel,1.23,Shekel,Wire,0,0.3637439006358125
2022/09/04 20:21,63587,817FD7230,167819,819466DF0,0.03,Saudi Riyal,0.03,Saudi Riyal,ACH,0,0.008
2022/09/04 20:14,21260,8085A09D1,21260,8085A09D0,1e-06,Bitcoin,0.02,US Dollar,ACH,0,0.02
2022/09/04 20:08,21260,8085A09D1,21260,8085A09D0,1e-06,Bitcoin,0.01,US Dollar,ACH,0,0.01
2022/09/04 20:34,11,8001DC570,22224,80297A340,0.82,US Dollar,0.82,US Dollar,Wire,0,0.82
2022/09/04 20:49,12592,800F9EC90,11483,8047C7180,0.8,US Dollar,0.8,US Dollar,ACH,0,0.8
2022/09/04 20:54,15740,806A4A550,15740,806A4A550,1.22,US Dollar,128.84,Yen,ACH,0,0.9188418199971474
2022/09/04 20:50,15740,806A4A550,15740,806A4A550,0.31,US Dollar,33.14,Yen,ACH,0,0.23634288974468692
2022/09/04 20:41,15740,806A4A550,15740,806A4A550,0.21,US Dollar,22.5,Yen,ACH,0,0.16046213093709885
2022/09/04 20:45,13210,803C48AC0,22031,8119F18F0,0.29,US Dollar,0.29,US Dollar,ACH,0,0.29
2022/09/04 20:39,1638,805D9D500,37524,813B64890,0.06,US Dollar,0.06,US Dollar,Wire,0,0.06
2022/09/04 20:56,11671,8055C71B0,226151,81A2E93E0,0.24,US Dollar,0.24,US Dollar,ACH,0,0.24
2022/09/04 20:39,11671,8055C71B0,226151,81A2E93E0,0.08,US Dollar,0.08,US Dollar,Wire,0,0.08
2022/09/04 20:37,498,802E1A550,11314,805E158D0,0.88,Euro,0.88,Euro,ACH,0,0.8788574852691501
2022/09/04 20:57,13590,802EA3850,15461,807C4C440,0.91,Euro,0.91,Euro,ACH,0,0.9088185359033256
2022/09/04 20:36,24643,801EC3820,7249,8095B4950,0.11,Euro,0.11,Euro,ACH,0,0.10985718565864376
2022/09/04 20:33,12274,801111DE0,12386,80B65AAA0,0.06,Euro,0.06,Euro,Wire,0,0.05992210126835114
2022/09/04 20:58,27737,810702510,147445,813E11250,0.45,Euro,0.45,Euro,ACH,0,0.4494157595126336
2022/09/04 20:37,27356,8033CC130,15,80133DAB0,2.86,Yuan,2.86,Yuan,Wire,0,0.4142106101640911
2022/09/04 20:48,26922,8036C9910,19521,8049C7C70,0.23,Yuan,0.23,Yuan,Wire,0,0.0333106434747346
2022/09/04 20:51,14,800082E50,72,80723CC60,6.05,Rupee,6.05,Rupee,ACH,0,0.07585826416229906
2022/09/04 20:50,119699,809964490,23809,80A0D7EE0,43.85,Rupee,43.85,Rupee,Wire,0,0.5498156832259197
2022/09/04 20:36,241469,80F4EA6F0,41542,80F61DF80,0.49,Australian Dollar,0.49,Australian Dollar,Wire,0,0.3334467505954406
2022/09/04 20:38,18,81352DA40,152768,813B45840,0.56,Swiss Franc,0.56,Swiss Franc,Wire,0,0.5701544507681814
2022/09/04 20:42,22364,8015FE671,22364,8015FE670,3e-06,Bitcoin,0.04,US Dollar,Wire,0,0.04
2022/09/04 21:25,20,8003E6750,12,800212D50,0.68,US Dollar,0.68,US Dollar,ACH,0,0.68
2022/09/04 21:02,22031,8030C4240,15284,805D6D670,0.62,US Dollar,0.62,US Dollar,ACH,0,0.62
2022/09/04 21:26,3500,81305F1D0,133539,81381B740,0.14,US Dollar,0.14,US Dollar,ACH,0,0.14
2022/09/04 21:29,29158,80DA17EE0,146538,81565A490,0.33,US Dollar,0.33,US Dollar,ACH,0,0.33
2022/09/04 21:04,29158,80DA17EE0,146538,81565A490,0.02,US Dollar,0.02,US Dollar,Wire,0,0.02
2022/09/04 21:04,24455,8026EF280,6058,80E1C79E0,0.97,Euro,0.97,Euro,ACH,0,0.9687406371716767
2022/09/04 21:11,12274,802B9E8A0,235977,8123CA8A0,0.4,Euro,0.4,Euro,ACH,0,0.3994806751223409
2022/09/04 21:05,224943,809413F90,123568,80AAEBB30,48.93,Rupee,48.93,Rupee,ACH,0,0.6135115480101311
2022/09/04 21:29,27,80B4C76A0,131036,80BDA2B50,46.67,Ruble,46.67,Ruble,ACH,0,0.7719025487504342
2022/09/04 21:06,212,80EFF77E0,43378,8102D1170,0.83,Australian Dollar,0.83,Australian Dollar,Wire,0,0.5648179652943177
2022/09/04 21:21,18,8134FDB10,154265,8142C8A00,0.48,Swiss Franc,0.48,Swiss Franc,ACH,0,0.4887038149441554
2022/09/04 21:18,258461,815CF2900,160063,816A7EE20,1.47,Shekel,1.47,Shekel,Wire,0,0.4347183202720686
2022/09/04 21:26,9096,80356BD61,9096,80356BD60,5e-06,Bitcoin,0.39,Yuan,ACH,0,0.056483265022376064
2022/09/04 21:03,9096,80356BD61,9096,80356BD60,7e-06,Bitcoin,0.55,Yuan,ACH,0,0.07965588657001753
2022/09/04 21:42,22435,802A9DE70,28625,8047CE2F0,0.94,US Dollar,0.94,US Dollar,Wire,0,0.94
2022/09/04 21:34,16262,8063F8CC0,5033,80BEA76F0,0.91,US Dollar,0.91,US Dollar,ACH,0,0.91
2022/09/04 21:43,33219,80FDBFF40,11047,818F1C110,0.62,US Dollar,0.62,US Dollar,ACH,0,0.62
2022/09/04 21:46,0,8002676B0,25400,80413E210,0.6,Euro,0.6,Euro,Wire,0,0.5992210126835114
2022/09/04 21:50,11314,802C3F280,6829,807857310,0.72,Euro,0.72,Euro,Wire,0,0.7190652152202136
2022/09/04 21:52,15763,802FB70E0,235805,811B40110,0.71,Euro,0.71,Euro,ACH,0,0.7090781983421551
2022/09/04 21:48,36096,80DF72E20,136424,80E2538A0,1.14,Canadian Dollar,1.14,Canadian Dollar,ACH,0,0.8676459395692213
2022/09/04 21:39,219,81356BED0,152907,813DD1AF0,0.05,Swiss Franc,0.05,Swiss Franc,Wire,0,0.05090664739001619
2022/09/04 22:13,118681,8075555A0,226290,8155FA500,0.89,US Dollar,0.89,US Dollar,ACH,0,0.89
2022/09/04 22:15,21393,8023DD100,28932,819084460,0.93,US Dollar,0.93,US Dollar,Wire,0,0.93
2022/09/04 22:09,29844,803B273C0,13191,80CB8D310,4.7,Yuan,4.7,Yuan,ACH,0,0.6806957579619679
2022/09/04 22:16,15745,80801A100,216654,8157125B0,79.14,Yen,79.14,Yen,Wire,0,0.5643988018827557
2022/09/04 22:18,136678,80DF20BD0,237958,80E2FFE80,0.52,Canadian Dollar,0.52,Canadian Dollar,Wire,0,0.3957683233122764
2022/09/04 22:13,263574,81895B010,167626,818DF2D00,0.16,Saudi Riyal,0.16,Saudi Riyal,ACH,0,0.042666666666666665
2022/09/04 22:09,263574,81895B010,167626,818DF2D00,0.04,Saudi Riyal,0.04,Saudi Riyal,Wire,0,0.010666666666666666
2022/09/04 22:17,13191,804FEC061,13191,804FEC060,2.1e-05,Bitcoin,1.65,Yuan,Wire,0,0.23896765971005257
2022/09/04 22:15,13191,804FEC061,13191,804FEC060,1.3e-05,Bitcoin,1.02,Yuan,ACH,0,0.1477254623662143
2022/09/04 22:00,13191,804FEC061,13191,804FEC060,3.2e-05,Bitcoin,2.55,Yuan,Wire,0,0.3693136559155358
2022/09/04 22:42,11,8000ECA90,21393,800AC5040,0.47,US Dollar,0.47,US Dollar,Wire,0,0.47
2022/09/04 22:41,3100,8054FAC70,6314,806A99460,0.44,US Dollar,0.44,US Dollar,ACH,0,0.44
2022/09/04 22:56,11701,8010EEE10,11305,80AE76E10,0.48,US Dollar,0.48,US Dollar,ACH,0,0.48
2022/09/04 22:47,212996,8075A4A90,222439,80DFD5BC0,0.1,US Dollar,0.1,US Dollar,Wire,0,0.1
2022/09/04 22:56,19,80AFABC80,19,80AFABC80,0.55,US Dollar,43.16,Ruble,ACH,0,0.7138485966160003
2022/09/04 22:55,12274,80228FC60,5981,802B9D040,0.09,Euro,0.09,Euro,Wire,0,0.0898831519025267
2022/09/04 22:38,117861,807757D90,27737,807B747E0,0.08,Euro,0.08,Euro,ACH,0,0.07989613502446818
2022/09/04 22:46,117861,807757D90,27737,807B747E0,0.2,Euro,0.2,Euro,Wire,0,0.19974033756117046
2022/09/04 22:54,600,8035419A0,14172,80D98AB00,0.07,Euro,0.07,Euro,Wire,0,0.06990911814640967
2022/09/04 22:56,44720,812E417B0,22026,816B13920,0.44,Euro,0.44,Euro,Wire,0,0.43942874263457504
2022/09/04 22:48,124304,808F87B80,224371,809D545A0,47.15,Rupee,47.15,Rupee,ACH,0,0.5911929182235374
2022/09/04 22:36,17,8000A15E0,8,80D066010,0.16,Canadian Dollar,0.16,Canadian Dollar,ACH,0,0.12177486871146967
2022/09/04 22:36,17,8000A15E0,8,80D066010,0.23,Canadian Dollar,0.23,Canadian Dollar,Wire,0,0.17505137377273766
2022/09/04 22:45,10,8122DD860,116,8123219F0,2.83,Brazil Real,2.83,Brazil Real,ACH,0,0.5433739103721056
2022/09/04 22:38,8488,807044561,8488,807044560,1.3e-05,Bitcoin,0.15,US Dollar,ACH,0,0.15
2022/09/04 22:50,8488,807044561,8488,807044560,8e-06,Bitcoin,0.09,US Dollar,ACH,0,0.09
2022/09/04 23:18,11265,8008CB850,2692,800FE8BF0,0.67,US Dollar,0.67,US Dollar,Wire,0,0.67
2022/09/04 23:27,23041,80B2EC280,223113,80BC7B240,0.11,US Dollar,0.11,US Dollar,Wire,0,0.11
2022/09/04 23:13,423,80027F420,0,801AE2650,0.41,Euro,0.41,Euro,Wire,0,0.4094676920003994
2022/09/04 23:10,3,808BB4070,18355,81652FAF0,0.04,Euro,0.04,Euro,Wire,0,0.03994806751223409
2022/09/04 23:29,18,80452F4B0,116914,8086B4B40,80.7,Yen,80.7,Yen,Wire,0,0.5755241762943946
2022/09/04 23:24,235676,80DFFB260,137293,80E035580,0.56,Canadian Dollar,0.56,Canadian Dollar,ACH,0,0.4262120404901439
2022/09/04 23:08,41019,80F197940,41019,80F2D5ED0,0.22,Australian Dollar,0.22,Australian Dollar,ACH,0,0.1497107859816264
2022/09/04 23:19,19,80F01CFD0,41428,80F4A01E0,0.25,Australian Dollar,0.25,Australian Dollar,ACH,0,0.1701258931609391
2022/09/04 23:13,19,80F01CFD0,41428,80F4A01E0,0.41,Australian Dollar,0.41,Australian Dollar,Wire,0,0.2790064647839401
2022/09/04 23:28,142223,80F7EB550,141465,8104E6840,0.14,Australian Dollar,0.14,Australian Dollar,ACH,0,0.0952705001701259
2022/09/04 23:18,142223,80F7EB550,141465,8104E6840,0.16,Australian Dollar,0.16,Australian Dollar,Wire,0,0.10888057162300102
2022/09/04 23:19,10,811DB6860,10,811DDECD0,2.87,Brazil Real,2.87,Brazil Real,ACH,0,0.5510541069851389
2022/09/04 23:27,10,811DB6860,10,811DDECD0,4.2,Brazil Real,4.2,Brazil Real,Wire,0,0.8064206443684959
2022/09/04 23:13,24,80C3ED011,24,80C3ED010,3e-06,Bitcoin,0.03,UK Pound,ACH,0,0.0346860908775581
2022/09/04 23:29,24,80C3ED011,24,80C3ED010,1e-06,Bitcoin,0.01,UK Pound,Wire,0,0.011562030292519367
2022/09/04 23:17,122779,80EA05A61,122779,80EA05A60,3.5e-05,Bitcoin,0.41,US Dollar,Wire,0,0.41
2022/09/04 23:10,24523,805835C51,24523,805835C50,1.4e-05,Bitcoin,0.17,US Dollar,ACH,0,0.17
2022/09/04 23:56,1,8006A1070,21566,800B76A80,0.12,US Dollar,0.12,US Dollar,ACH,0,0.12
2022/09/04 23:32,224,801749780,22129,803838A50,0.51,US Dollar,0.51,US Dollar,Wire,0,0.51
2022/09/04 23:59,394,8002189C0,16456,804AF1520,0.8,US Dollar,0.8,US Dollar,Wire,0,0.8
2022/09/04 23:41,2196,804D408C0,1889,8057D52B0,0.06,US Dollar,0.06,US Dollar,ACH,0,0.06
2022/09/04 23:32,2196,804D408C0,1889,8057D52B0,0.03,US Dollar,0.03,US Dollar,Wire,0,0.03
2022/09/04 23:45,110856,8085317B0,11046,80B7D1450,0.83,US Dollar,0.83,US Dollar,Wire,0,0.83
2022/09/04 23:45,214107,806112210,35145,80DAD2630,0.83,US Dollar,0.83,US Dollar,ACH,0,0.83
2022/09/04 23:42,1638,800FD90E0,21547,80DB7D8F0,0.07,US Dollar,0.07,US Dollar,Wire,0,0.07
2022/09/04 23:38,9715,812969770,16584,8148A9E80,0.93,US Dollar,0.93,US Dollar,Wire,0,0.93
2022/09/04 23:57,3440,806368D10,163271,81A3D32F0,0.48,US Dollar,0.48,US Dollar,ACH,0,0.48
2022/09/04 23:37,56824,817DE6AC0,56824,81C174CF0,0.38,US Dollar,0.38,US Dollar,ACH,0,0.38
2022/09/04 23:53,25400,8026C5910,15607,80A9C2CC0,0.4,Euro,0.4,Euro,ACH,0,0.3994806751223409
2022/09/04 23:52,6090,8105B0450,247976,813FAE4E0,0.67,Euro,0.67,Euro,ACH,0,0.6691301308299211
2022/09/04 23:45,24816,80C0619D0,25,80EB7E470,7.21,Rupee,7.21,Rupee,Wire,0,0.09040298919176468
2022/09/04 23:43,53905,813BD0E20,253379,813CBD670,0.11,Swiss Franc,0.11,Swiss Franc,ACH,0,0.11199462425803561
2022/09/04 23:43,16584,810FE5E41,16584,810FE5E40,4e-06,Bitcoin,0.05,US Dollar,Wire,0,0.05
2022/09/04 23:53,16584,810FE5E41,16584,810FE5E40,1.3e-05,Bitcoin,0.15,US Dollar,ACH,0,0.15
2022/09/04 23:38,16584,810FE5E41,16584,810FE5E40,2e-06,Bitcoin,0.03,US Dollar,ACH,0,0.03
2022/09/04 23:46,16584,810FE5E41,16584,810FE5E40,6e-06,Bitcoin,0.07,US Dollar,ACH,0,0.07
2022/09/04 23:59,119927,80A024431,119927,80A024430,5e-06,Bitcoin,0.06,US Dollar,Wire,0,0.06
2022/09/04 23:59,119927,80A024431,119927,80A024430,2e-06,Bitcoin,0.02,US Dollar,Wire,0,0.02
2022/09/05 00:01,12,80005C2E0,224,8001FBC30,0.97,US Dollar,0.97,US Dollar,ACH,0,0.97
2022/09/05 00:01,1,8006A1070,21566,800B76A80,0.12,US Dollar,0.12,US Dollar,ACH,0,0.12
2022/09/05 00:14,1110,8009A5B30,3597,803356480,0.94,US Dollar,0.94,US Dollar,ACH,0,0.94
2022/09/05 00:03,2368,8058F6FD0,215187,8075D7A40,0.4,US Dollar,0.4,US Dollar,ACH,0,0.4
2022/09/05 00:20,16262,8026B52C0,6045,808C8E4B0,0.01,US Dollar,0.01,US Dollar,ACH,0,0.01
2022/09/05 00:25,12,8010E6230,1277,80B982330,0.63,US Dollar,0.63,US Dollar,Wire,0,0.63
2022/09/05 00:10,1217,800B2D530,11337,80DC60F30,0.34,US Dollar,0.34,US Dollar,ACH,0,0.34
2022/09/05 00:18,3440,807FA2640,28958,80F5A6190,0.26,US Dollar,0.26,US Dollar,Wire,0,0.26
2022/09/05 00:19,131099,80E8E4500,235053,811927A10,0.46,US Dollar,0.46,US Dollar,Wire,0,0.46
2022/09/05 00:11,15331,801E73790,137383,8134079A0,0.16,US Dollar,0.16,US Dollar,ACH,0,0.16
2022/09/05 00:03,15194,805CD1C80,147509,81708F5E0,0.44,US Dollar,0.44,US Dollar,ACH,0,0.44
2022/09/05 00:13,262777,8185D24D0,262777,8185D24D0,0.81,Euro,0.95,US Dollar,ACH,0,0.95
2022/09/05 00:21,158841,81A5B0020,158841,81A5B0020,0.22,Euro,0.26,US Dollar,ACH,0,0.26
2022/09/05 00:07,423,80027F420,20,800EF8310,0.12,Euro,0.12,Euro,ACH,0,0.11918951132300358
2022/09/05 10:58,12202,802678A10,25634,802678820,0.06,Euro,0.06,Euro,ACH,1,0.05959475566150179
2022/09/05 00:29,14851,801ACB400,24643,8026EBB00,0.01,Euro,0.01,Euro,Wire,0,0.009932459276916966
2022/09/05 00:06,14213,8026D54D0,20,802E22E10,0.01,Euro,0.01,Euro,ACH,0,0.009932459276916966
2022/09/05 00:06,24455,802BEC090,6058,808F6CC30,0.58,Euro,0.58,Euro,Wire,0,0.576082638061184
2022/09/05 00:18,16505,8085CE9A0,5312,80BBF7870,0.64,Euro,0.64,Euro,ACH,0,0.6356773937226858
2022/09/05 00:08,3,80C573D20,3,80C573D20,2.19,Yuan,0.28,Euro,ACH,0,0.27810885975367505
2022/09/05 00:11,15400,80B23ABE0,150317,815E77DB0,0.99,Euro,0.99,Euro,ACH,0,0.9833134684147796
2022/09/05 00:01,27356,8033CC130,15,80133DAB0,2.86,Yuan,2.86,Yuan,Wire,0,0.41319926028663895
2022/09/05 00:29,29844,803B273C0,13191,80CB8D310,4.7,Yuan,4.7,Yuan,ACH,0,0.6790337494220989
2022/09/05 00:04,23033,808B153C0,23033,808B153C0,0.25,Euro,21.59,Rupee,ACH,0,0.27049714342988873
2022/09/05 00:17,18,80AFB8070,16,80BDE0990,22.82,Ruble,22.82,Ruble,Wire,0,0.3757182606977625
2022/09/05 00:09,137117,80DF6E8E0,138879,80E6FF300,1.21,Canadian Dollar,1.21,Canadian Dollar,ACH,0,0.9207122203621975
2022/09/05 00:22,212,80F85E410,41335,80F908230,0.05,Australian Dollar,0.05,Australian Dollar,ACH,0,0.03396277679663089
2022/09/05 00:09,212,80F85E410,41335,80F908230,0.17,Australian Dollar,0.17,Australian Dollar,Wire,0,0.11547344110854504
2022/09/05 00:09,142223,80F7EB550,141465,8104E6840,0.14,Australian Dollar,0.14,Australian Dollar,ACH,0,0.09509577503056652
2022/09/05 00:19,142223,80F7EB550,141465,8104E6840,0.16,Australian Dollar,0.16,Australian Dollar,Wire,0,0.10868088574921886
2022/09/05 00:03,14,810E97200,46228,81105D9A0,1.1,Mexican Peso,1.1,Mexican Peso,ACH,0,0.05495054450994106
2022/09/05 00:11,10,811D74B80,149205,8128CDAE0,1.23,Brazil Real,1.23,Brazil Real,ACH,0,0.23751593094658785
2022/09/05 00:27,67682,8190450C0,67682,8190450C0,0.14,US Dollar,0.53,Saudi Riyal,ACH,0,0.14133333333333334
2022/09/05 00:05,118,819527930,118,819527931,8.29,US Dollar,0.000698,Bitcoin,ACH,0,3.468133418794501e-08
2022/09/05 00:14,14351,80B1BDE11,14351,80B1BDE10,1e-06,Bitcoin,0.1,Yuan,Wire,0,0.014447526583448915
2022/09/05 00:02,16262,80D414FC1,16262,80D414FC0,1e-06,Bitcoin,0.01,US Dollar,ACH,0,0.01
2022/09/05 00:12,16262,80D414FC1,16262,80D414FC0,1e-06,Bitcoin,0.01,US Dollar,ACH,0,0.01
2022/09/05 00:24,270392,81A2CC060,270392,81A2CC061,100.39,Euro,0.009901,Bitcoin,ACH,0,4.919482661817243e-07
2022/09/05 00:29,71716,81AD43690,71716,81AD43691,24.25,Euro,0.002392,Bitcoin,Wire,0,1.1885064667272845e-07
2022/09/05 00:01,72360,81B29B800,72360,81B29B801,1166.19,Yen,0.000931,Bitcoin,ACH,0,4.6258341158992553e-08
2022/09/05 00:22,272717,81B1E7040,272717,81B1E7041,23.34,Brazil Real,0.000348,Bitcoin,ACH,0,1.7290980368774874e-08
2022/09/05 00:25,74522,81BB0A930,74522,81BB0A931,42.49,Swiss Franc,0.003908,Bitcoin,Wire,0,1.9417572207233394e-07
2022/09/05 00:01,270290,81BE95630,270290,81BE95631,14.98,Euro,0.001477,Bitcoin,ACH,0,7.338729311689797e-08
2022/09/05 00:16,29448,80501EE21,29448,80501EE20,3.3e-05,Bitcoin,0.39,US Dollar,ACH,0,0.39
2022/09/05 00:17,115114,808D85791,115114,808D85790,4e-06,Bitcoin,0.05,US Dollar,ACH,0,0.05
2022/09/05 00:09,115114,808D85791,115114,808D85790,1.3e-05,Bitcoin,0.16,US Dollar,Wire,0,0.16
2022/09/05 00:42,11,800197E20,1,8001D8BA0,0.05,US Dollar,0.05,US Dollar,Wire,0,0.05
2022/09/05 00:53,1291,8002077B0,349,80061B4B0,0.05,US Dollar,0.05,US Dollar,ACH,0,0.05
2022/09/05 00:49,1639,80076AFF0,2860,80149EFE0,0.76,US Dollar,0.76,US Dollar,Wire,0,0.76
2022/09/05 00:56,349,800249990,23319,8058264B0,0.04,US Dollar,0.04,US Dollar,ACH,0,0.04
2022/09/05 00:44,216796,807278030,229026,80B8319B0,0.17,US Dollar,0.17,US Dollar,ACH,0,0.17
2022/09/05 00:30,24950,80B33CE00,211374,8128C0460,0.19,US Dollar,0.19,US Dollar,Wire,0,0.19
2022/09/05 00:46,1120,801D6B170,245564,816327EF0,0.6,US Dollar,0.6,US Dollar,ACH,0,0.6
2022/09/05 00:56,215571,817D65030,257646,81BD62CF0,0.95,US Dollar,0.95,US Dollar,ACH,0,0.95
2022/09/05 00:58,20,8001A3BB0,14,800278A90,0.38,Euro,0.38,Euro,ACH,0,0.3774334525228447
2022/09/05 00:49,14,802186850,5383,80284D9E0,0.01,Euro,0.01,Euro,Wire,0,0.009932459276916966
2022/09/05 00:58,14213,8024A8410,24455,804564BE0,0.96,Euro,0.96,Euro,ACH,0,0.9535160905840286
2022/09/05 00:57,12503,801D534A0,12274,806E0F2E0,0.15,Euro,0.15,Euro,Wire,0,0.14898688915375446
2022/09/05 00:34,5724,810C08D20,25634,811AD7CC0,0.08,Euro,0.08,Euro,ACH,0,0.07945967421533573
2022/09/05 00:57,5724,810C08D20,25634,811AD7CC0,0.21,Euro,0.21,Euro,Wire,0,0.20858164481525626
2022/09/05 00:53,123520,8118B8320,51510,8197716F0,0.95,Euro,0.95,Euro,ACH,0,0.9435836313071116
2022/09/05 00:43,123568,8089D6AB0,72,808E7D3A0,57.33,Rupee,57.33,Rupee,ACH,0,0.7182770371855267
2022/09/05 00:33,2,808C2F3E0,124503,809791C40,1.91,Rupee,1.91,Rupee,ACH,0,0.023930039089906784
2022/09/05 00:46,2,808C2F3E0,124503,809791C40,1.8,Rupee,1.8,Rupee,Wire,0,0.022551869299388592
2022/09/05 00:46,5,8099631B0,5,80A1C7580,73.36,Rupee,73.36,Rupee,ACH,0,0.9191139621128596
2022/09/05 00:37,123800,80A7C6AE0,40185,80ED129C0,12.7,Rupee,12.7,Rupee,Wire,0,0.15911596672346395
2022/09/05 00:56,36242,80D536590,136606,80D9A7230,0.07,Canadian Dollar,0.07,Canadian Dollar,Wire,0,0.053264343326738704
2022/09/05 00:44,149108,8120C21C0,49411,81240DFE0,3.61,Brazil Real,3.61,Brazil Real,ACH,0,0.6970996022090912
2022/09/05 00:39,248957,8129AF640,48858,8130EA6C0,4.04,Brazil Real,4.04,Brazil Real,ACH,0,0.7801336268489553
2022/09/05 00:58,158021,815A42580,59704,8165E9BD0,3.32,Shekel,3.32,Shekel,ACH,0,0.976298300299947
2022/09/05 00:33,115,817551900,63587,8175DB870,0.6,Saudi Riyal,0.6,Saudi Riyal,Wire,0,0.16
2022/09/05 00:58,17256,806BD8EC0,17256,806BD8EC0,1.82,Saudi Riyal,0.49,US Dollar,ACH,0,0.49
2022/09/05 00:47,17256,806BD8EC0,17256,806BD8EC0,1.3,Saudi Riyal,0.35,US Dollar,ACH,0,0.35
2022/09/05 00:41,17256,806BD8EC0,17256,806BD8EC0,0.04,Saudi Riyal,0.01,US Dollar,ACH,0,0.01
2022/09/05 00:41,17256,806BD8EC0,115,818D2DC20,0.04,Saudi Riyal,0.04,Saudi Riyal,ACH,0,0.010666666666666666
2022/09/05 00:48,17256,806BD8EC0,17256,806BD8EC0,0.12,Saudi Riyal,0.03,US Dollar,ACH,0,0.03
2022/09/05 00:48,17256,806BD8EC0,115,818D2DC20,0.12,Saudi Riyal,0.12,Saudi Riyal,Wire,0,0.032
2022/09/05 00:48,132021,81B0BAE11,132021,81B0BAE10,9e-06,Bitcoin,0.1,US Dollar,ACH,0,0.1
2022/09/05 00:59,132021,81B0BAE11,132021,81B0BAE10,4e-06,Bitcoin,0.05,US Dollar,ACH,0,0.05
2022/09/05 00:55,132021,81B0BAE11,132021,81B0BAE10,1e-06,Bitcoin,0.01,US Dollar,Wire,0,0.01
2022/09/05 00:50,23571,80ADBA9E1,23571,80ADBA9E0,2e-06,Bitcoin,0.03,US Dollar,ACH,0,0.03
2022/09/05 00:37,23571,80ADBA9E1,23571,80ADBA9E0,1e-06,Bitcoin,0.01,US Dollar,ACH,0,0.01
2022/09/05 01:14,2860,80056F030,21260,8009EB8B0,0.72,US Dollar,0.72,US Dollar,ACH,0,0.72
2022/09/05 01:27,22185,80100EE40,394,8006B4840,0.33,US Dollar,0.33,US Dollar,Wire,0,0.33
2022/09/05 01:12,1439,800A61310,1812,80C2FD3F0,0.08,US Dollar,0.08,US Dollar,Wire,0,0.08
2022/09/05 01:20,21939,806D7E0B0,21063,80CC9FFF0,0.16,US Dollar,0.16,US Dollar,ACH,0,0.16
2022/09/05 01:21,9715,812969770,16584,8148A9E80,0.93,US Dollar,0.93,US Dollar,Wire,0,0.93
2022/09/05 01:28,24317,8030C5DA0,231651,8170D9D30,0.46,US Dollar,0.46,US Dollar,ACH,0,0.46
2022/09/05 01:28,12966,809721F20,256312,819A85910,0.65,US Dollar,0.65,US Dollar,Wire,0,0.65
2022/09/05 01:01,11,80067DB00,238219,81A149410,0.72,US Dollar,0.72,US Dollar,Wire,0,0.72
2022/09/05 01:11,219054,808D7DB60,219054,808D7DB60,0.67,Euro,0.79,US Dollar,ACH,0,0.79
2022/09/05 01:02,219054,808D7DB60,219054,808D7DB60,0.16,Euro,0.19,US Dollar,ACH,0,0.19
2022/09/05 01:02,219054,808D7DB60,211018,80B764150,0.16,Euro,0.16,Euro,ACH,0,0.15891934843067146
2022/09/05 01:22,425,805AE84D0,15763,81404CE30,0.02,Euro,0.02,Euro,ACH,0,0.019864918553833932
2022/09/05 01:23,15516,80B92A650,135807,8110EA1F0,0.89,Euro,0.89,Euro,ACH,0,0.8839888756456099
2022/09/05 01:28,12055,802411EE0,117105,8150F8950,0.57,Euro,0.57,Euro,ACH,0,0.566150178784267
2022/09/05 01:18,12055,802411EE0,117105,8150F8950,0.22,Euro,0.22,Euro,Wire,0,0.21851410409217323
2022/09/05 01:17,7080,8039B3570,210858,8048B3B20,5.5,Yuan,5.5,Yuan,Wire,0,0.7946139620896903
2022/09/05 01:02,110134,804458BC0,112659,804B7F230,1.85,Yuan,1.85,Yuan,ACH,0,0.2672792417938049
2022/09/05 01:01,19856,806220C90,29572,806624F80,52.71,Yen,52.71,Yen,Wire,0,0.37518684603886393
2022/09/05 01:12,34293,80C9582F0,33370,80CA7F4C0,0.75,UK Pound,0.75,UK Pound,ACH,0,0.863925909713983
2022/09/05 01:29,136311,80E004480,136136,80E156650,0.54,Canadian Dollar,0.54,Canadian Dollar,Wire,0,0.41089636280627
2022/09/05 01:27,10,811DDE1C0,150820,812F5BAF0,3.73,Brazil Real,3.73,Brazil Real,Wire,0,0.7202718881550998
2022/09/05 01:28,216,8173319E0,63587,8174F0400,3.06,Saudi Riyal,3.06,Saudi Riyal,ACH,0,0.8160000000000001
2022/09/05 01:14,63587,817FD7230,167819,819466DF0,0.03,Saudi Riyal,0.03,Saudi Riyal,ACH,0,0.008
2022/09/05 01:02,126588,816CA6A01,126588,816CA6A00,1e-05,Bitcoin,0.12,US Dollar,ACH,0,0.12
2022/09/05 01:04,126588,816CA6A01,126588,816CA6A00,2e-05,Bitcoin,0.24,US Dollar,ACH,0,0.24
2022/09/05 01:17,16456,806AFD201,16456,806AFD200,2.5e-05,Bitcoin,0.3,US Dollar,ACH,0,0.3
2022/09/05 01:28,16456,806AFD201,16456,806AFD200,2.3e-05,Bitcoin,0.28,US Dollar,ACH,0,0.28
2022/09/05 01:17,9096,80540B791,9096,80540B790,2e-06,Bitcoin,0.14,Yuan,ACH,0,0.02022653721682848
2022/09/05 01:28,9096,80540B791,9096,80540B790,1e-06,Bitcoin,0.07,Yuan,ACH,0,0.01011326860841424
2022/09/05 01:07,37146,8125CA831,37146,8125CA830,2e-06,Bitcoin,0.02,US Dollar,ACH,0,0.02
2022/09/05 01:15,37146,8125CA831,37146,8125CA830,3e-06,Bitcoin,0.03,US Dollar,Wire,0,0.03
2022/09/05 01:14,238352,813947EF1,238352,813947EF0,2e-06,Bitcoin,0.03,US Dollar,ACH,0,0.03
2022/09/05 01:17,238352,813947EF1,238352,813947EF0,1e-06,Bitcoin,0.01,US Dollar,ACH,0,0.01
2022/09/05 01:24,8801,8068D6C31,8801,8068D6C30,7.3e-05,Bitcoin,0.87,US Dollar,ACH,0,0.87
2022/09/05 01:06,147509,81212BD61,147509,81212BD60,5e-06,Bitcoin,0.06,US Dollar,ACH,0,0.06
2022/09/05 01:16,147509,81212BD61,147509,81212BD60,1e-06,Bitcoin,0.01,US Dollar,ACH,0,0.01
2022/09/05 01:42,1422,800803850,1291,8008222E0,0.41,US Dollar,0.41,US Dollar,ACH,0,0.41
2022/09/05 01:44,21260,800ACE690,1889,801250A00,0.23,US Dollar,0.23,US Dollar,Wire,0,0.23
2022/09/05 01:40,1439,8014C4220,22435,8043D9EA0,0.99,US Dollar,0.99,US Dollar,ACH,0,0.99
2022/09/05 01:49,1812,800B30440,22129,80452AB90,0.65,US Dollar,0.65,US Dollar,ACH,0,0.65
2022/09/05 01:59,110400,805198320,110400,805198320,0.54,US Dollar,3.59,Yuan,ACH,0,0.518666204345816
2022/09/05 01:47,110400,805198320,110400,805198320,0.63,US Dollar,4.24,Yuan,ACH,0,0.612575127138234
2022/09/05 01:47,110400,805198320,11222,80B7D77A0,0.63,US Dollar,0.63,US Dollar,ACH,0,0.63
2022/09/05 01:43,4894,80A247770,234039,80D854420,0.42,US Dollar,0.42,US Dollar,ACH,0,0.42
2022/09/05 01:39,21438,80B737CC0,43217,8118CA1A0,0.76,US Dollar,0.76,US Dollar,Wire,0,0.76
2022/09/05 01:40,5082,8103DA870,5082,8103DA870,0.8,US Dollar,0.68,Euro,ACH,0,0.6754072308303537
2022/09/05 01:40,5082,8103DA870,143570,817055380,0.8,US Dollar,0.8,US Dollar,Wire,0,0.8
2022/09/05 01:49,10073,805170730,10073,805170730,0.47,US Dollar,3.13,Yuan,ACH,0,0.452207582061951
2022/09/05 01:49,10073,805170730,258931,817092DA0,0.47,US Dollar,0.47,US Dollar,ACH,0,0.47
2022/09/05 01:52,12,803B3CC20,12,803B3CC20,1.0,US Dollar,6.68,Yuan,ACH,0,0.9650947757743874
2022/09/05 01:32,11661,8046D4340,30515,818880710,0.3,US Dollar,0.3,US Dollar,Wire,0,0.3
2022/09/05 01:59,1231,800931590,30562,819C3B250,0.28,US Dollar,0.28,US Dollar,Wire,0,0.28
2022/09/05 01:57,0,800A1B3D0,2514,800D58AE0,0.09,Euro,0.09,Euro,ACH,0,0.08939213349225268
2022/09/05 01:51,25788,80267DF00,2514,80B9C59F0,0.08,Euro,0.08,Euro,ACH,0,0.07945967421533573
2022/09/05 01:54,212854,805622F50,32453,817C4EF10,0.47,Euro,0.47,Euro,ACH,0,0.4668255860150973
2022/09/05 01:42,212854,805622F50,32453,817C4EF10,0.89,Euro,0.89,Euro,Wire,0,0.8839888756456099
2022/09/05 01:39,5981,802B54450,219011,819888530,0.26,Euro,0.26,Euro,ACH,0,0.2582439411998411
2022/09/05 01:53,26922,802991FD0,27425,8035A7FF0,5.85,Yuan,5.85,Yuan,ACH,0,0.8451803051317615
2022/09/05 01:41,26922,802991FD0,27425,8035A7FF0,0.31,Yuan,0.31,Yuan,Wire,0,0.044787332408691635
2022/09/05 01:45,23,8036B9E70,29640,8045B1B30,130.84,Yen,130.84,Yen,ACH,0,0.9313118371414335
2022/09/05 01:51,215478,80621DCA0,15740,8065F0500,59.36,Yen,59.36,Yen,ACH,0,0.4225211758844046
2022/09/05 01:42,215478,80621DCA0,15740,8065F0500,0.82,Yen,0.82,Yen,Wire,0,0.005836714356893729
2022/09/05 01:55,217662,80813F1D0,17380,81581A030,83.53,Yen,83.53,Yen,ACH,0,0.594561890526016
2022/09/05 01:30,18,80BD61360,230595,80C029E30,38.49,Ruble,38.49,Ruble,ACH,0,0.6337158568911866
2022/09/05 01:40,18,80BD61360,230595,80C029E30,41.62,Ruble,41.62,Ruble,Wire,0,0.6852495184154633
2022/09/05 01:47,8,80C423170,7,80C423F60,0.21,UK Pound,0.21,UK Pound,ACH,0,0.24189925471991522
2022/09/05 01:49,8,80C423170,7,80C423F60,0.11,UK Pound,0.11,UK Pound,Wire,0,0.1267091334247175
2022/09/05 01:44,136136,80E1405B0,235735,80E2D57F0,0.23,Canadian Dollar,0.23,Canadian Dollar,ACH,0,0.17501141378785573
2022/09/05 01:36,136136,80E1405B0,235735,80E2D57F0,0.16,Canadian Dollar,0.16,Canadian Dollar,Wire,0,0.12174707046111703
2022/09/05 01:33,110,80F01A570,110,80F349090,0.68,Australian Dollar,0.68,Australian Dollar,Wire,0,0.4618937644341802
2022/09/05 01:47,113,810DA51B0,1135,810F32FB0,3.75,Mexican Peso,3.75,Mexican Peso,ACH,0,0.1873314017384354
2022/09/05 01:45,249331,8125CBB50,248575,812A35970,1.92,Brazil Real,1.92,Brazil Real,ACH,0,0.37075657513613713
2022/09/05 01:52,116,811DE7280,249331,812B4F890,2.16,Brazil Real,2.16,Brazil Real,ACH,0,0.4171011470281543
2022/09/05 01:30,152768,81360D7E0,53905,814EBB580,0.5,Swiss Franc,0.5,Swiss Franc,ACH,0,0.5087867471228109
2022/09/05 01:52,63834,817B98C50,263574,817E47270,1.07,Saudi Riyal,1.07,Saudi Riyal,ACH,0,0.2853333333333333
2022/09/05 01:53,63834,817B98C50,263574,817E47270,0.16,Saudi Riyal,0.16,Saudi Riyal,Wire,0,0.042666666666666665
2022/09/05 01:59,14408,8042CE241,14408,8042CE240,2e-06,Bitcoin,0.03,US Dollar,ACH,0,0.03
2022/09/05 01:53,14408,8042CE241,14408,8042CE240,3e-06,Bitcoin,0.03,US Dollar,Wire,0,0.03
2022/09/05 01:50,6045,80348F281,6045,80348F280,4.7e-05,Bitcoin,0.56,US Dollar,Wire,0,0.56
2022/09/05 01:44,24,80C3ED011,24,80C3ED010,3e-06,Bitcoin,0.03,UK Pound,Wire,0,0.034557036388559316
2022/09/05 01:37,24,80C3ED011,24,80C3ED010,1e-06,Bitcoin,0.01,UK Pound,ACH,0,0.011519012129519774
2022/09/05 01:31,134019,80F5E25F1,134019,80F5E25F0,5e-06,Bitcoin,0.06,US Dollar,ACH,0,0.06
2022/09/05 01:57,43642,810733E91,43642,810733E90,1e-06,Bitcoin,0.01,Euro,ACH,0,0.009932459276916966
2022/09/05 02:11,11701,80131CA00,13821,801B3A290,0.75,US Dollar,0.75,US Dollar,Wire,0,0.75
2022/09/05 02:22,1812,800BB2070,15331,8030EA040,0.17,US Dollar,0.17,US Dollar,Wire,0,0.17
2022/09/05 02:28,3202,8012EC440,25526,8050D0320,0.96,US Dollar,0.96,US Dollar,Wire,0,0.96
2022/09/05 02:27,22031,8030C4240,15284,805D6D670,0.62,US Dollar,0.62,US Dollar,ACH,0,0.62
2022/09/05 02:22,22224,8082A16B0,18665,80912AEA0,0.01,US Dollar,0.01,US Dollar,ACH,0,0.01
2022/09/05 02:03,22086,80121C480,2175,809E8B1D0,0.8,US Dollar,0.8,US Dollar,Wire,0,0.8
2022/09/05 02:23,219705,809F58850,118314,80DE2C0A0,0.78,US Dollar,0.78,US Dollar,ACH,0,0.78
2022/09/05 02:14,219705,809F58850,118314,80DE2C0A0,0.07,US Dollar,0.07,US Dollar,Wire,0,0.07
2022/09/05 02:06,22086,80A344800,119174,812720C10,0.81,US Dollar,0.81,US Dollar,ACH,0,0.81
2022/09/05 02:19,22086,80A344800,119174,812720C10,0.04,US Dollar,0.04,US Dollar,Wire,0,0.04
2022/09/05 02:18,127170,80EA43C00,127170,80EA43C00,0.76,US Dollar,55.56,Rupee,ACH,0,0.6961010323744613
2022/09/05 02:01,2196,8014BAED0,240242,814B15380,0.06,US Dollar,0.06,US Dollar,ACH,0,0.06
2022/09/05 02:06,118681,8075555A0,226290,8155FA500,0.89,US Dollar,0.89,US Dollar,ACH,0,0.89
2022/09/05 02:09,118840,807595990,115966,816ACB2C0,0.58,US Dollar,0.58,US Dollar,ACH,0,0.58
2022/09/05 02:15,13354,80C4EC0D0,115216,8184439C0,0.6,US Dollar,0.6,US Dollar,Wire,0,0.6
2022/09/05 02:10,21260,81B3A57A0,228849,81BC5D940,0.44,US Dollar,0.44,US Dollar,Wire,0,0.44
2022/09/05 02:01,423,8013B92C0,3671,8029AEAF0,0.16,Euro,0.16,Euro,ACH,0,0.15891934843067146
2022/09/05 02:24,12274,80228FC60,5981,802B9D040,0.09,Euro,0.09,Euro,Wire,0,0.08939213349225268
2022/09/05 02:22,27737,810702510,147445,813E11250,0.45,Euro,0.45,Euro,ACH,0,0.44696066746126345
2022/09/05 02:19,214445,8157C88C0,212529,8095FE820,0.88,Euro,0.88,Euro,ACH,0,0.8740564163686929
2022/09/05 02:12,214445,8157C88C0,212529,8095FE820,0.9,Euro,0.9,Euro,Wire,0,0.8939213349225269
2022/09/05 02:16,1720,802DF49E0,51510,817DD9BE0,0.7,Euro,0.7,Euro,ACH,0,0.6952721493841876
2022/09/05 02:16,1768,80933F230,264855,81B1274C0,0.44,Euro,0.44,Euro,Wire,0,0.43702820818434646
2022/09/05 02:18,29867,803DA17D0,212405,804F356E0,6.63,Yuan,6.63,Yuan,ACH,0,0.957871012482663
2022/09/05 02:13,29867,803DA17D0,212405,804F356E0,4.1,Yuan,4.1,Yuan,Wire,0,0.5923485899214054
2022/09/05 02:29,12469,804FEE690,110198,805513500,6.8,Yuan,6.8,Yuan,Wire,0,0.9824318076745261
2022/09/05 02:26,19413,8072D53F0,26,8073B9F10,33.26,Rupee,33.26,Rupee,ACH,0,0.4167084293875914
2022/09/05 02:14,2,808AD62B0,23809,809F49A20,0.74,Rupee,0.74,Rupee,Wire,0,0.009271324045304199
2022/09/05 02:03,119732,808EFC890,124304,80A1906D0,72.58,Rupee,72.58,Rupee,Wire,0,0.9093414854164578
2022/09/05 02:24,19414,808C4F2C0,26765,80A2162B0,34.63,Rupee,34.63,Rupee,Wire,0,0.43387290768768166
2022/09/05 02:10,123824,809F1B4B0,27037,80A8799B0,53.31,Rupee,53.31,Rupee,Wire,0,0.6679111957502255
2022/09/05 02:18,119699,808FB3C00,23486,80A8F9C00,37.33,Rupee,37.33,Rupee,ACH,0,0.4677007116367645
2022/09/05 02:04,133159,80C2D6350,133936,80C6E1930,0.07,UK Pound,0.07,UK Pound,ACH,0,0.08063308490663842
2022/09/05 02:14,133159,80C2D6350,133936,80C6E1930,0.06,UK Pound,0.06,UK Pound,Wire,0,0.06911407277711863
2022/09/05 02:22,233601,80C702AA0,233601,80C70E760,0.06,UK Pound,0.06,UK Pound,ACH,0,0.06911407277711863
2022/09/05 02:23,233601,80C702AA0,233601,80C70E760,0.01,UK Pound,0.01,UK Pound,Wire,0,0.011519012129519774
2022/09/05 02:27,135558,80D2569B0,235735,80D251050,1.17,Canadian Dollar,1.17,Canadian Dollar,ACH,0,0.8902754527469182
2022/09/05 02:12,235676,80D9A4F80,39213,80E6C3850,0.62,Canadian Dollar,0.62,Canadian Dollar,Wire,0,0.47176989803682845
2022/09/05 02:04,116,811E4BF20,116,811FA9100,0.23,Brazil Real,0.23,Brazil Real,ACH,0,0.0444135480631831
2022/09/05 02:14,157948,816153580,58138,816227AD0,1.44,Shekel,1.44,Shekel,Wire,0,0.42345468446744694
2022/09/05 02:02,211012,80FEAFDB0,211012,80FEAFDB0,2.61,Shekel,0.66,Euro,ACH,0,0.6555423122765197
2022/09/05 02:27,211012,80FEAFDB0,211012,80FEAFDB0,1.11,Shekel,0.28,Euro,ACH,0,0.27810885975367505
2022/09/05 02:27,211012,80FEAFDB0,112,8162F6820,1.11,Shekel,1.11,Shekel,ACH,0,0.32641298594365703
2022/09/05 02:01,211012,80FEAFDB0,211012,80FEAFDB0,0.76,Shekel,0.19,Euro,ACH,0,0.18871672626142236
2022/09/05 02:01,211012,80FEAFDB0,112,8162F6820,0.76,Shekel,0.76,Shekel,Wire,0,0.22348997235781923
2022/09/05 02:18,11880,80C2EA6E1,11880,80C2EA6E0,1.9e-05,Bitcoin,0.22,US Dollar,ACH,0,0.22
2022/09/05 02:24,113016,80A4D8561,113016,80A4D8560,1e-06,Bitcoin,0.01,US Dollar,ACH,0,0.01
2022/09/05 02:23,113016,80A4D8561,113016,80A4D8560,5e-06,Bitcoin,0.06,US Dollar,ACH,0,0.06
2022/09/05 02:04,113016,80A4D8561,113016,80A4D8560,1e-06,Bitcoin,0.01,US Dollar,ACH,0,0.01
2022/09/05 02:27,26453,80685D621,26453,80685D620,6.7e-05,Bitcoin,0.8,US Dollar,ACH,0,0.8
2022/09/05 02:10,131099,80EF80FE1,131099,80EF80FE0,2e-06,Bitcoin,0.03,US Dollar,ACH,0,0.03
2022/09/05 02:03,131099,80EF80FE1,131099,80EF80FE0,5e-06,Bitcoin,0.05,US Dollar,ACH,0,0.05
2022/09/05 02:26,231616,814E45511,231616,814E45510,1e-06,Bitcoin,0.1,Yuan,ACH,0,0.014447526583448915
2022/09/05 02:09,231616,814E45511,231616,814E45510,1e-06,Bitcoin,0.07,Yuan,ACH,0,0.01011326860841424
2022/09/05 02:26,249786,81386A291,249786,81386A290,2e-06,Bitcoin,0.02,US Dollar,ACH,0,0.02
2022/09/05 02:22,249786,81386A291,249786,81386A290,2e-06,Bitcoin,0.03,US Dollar,Wire,0,0.03
2022/09/05 02:47,2175,800FB6360,12,80192B840,0.73,US Dollar,0.73,US Dollar,Wire,0,0.73
2022/09/05 02:55,21939,800BF6240,11047,802AA9A80,0.13,US Dollar,0.13,US Dollar,ACH,0,0.13
2022/09/05 02:45,224,801749780,22129,803838A50,0.51,US Dollar,0.51,US Dollar,Wire,0,0.51
2022/09/05 02:48,21566,802B1C5E0,18656,80388DEE0,0.09,US Dollar,0.09,US Dollar,Wire,0,0.09
2022/09/05 02:45,13703,8076650C0,22435,80D03D650,0.09,US Dollar,0.09,US Dollar,Wire,0,0.09
2022/09/05 02:40,217717,80A201880,36392,80D94E280,0.77,US Dollar,0.77,US Dollar,Wire,0,0.77
2022/09/05 02:34,13243,805251560,226151,80E956090,0.9,US Dollar,0.9,US Dollar,Wire,0,0.9
2022/09/05 02:34,3597,809BD2AC0,139835,813967070,0.03,US Dollar,0.03,US Dollar,Wire,0,0.03
2022/09/05 02:54,15355,806DD16B0,11047,814D7A740,0.78,US Dollar,0.78,US Dollar,ACH,0,0.78
2022/09/05 02:58,12503,8015A81F0,12503,8015A81F0,0.34,US Dollar,0.29,Euro,ACH,0,0.288041319030592
2022/09/05 02:58,12503,8015A81F0,28195,8185C6650,0.34,US Dollar,0.34,US Dollar,Wire,0,0.34
2022/09/05 02:47,425,80028DD80,425,801A36CB0,0.2,Euro,0.2,Euro,Wire,0,0.19864918553833932
2022/09/05 02:44,20,801BEC450,425,801FFD4A0,0.13,Euro,0.13,Euro,ACH,0,0.12912197059992056
2022/09/05 02:31,12055,8015CEC50,14195,80225DA50,0.23,Euro,0.23,Euro,ACH,0,0.22844656336909022
2022/09/05 02:41,21444,8016D15B0,212854,805598550,0.54,Euro,0.54,Euro,Wire,0,0.5363528009535161
2022/09/05 02:43,6058,8028A7030,15461,8063E20E0,0.67,Euro,0.67,Euro,Wire,0,0.6654747715534367
2022/09/05 02:54,5294,803073930,4308,80791E4A0,0.23,Euro,0.23,Euro,ACH,0,0.22844656336909022
2022/09/05 02:40,12,8086785F0,12,8086785F0,0.84,Euro,104.28,Yen,ACH,0,0.7422592355327781
2022/09/05 02:44,20,8001B7160,14652,80F10E9D0,0.54,Euro,0.54,Euro,Wire,0,0.5363528009535161
2022/09/05 02:56,29640,8080853B0,29640,8080853B0,0.24,Euro,29.31,Yen,ACH,0,0.2086269485372624
2022/09/05 02:56,29640,8080853B0,130803,8106CB500,0.24,Euro,0.24,Euro,ACH,0,0.23837902264600716
2022/09/05 02:57,29640,8080853B0,29640,8080853B0,0.46,Euro,56.21,Yen,ACH,0,0.40009965122072744
2022/09/05 02:57,29640,8080853B0,130803,8106CB500,0.46,Euro,0.46,Euro,Wire,0,0.45689312673818044
2022/09/05 02:49,21444,801AE0890,217215,8147EDA30,0.57,Euro,0.57,Euro,ACH,0,0.566150178784267
2022/09/05 02:49,222654,80ADC4A50,498,815A29F10,0.57,Euro,0.57,Euro,Wire,0,0.566150178784267
2022/09/05 02:34,7082,803F96B10,29900,804A682D0,2.08,Yuan,2.08,Yuan,ACH,0,0.3005085529357374
2022/09/05 02:31,22364,805D57DF0,22364,805D57DF0,1.28,Canadian Dollar,0.97,US Dollar,ACH,0,0.97
2022/09/05 02:31,22364,805D57DF0,36096,80D4C6AD0,1.28,Canadian Dollar,1.28,Canadian Dollar,ACH,0,0.9739765636889363
2022/09/05 02:43,22364,805D57DF0,22364,805D57DF0,0.97,Canadian Dollar,0.73,US Dollar,ACH,0,0.73
2022/09/05 02:43,22364,805D57DF0,36096,80D4C6AD0,0.97,Canadian Dollar,0.97,Canadian Dollar,Wire,0,0.738091614670522
2022/09/05 02:33,46228,81116AB10,146738,811310FF0,18.15,Mexican Peso,18.15,Mexican Peso,ACH,0,0.9066839844140273
2022/09/05 02:51,46228,81116AB10,146738,811310FF0,7.74,Mexican Peso,7.74,Mexican Peso,Wire,0,0.3866520131881307
2022/09/05 02:51,249523,812695720,11,813477530,3.23,Brazil Real,3.23,Brazil Real,ACH,0,0.6237206967133974
2022/09/05 02:34,1199,815865170,157900,815E93D10,0.59,Shekel,0.59,Shekel,Wire,0,0.1734987943304123
2022/09/05 02:52,115,8000DCD00,115,8000DCD00,1.28,Saudi Riyal,1.28,Saudi Riyal,Wire,0,0.3413333333333333
2022/09/05 02:58,226851,816B97391,226851,816B97390,3e-06,Bitcoin,0.04,US Dollar,ACH,0,0.04
2022/09/05 02:45,226851,816B97391,226851,816B97390,1.1e-05,Bitcoin,0.13,US Dollar,ACH,0,0.13
2022/09/05 02:55,253214,8143C8EE1,253214,8143C8EE0,2.6e-05,Bitcoin,0.26,Euro,ACH,0,0.2582439411998411
2022/09/05 02:43,253214,8143C8EE1,253214,8143C8EE0,4e-06,Bitcoin,0.04,Euro,ACH,0,0.039729837107667865
2022/09/05 02:59,13474,803A93631,13474,803A93630,7e-06,Bitcoin,0.08,US Dollar,ACH,0,0.08
2022/09/05 02:43,13474,803A93631,13474,803A93630,2e-05,Bitcoin,0.23,US Dollar,Wire,0,0.23
2022/09/05 02:33,13474,803A93631,13474,803A93630,1e-06,Bitcoin,0.01,US Dollar,ACH,0,0.01
2022/09/05 03:26,12592,800F9EC90,11483,8047C7180,0.8,US Dollar,0.8,US Dollar,ACH,0,0.8
2022/09/05 03:18,1,80005CA70,2368,805182900,0.32,US Dollar,0.32,US Dollar,ACH,0,0.32
2022/09/05 03:03,26453,803394DB0,21414,809874B30,0.37,US Dollar,0.37,US Dollar,Wire,0,0.37
2022/09/05 03:03,214107,806112210,35145,80DAD2630,0.83,US Dollar,0.83,US Dollar,ACH,0,0.83
2022/09/05 03:19,8814,80210F880,11968,80E066600,0.79,US Dollar,0.79,US Dollar,Wire,0,0.79
2022/09/05 03:09,12,803B3CC20,12,803B3CC20,0.11,US Dollar,0.74,Yuan,ACH,0,0.10691169671752196
2022/09/05 03:18,12,803B3CC20,12,803B3CC20,0.25,US Dollar,1.67,Yuan,ACH,0,0.24127369394359685
2022/09/05 03:18,12,803B3CC20,148288,8146151A0,0.25,US Dollar,0.25,US Dollar,ACH,0,0.25
2022/09/05 03:10,22086,814CB75F0,236628,815114130,0.54,US Dollar,0.54,US Dollar,Wire,0,0.54
2022/09/05 03:01,3389,8087A0E20,112568,81618F560,0.15,US Dollar,0.15,US Dollar,ACH,0,0.15
2022/09/05 03:07,1422,80750F940,28932,816471650,0.11,US Dollar,0.11,US Dollar,Wire,0,0.11
2022/09/05 03:24,2860,80053BB60,217226,817039E90,0.82,US Dollar,0.82,US Dollar,Wire,0,0.82
2022/09/05 03:13,33013,80C332430,3718,819CF97C0,0.6,US Dollar,0.6,US Dollar,ACH,0,0.6
2022/09/05 03:02,425,800577310,11314,8007AB810,0.07,Euro,0.07,Euro,ACH,0,0.06952721493841876
2022/09/05 03:14,1776,800F199B0,23726,801F71170,0.98,Euro,0.98,Euro,Wire,0,0.9733810091378626
2022/09/05 03:13,15516,80264CBC0,3460,802A2FDB0,0.12,Euro,0.12,Euro,ACH,0,0.11918951132300358
2022/09/05 03:08,15516,80264CBC0,3460,802A2FDB0,0.16,Euro,0.16,Euro,Wire,0,0.15891934843067146
2022/09/05 03:06,24029,802B02840,600,80460EA00,0.97,Euro,0.97,Euro,Wire,0,0.9634485498609456
2022/09/05 03:26,25304,8020F3F70,17059,80D1088C0,0.35,Euro,0.35,Euro,ACH,0,0.3476360746920938
2022/09/05 03:12,25304,8020F3F70,17059,80D1088C0,0.55,Euro,0.55,Euro,Wire,0,0.5462852602304331
2022/09/05 03:23,498,80B475ED0,19622,80E9E0B80,0.57,Euro,0.57,Euro,Wire,0,0.566150178784267
2022/09/05 03:27,249868,8140C1020,38920,81AB08D40,0.02,Euro,0.02,Euro,ACH,0,0.019864918553833932
2022/09/05 03:20,24070,80CEF6200,29154,81B7E52C0,0.71,Euro,0.71,Euro,Wire,0,0.7052046086611045
2022/09/05 03:10,110080,80461CAA0,112926,804EA44B0,2.81,Yuan,2.81,Yuan,Wire,0,0.4059754969949145
2022/09/05 03:03,211204,804D8ED30,111425,804EEFCE0,4.31,Yuan,4.31,Yuan,Wire,0,0.6226883957466481
2022/09/05 03:03,1199,8000D86B0,213,81549E3C0,0.83,Shekel,0.83,Shekel,ACH,0,0.24407457507498675
2022/09/05 03:04,157948,815E4E900,59157,81620F460,0.9,Shekel,0.9,Shekel,Wire,0,0.26465917779215437
2022/09/05 03:23,10073,804076411,10073,804076410,2e-06,Bitcoin,0.14,Yuan,Wire,0,0.02022653721682848
2022/09/05 03:15,10073,804076411,10073,804076410,2e-06,Bitcoin,0.13,Yuan,Wire,0,0.01878178455848359
2022/09/05 03:21,126688,81726C5E1,126688,81726C5E0,1.3e-05,Bitcoin,0.16,US Dollar,ACH,0,0.16
2022/09/05 03:17,126688,81726C5E1,126688,81726C5E0,1e-05,Bitcoin,0.12,US Dollar,ACH,0,0.12
2022/09/05 03:28,211738,80535DC91,211738,80535DC90,2e-06,Bitcoin,0.16,Yuan,ACH,0,0.023116042533518264
2022/09/05 03:29,211738,80535DC91,211738,80535DC90,2e-06,Bitcoin,0.16,Yuan,Wire,0,0.023116042533518264
2022/09/05 03:13,211738,80535DC91,211738,80535DC90,3e-06,Bitcoin,0.23,Yuan,ACH,0,0.033229311141932505
2022/09/05 03:00,237253,819763991,237253,819763990,1e-06,Bitcoin,0.02,US Dollar,ACH,0,0.02
2022/09/05 03:01,152229,81B595BF1,152229,81B595BF0,4e-06,Bitcoin,0.05,US Dollar,Wire,0,0.05
2022/09/05 03:08,152229,81B595BF1,152229,81B595BF0,3e-06,Bitcoin,0.04,US Dollar,ACH,0,0.04
2022/09/05 03:45,1291,80042BEF0,22547,805442730,0.36,US Dollar,0.36,US Dollar,ACH,0,0.36
2022/09/05 03:59,1291,80042BEF0,22547,805442730,0.43,US Dollar,0.43,US Dollar,Wire,0,0.43
2022/09/05 03:35,14,8073BF920,14,8073BF920,1.01,US Dollar,73.86,Rupee,ACH,0,0.9253783702515785
2022/09/05 03:59,394,801C17A10,124173,80967F350,0.06,US Dollar,0.06,US Dollar,Wire,0,0.06
2022/09/05 03:44,22595,804394AC0,18656,80AF3A830,0.81,US Dollar,0.81,US Dollar,ACH,0,0.81
2022/09/05 03:31,27425,803172FF0,27425,803172FF0,0.04,US Dollar,0.3,Yuan,ACH,0,0.04334257975034674
2022/09/05 03:31,27425,803172FF0,29158,80CDD01E0,0.04,US Dollar,0.04,US Dollar,Wire,0,0.04
2022/09/05 03:41,8814,804FBD040,221100,8125509A0,0.5,US Dollar,0.5,US Dollar,ACH,0,0.5
2022/09/05 03:43,5033,80D62C110,119973,814733D00,0.42,US Dollar,0.42,US Dollar,Wire,0,0.42
2022/09/05 03:31,19856,806280370,19856,806280370,0.82,US Dollar,86.72,Yen,ACH,0,0.6172681329632002
2022/09/05 03:54,8318,8057A2D10,31373,81C0FBF20,0.63,US Dollar,0.63,US Dollar,ACH,0,0.63
2022/09/05 03:44,224,8004A8D40,224,8004A8D40,0.12,Euro,0.14,US Dollar,ACH,0,0.14
2022/09/05 03:48,224,8004A8D40,224,8004A8D40,0.2,Euro,0.23,US Dollar,ACH,0,0.23
2022/09/05 03:48,224,8004A8D40,5082,801DEA410,0.2,Euro,0.2,Euro,ACH,0,0.19864918553833932
2022/09/05 03:41,224,8004A8D40,224,8004A8D40,0.05,Euro,0.06,US Dollar,ACH,0,0.06
2022/09/05 03:41,224,8004A8D40,5082,801DEA410,0.05,Euro,0.05,Euro,Wire,0,0.04966229638458483
2022/09/05 03:47,11314,802C3F280,6829,807857310,0.72,Euro,0.72,Euro,Wire,0,0.7151370679380215
2022/09/05 03:38,27425,8036F7A80,110164,804E890A0,5.66,Yuan,5.66,Yuan,ACH,0,0.8177300046232086
2022/09/05 03:35,27,80B4C76A0,131036,80BDA2B50,46.67,Ruble,46.67,Ruble,ACH,0,0.7683948828555905
2022/09/05 03:46,16,80D3F6870,235676,80D436DC0,1.19,Canadian Dollar,1.19,Canadian Dollar,ACH,0,0.9054938365545578
2022/09/05 03:38,49411,8128D9C10,249585,812F88870,4.5,Brazil Real,4.5,Brazil Real,ACH,0,0.8689607229753215
2022/09/05 03:51,152768,81358DC10,52788,813A863C0,0.35,Swiss Franc,0.35,Swiss Franc,Wire,0,0.3561507229859676
2022/09/05 03:40,112,8135FE590,154228,813EBE5A0,0.96,Swiss Franc,0.96,Swiss Franc,Wire,0,0.976870554475797
2022/09/05 03:38,52898,8142CAAD0,54525,8142F83D0,0.45,Swiss Franc,0.45,Swiss Franc,ACH,0,0.4579080724105299
2022/09/05 03:34,4894,807E41661,4894,807E41660,7e-06,Bitcoin,0.08,US Dollar,ACH,0,0.08
2022/09/05 03:43,4894,807E41661,4894,807E41660,3e-06,Bitcoin,0.04,US Dollar,ACH,0,0.04
2022/09/05 03:38,122779,80AA94B91,122779,80AA94B90,2.2e-05,Bitcoin,0.27,US Dollar,ACH,0,0.27
2022/09/05 03:31,122779,80AA94B91,122779,80AA94B90,1.4e-05,Bitcoin,0.17,US Dollar,Wire,0,0.17
2022/09/05 03:30,22595,80564FA11,22595,80564FA10,1e-06,Bitcoin,0.01,US Dollar,ACH,0,0.01
2022/09/05 03:41,215456,80605E241,215456,80605E240,1.1e-05,Bitcoin,0.13,US Dollar,ACH,0,0.13
2022/09/05 03:37,215456,80605E241,215456,80605E240,3e-05,Bitcoin,0.36,US Dollar,ACH,0,0.36
2022/09/05 03:39,215456,80605E241,215456,80605E240,3e-06,Bitcoin,0.03,US Dollar,ACH,0,0.03
2022/09/05 03:59,215456,80605E241,215456,80605E240,1e-06,Bitcoin,0.01,US Dollar,ACH,0,0.01
2022/09/05 04:18,20,80015A0A0,11046,8005D0EB0,0.99,US Dollar,0.99,US Dollar,Wire,0,0.99
2022/09/05 04:07,1422,8003531A0,1291,8011820F0,0.15,US Dollar,0.15,US Dollar,ACH,0,0.15
2022/09/05 04:06,11046,800A181A0,25526,802B37A70,0.85,US Dollar,0.85,US Dollar,Wire,0,0.85
2022/09/05 04:29,210277,8050083A0,210277,8050083A0,0.28,US Dollar,1.87,Yuan,ACH,0,0.2701687471104947
2022/09/05 04:16,210277,8050083A0,210277,8050083A0,0.44,US Dollar,2.97,Yuan,ACH,0,0.42909153952843276
2022/09/05 04:16,210277,8050083A0,16456,80608A100,0.44,US Dollar,0.44,US Dollar,ACH,0,0.44
2022/09/05 04:13,210277,8050083A0,210277,8050083A0,0.27,US Dollar,1.78,Yuan,ACH,0,0.2571659731853907
2022/09/05 04:13,210277,8050083A0,16456,80608A100,0.27,US Dollar,0.27,US Dollar,Wire,0,0.27
2022/09/05 04:20,5571,802DA9040,21566,80DCF1700,0.04,US Dollar,0.04,US Dollar,ACH,0,0.04
2022/09/05 04:06,3389,80DF667B0,23760,8199B2360,0.24,US Dollar,0.24,US Dollar,ACH,0,0.24
2022/09/05 04:24,1807,815196330,171007,81AE180F0,0.33,US Dollar,0.33,US Dollar,Wire,0,0.33
2022/09/05 04:18,129402,80F3AED50,226290,81BDE24D0,0.31,US Dollar,0.31,US Dollar,Wire,0,0.31
2022/09/05 04:18,11,80021E2E0,11,80021E2E0,0.66,Euro,0.77,US Dollar,ACH,0,0.77
2022/09/05 04:25,1776,800ED6900,6586,802647050,0.42,Euro,0.42,Euro,ACH,0,0.4171632896305125
2022/09/05 04:11,11314,801175560,25885,802E53D80,0.15,Euro,0.15,Euro,Wire,0,0.14898688915375446
2022/09/05 04:07,27868,802FFAB40,7058,8053A7230,0.04,Euro,0.04,Euro,ACH,0,0.039729837107667865
2022/09/05 04:14,27868,802FFAB40,7058,8053A7230,0.01,Euro,0.01,Euro,Wire,0,0.009932459276916966
2022/09/05 04:22,13590,8058B1690,217519,80F10B360,0.51,Euro,0.51,Euro,ACH,0,0.5065554231227652
2022/09/05 04:03,216208,80AE0A4E0,15461,813736C00,0.85,Euro,0.85,Euro,ACH,0,0.844259038537942
2022/09/05 04:14,11437,802EAA3F0,220270,814217890,0.47,Euro,0.47,Euro,Wire,0,0.4668255860150973
2022/09/05 04:04,247039,811BE0B10,253008,8150D0050,0.99,Euro,0.99,Euro,Wire,0,0.9833134684147796
2022/09/05 04:07,11,8044AF8F0,110164,804675E70,1.13,Yuan,1.13,Yuan,Wire,0,0.16325705039297272
2022/09/05 04:15,18,804543420,4,8059BB590,48.48,Yen,48.48,Yen,ACH,0,0.3450779414904975
2022/09/05 04:01,18,804543420,4,8059BB590,105.22,Yen,105.22,Yen,Wire,0,0.7489501032101928
2022/09/05 04:22,10,80D262BD0,136311,80DFADA30,1.23,Canadian Dollar,1.23,Canadian Dollar,ACH,0,0.9359306041698371
2022/09/05 04:10,10,80D262BD0,136311,80DFADA30,0.63,Canadian Dollar,0.63,Canadian Dollar,Wire,0,0.4793790899406483
2022/09/05 04:13,212,80EFF77E0,43378,8102D1170,0.83,Australian Dollar,0.83,Australian Dollar,Wire,0,0.5637820948240728
2022/09/05 04:19,252477,813605930,252477,813847780,0.34,Swiss Franc,0.34,Swiss Franc,ACH,0,0.34597498804351146
2022/09/05 04:04,53905,813BD0E20,253379,813CBD670,0.11,Swiss Franc,0.11,Swiss Franc,ACH,0,0.1119330843670184
2022/09/05 04:23,14,8000D2820,115,8158B4EC0,2.77,Shekel,2.77,Shekel,ACH,0,0.8145621360936306
2022/09/05 04:19,14,8000D2820,115,8158B4EC0,0.86,Shekel,0.86,Shekel,Wire,0,0.2528965476680586
2022/09/05 04:28,37690,816F08261,37690,816F08260,9e-06,Bitcoin,0.1,US Dollar,ACH,0,0.1
2022/09/05 04:01,37690,816F08261,37690,816F08260,4e-06,Bitcoin,0.05,US Dollar,ACH,0,0.05
2022/09/05 04:02,217717,80A557671,217717,80A557670,1e-06,Bitcoin,0.02,US Dollar,Wire,0,0.02
2022/09/05 04:11,217717,80A557671,217717,80A557670,4e-06,Bitcoin,0.05,US Dollar,Wire,0,0.05
2022/09/05 04:05,5394,80524ED81,5394,80524ED80,1e-06,Bitcoin,0.01,US Dollar,ACH,0,0.01
2022/09/05 04:06,5394,80524ED81,5394,80524ED80,1e-06,Bitcoin,0.01,US Dollar,ACH,0,0.01
2022/09/05 04:10,11756,8085CD881,11756,8085CD880,6e-06,Bitcoin,0.44,Yuan,ACH,0,0.06356911696717522
2022/09/05 04:05,11701,8034B3501,11701,8034B3500,1e-06,Bitcoin,0.01,US Dollar,ACH,0,0.01
2022/09/05 04:29,11701,8034B3501,11701,8034B3500,1e-06,Bitcoin,0.01,US Dollar,ACH,0,0.01
2022/09/05 04:11,22086,80147C081,22086,80147C080,2e-06,Bitcoin,0.03,US Dollar,ACH,0,0.03
2022/09/05 04:03,22086,80147C081,22086,80147C080,1e-06,Bitcoin,0.01,US Dollar,ACH,0,0.01
2022/09/05 04:14,251854,814A92671,251854,814A92670,9e-06,Bitcoin,0.11,US Dollar,ACH,0,0.11
2022/09/05 04:02,115966,8123EA1D1,115966,8123EA1D0,2e-06,Bitcoin,0.02,US Dollar,ACH,0,0.02
2022/09/05 04:57,2692,806E77BE0,12,809768AA0,0.52,US Dollar,0.52,US Dollar,ACH,0,0.52
2022/09/05 04:56,2692,806E77BE0,12,809768AA0,0.48,US Dollar,0.48,US Dollar,Wire,0,0.48
2022/09/05 04:49,24523,8023FD8B0,14162,809E85370,0.15,US Dollar,0.15,US Dollar,Wire,0,0.15
2022/09/05 04:46,122779,8098CE470,216796,80B3A0AA0,0.66,US Dollar,0.66,US Dollar,ACH,0,0.66
2022/09/05 04:47,128097,80B84C980,349,80C7EFBC0,0.27,US Dollar,0.27,US Dollar,ACH,0,0.27
2022/09/05 04:49,22224,80898BAD0,8801,8127C97F0,0.99,US Dollar,0.99,US Dollar,Wire,0,0.99
2022/09/05 04:47,22595,80F5A4DB0,237246,814046C30,0.08,US Dollar,0.08,US Dollar,Wire,0,0.08
2022/09/05 04:54,2514,8011C49D0,7272,802A5AF70,0.98,Euro,0.98,Euro,ACH,0,0.9733810091378626
2022/09/05 04:39,14620,801A72250,3,807437260,0.11,Euro,0.11,Euro,ACH,0,0.10925705204608661
2022/09/05 04:31,14620,801A72250,3,807437260,0.13,Euro,0.13,Euro,Wire,0,0.12912197059992056
2022/09/05 04:52,20798,807D2FEC0,25384,809132990,0.66,Euro,0.66,Euro,ACH,0,0.6555423122765197
2022/09/05 04:30,20798,807D2FEC0,25384,809132990,0.11,Euro,0.11,Euro,Wire,0,0.10925705204608661
2022/09/05 04:50,3,80017E980,211362,80EE427F0,0.55,Euro,0.55,Euro,ACH,0,0.5462852602304331
2022/09/05 04:49,114983,8088132D0,7272,811A43D60,0.02,Euro,0.02,Euro,ACH,0,0.019864918553833932
2022/09/05 04:37,600,800F1CC20,133674,8164A34D0,0.15,Euro,0.15,Euro,Wire,0,0.14898688915375446
2022/09/05 04:30,27,802CCA580,26,804E27BE0,4.31,Yuan,4.31,Yuan,Wire,0,0.6226883957466481
2022/09/05 04:45,15885,8051FCA80,9096,806836DF0,6.27,Yuan,6.27,Yuan,ACH,0,0.9058599167822469
2022/09/05 04:58,116914,806699B00,29572,806960B30,92.29,Yen,92.29,Yen,Wire,0,0.6569150829240515
2022/09/05 04:56,215278,80662D430,17380,806F9B970,80.28,Yen,80.28,Yen,Wire,0,0.5714285714285714
2022/09/05 04:42,17096,806A222E0,17891,807975910,51.6,Yen,51.6,Yen,ACH,0,0.3672859278240444
2022/09/05 04:34,117960,806A4F220,17180,808081380,19.58,Yen,19.58,Yen,Wire,0,0.13936935013168195
2022/09/05 04:42,41126,80F4CFE10,110,80F514910,0.94,Australian Dollar,0.94,Australian Dollar,ACH,0,0.6385002037766607
2022/09/05 04:46,65300,8187ABE20,164730,818DC4830,3.54,Saudi Riyal,3.54,Saudi Riyal,ACH,0,0.9440000000000001
2022/09/05 04:50,3718,8146DFAD1,3718,8146DFAD0,5e-06,Bitcoin,0.06,US Dollar,ACH,0,0.06
2022/09/05 04:52,3718,8146DFAD1,3718,8146DFAD0,2.6e-05,Bitcoin,0.31,US Dollar,ACH,0,0.31
2022/09/05 04:56,2545,80A313571,2545,80A313570,1e-06,Bitcoin,0.01,US Dollar,ACH,0,0.01
2022/09/05 04:44,11222,80FC192D1,11222,80FC192D0,6.9e-05,Bitcoin,0.81,US Dollar,ACH,0,0.81
2022/09/05 04:57,239886,814CAEE91,239886,814CAEE90,5e-06,Bitcoin,0.06,US Dollar,ACH,0,0.06
2022/09/05 04:49,239886,814CAEE91,239886,814CAEE90,1e-06,Bitcoin,0.01,US Dollar,ACH,0,0.01
2022/09/05 05:14,1120,8008774A0,1231,8045A75A0,0.64,US Dollar,0.64,US Dollar,ACH,0,0.64
2022/09/05 05:04,394,800F30E10,23760,804DFE300,0.12,US Dollar,0.12,US Dollar,Wire,0,0.12
2022/09/05 05:22,11,800D1AD80,28932,804F52230,0.69,US Dollar,0.69,US Dollar,ACH,0,0.69
2022/09/05 05:24,23319,804604310,11305,805E97430,0.58,US Dollar,0.58,US Dollar,Wire,0,0.58
2022/09/05 05:20,11770,801DFEAB0,5687,80640C350,0.85,US Dollar,0.85,US Dollar,ACH,0,0.85
2022/09/05 05:20,4790,808BE3440,18247,80B035770,0.35,US Dollar,0.35,US Dollar,Wire,0,0.35
2022/09/05 05:22,16456,808164E40,137952,80FD33CA0,0.49,US Dollar,0.49,US Dollar,Wire,0,0.49
2022/09/05 05:29,11661,80A16E540,239632,80FD912F0,0.2,US Dollar,0.2,US Dollar,ACH,0,0.2
2022/09/05 05:22,22031,800E58EE0,136393,8113DD340,0.39,US Dollar,0.39,US Dollar,Wire,0,0.39
2022/09/05 05:02,1595,800396E30,2557,800A72670,0.17,Euro,0.17,Euro,Wire,0,0.16885180770758842
2022/09/05 05:19,11968,8005D27A0,22264,8016D1150,0.92,Euro,0.92,Euro,ACH,0,0.9137862534763609
2022/09/05 05:01,2293,800FCCE20,115690,806E60CB0,0.6,Euro,0.6,Euro,ACH,0,0.5959475566150179
2022/09/05 05:29,214445,805FE1870,214554,80886CA40,0.3,Euro,0.3,Euro,ACH,0,0.29797377830750893
2022/09/05 05:08,214445,805FE1870,214554,80886CA40,0.37,Euro,0.37,Euro,Wire,0,0.3675009932459277
2022/09/05 05:22,600,80EDDA580,234539,8107BA900,0.13,Euro,0.13,Euro,ACH,0,0.12912197059992056
2022/09/05 05:24,1768,800D313B0,229425,811A3C4D0,0.69,Euro,0.69,Euro,ACH,0,0.6853396901072706
2022/09/05 05:22,7522,807235890,2514,811A86650,0.44,Euro,0.44,Euro,Wire,0,0.43702820818434646
2022/09/05 05:11,12055,800D06700,120478,817BB8B20,0.45,Euro,0.45,Euro,Wire,0,0.44696066746126345
2022/09/05 05:17,17213,805484530,7080,815BB5770,6.7,Yuan,6.7,Yuan,ACH,0,0.9679842810910773
2022/09/05 05:26,14,8089E68D0,23486,808F2FD30,11.94,Rupee,11.94,Rupee,ACH,0,0.149594066352611
2022/09/05 05:24,14,8089E68D0,23486,808F2FD30,31.92,Rupee,31.92,Rupee,Wire,0,0.3999198155758244
2022/09/05 05:01,24816,80977CEA0,23642,8097BF7A0,9.77,Rupee,9.77,Rupee,Wire,0,0.12240653503057031
2022/09/05 05:24,212,80F28A910,212,80F856D10,0.24,Australian Dollar,0.24,Australian Dollar,Wire,0,0.1630213286238283
2022/09/05 05:18,53874,813DB7650,53933,814314570,0.63,Swiss Franc,0.63,Swiss Franc,ACH,0,0.6410713013747418
2022/09/05 05:06,257858,8165D7A90,59954,816963AE0,1.4,Shekel,1.4,Shekel,ACH,0,0.41169205434335115
2022/09/05 05:23,24,80C6D12E1,24,80C6D12E0,1e-06,Bitcoin,0.01,UK Pound,ACH,0,0.011519012129519774
2022/09/05 05:08,24,80C6D12E1,24,80C6D12E0,1e-06,Bitcoin,0.01,UK Pound,ACH,0,0.011519012129519774
2022/09/05 05:14,214111,80DC91711,214111,80DC91710,2e-06,Bitcoin,0.03,US Dollar,Wire,0,0.03
2022/09/05 05:19,214111,80DC91711,214111,80DC91710,3e-06,Bitcoin,0.03,US Dollar,ACH,0,0.03
2022/09/05 05:23,152926,81419E221,152926,81419E220,3e-06,Bitcoin,0.03,Swiss Franc,ACH,0,0.030527204827368655
2022/09/05 05:26,152926,81419E221,152926,81419E220,2e-06,Bitcoin,0.02,Swiss Franc,ACH,0,0.02035146988491244
2022/09/05 05:07,152926,81419E221,152926,81419E220,1e-06,Bitcoin,0.01,Swiss Franc,Wire,0,0.01017573494245622
2022/09/05 05:01,140797,817079AD1,140797,817079AD0,4e-06,Bitcoin,0.04,US Dollar,ACH,0,0.04
2022/09/05 05:18,140797,817079AD1,140797,817079AD0,2e-06,Bitcoin,0.02,US Dollar,ACH,0,0.02
2022/09/05 05:15,13243,805993661,13243,805993660,1e-06,Bitcoin,0.01,US Dollar,ACH,0,0.01
2022/09/05 05:02,29,80CA0AD51,29,80CA0AD50,1e-06,Bitcoin,0.01,UK Pound,ACH,0,0.011519012129519774
2022/09/05 05:15,11661,819D702A1,11661,819D702A0,6.9e-05,Bitcoin,0.82,US Dollar,ACH,0,0.82
2022/09/05 05:23,213123,8057CF451,213123,8057CF450,1e-06,Bitcoin,0.01,US Dollar,Wire,0,0.01
2022/09/05 05:44,394,800415280,11265,800C97B80,0.16,US Dollar,0.16,US Dollar,Wire,0,0.16
2022/09/05 05:49,1639,8008928A0,22547,8015A1EE0,0.44,US Dollar,0.44,US Dollar,ACH,0,0.44
2022/09/05 05:54,2860,8019B90F0,11483,80605E430,0.08,US Dollar,0.08,US Dollar,Wire,0,0.08
2022/09/05 05:40,11,800101740,29158,8062446A0,0.64,US Dollar,0.64,US Dollar,Wire,0,0.64
2022/09/05 05:50,22031,805CF0780,14133,8073FC3F0,0.46,US Dollar,0.46,US Dollar,Wire,0,0.46
2022/09/05 05:39,21414,805B2E130,4187,80824C270,0.11,US Dollar,0.11,US Dollar,Wire,0,0.11
2022/09/05 05:46,13210,803F554B0,24216,80AA04100,0.76,US Dollar,0.76,US Dollar,Wire,0,0.76
2022/09/05 05:47,11701,8010EEE10,11305,80AE76E10,0.48,US Dollar,0.48,US Dollar,ACH,0,0.48
2022/09/05 05:55,22224,80409DE70,28625,80C7EE950,0.01,US Dollar,0.01,US Dollar,ACH,0,0.01
2022/09/05 05:35,22224,80409DE70,28625,80C7EE950,0.06,US Dollar,0.06,US Dollar,Wire,0,0.06
2022/09/05 05:36,11770,800BBF8B0,18493,80DC12120,0.15,US Dollar,0.15,US Dollar,ACH,0,0.15
2022/09/05 05:32,111913,80DB4DED0,214527,80DD1C300,0.5,US Dollar,0.5,US Dollar,ACH,0,0.5
2022/09/05 05:33,113317,80766E5E0,221284,80E1BDB40,0.37,US Dollar,0.37,US Dollar,ACH,0,0.37
2022/09/05 05:56,27175,807AE0370,239440,80F5DE050,0.04,US Dollar,0.04,US Dollar,ACH,0,0.04
2022/09/05 05:40,19325,80BC249A0,137029,813324550,0.53,US Dollar,0.53,US Dollar,Wire,0,0.53
2022/09/05 05:41,17180,8067DC040,17180,8067DC040,0.08,US Dollar,8.07,Yen,ACH,0,0.0574418108050395
2022/09/05 05:42,17180,8067DC040,17180,8067DC040,0.38,US Dollar,40.35,Yen,ACH,0,0.28720905402519753
2022/09/05 05:36,118699,80847B9C0,21130,8137D1B40,0.24,US Dollar,0.24,US Dollar,Wire,0,0.24
2022/09/05 05:54,45261,812571B20,243246,814F775A0,0.01,US Dollar,0.01,US Dollar,ACH,0,0.01
2022/09/05 05:31,45261,812571B20,243246,814F775A0,0.01,US Dollar,0.01,US Dollar,Wire,0,0.01
2022/09/05 05:48,28865,80FECCDC0,140626,815257380,0.4,US Dollar,0.4,US Dollar,ACH,0,0.4
2022/09/05 05:56,28865,80FECCDC0,140626,815257380,0.37,US Dollar,0.37,US Dollar,Wire,0,0.37
2022/09/05 05:34,5206,806302F50,212730,819C49A10,0.1,US Dollar,0.1,US Dollar,Wire,0,0.1
2022/09/05 05:50,6058,802527000,15516,80347E3C0,0.8,Euro,0.8,Euro,ACH,0,0.7945967421533573
2022/09/05 05:46,12503,801501E10,17289,808607270,0.05,Euro,0.05,Euro,ACH,0,0.04966229638458483
2022/09/05 05:44,18624,80413AC20,117861,80C55AF80,0.43,Euro,0.43,Euro,ACH,0,0.4270957489074295
2022/09/05 05:48,18624,80413AC20,117861,80C55AF80,0.59,Euro,0.59,Euro,Wire,0,0.586015097338101
2022/09/05 05:32,13590,803086970,230153,80F6966C0,0.9,Euro,0.9,Euro,Wire,0,0.8939213349225269
2022/09/05 05:34,12274,802B9E8A0,235977,8123CA8A0,0.4,Euro,0.4,Euro,ACH,0,0.39729837107667865
2022/09/05 05:31,7082,802C142E0,9096,80338E590,1.27,Yuan,1.27,Yuan,Wire,0,0.1834835876098012
2022/09/05 05:31,12,803729CD0,29592,80457D640,111.88,Yen,111.88,Yen,ACH,0,0.7963556124991101
2022/09/05 05:42,29572,805A86BE0,15726,8065FECF0,138.71,Yen,138.71,Yen,Wire,0,0.987330059078938
2022/09/05 05:57,16,80D1F7860,16,80D272CC0,0.61,Canadian Dollar,0.61,Canadian Dollar,ACH,0,0.46416070613300864
2022/09/05 05:46,41126,80F39ABE0,41019,80F4E8E00,0.11,Australian Dollar,0.11,Australian Dollar,Wire,0,0.07471810895258797
2022/09/05 05:49,42275,80F782630,43378,81016DA20,0.47,Australian Dollar,0.47,Australian Dollar,ACH,0,0.31925010188833036
2022/09/05 05:38,42275,80F782630,43378,81016DA20,1.44,Australian Dollar,1.44,Australian Dollar,Wire,0,0.9781279717429697
2022/09/05 05:32,45907,810E9D5E0,245681,8111909B0,6.41,Mexican Peso,6.41,Mexican Peso,Wire,0,0.32021180937156557
2022/09/05 05:58,53933,813EC21B0,254535,814E7E080,0.02,Swiss Franc,0.02,Swiss Franc,ACH,0,0.02035146988491244
2022/09/05 05:44,265175,818C49230,66761,8193BF740,2.83,Saudi Riyal,2.83,Saudi Riyal,Wire,0,0.7546666666666667
2022/09/05 05:43,11255,80616F2B1,11255,80616F2B0,6e-05,Bitcoin,0.71,US Dollar,ACH,0,0.71
2022/09/05 05:43,1,80AA7EB61,1,80AA7EB60,3e-06,Bitcoin,0.04,US Dollar,ACH,0,0.04
2022/09/05 05:33,1,80AA7EB61,1,80AA7EB60,5e-06,Bitcoin,0.06,US Dollar,ACH,0,0.06
2022/09/05 05:30,25443,81B097DB1,25443,81B097DB0,7e-06,Bitcoin,0.09,US Dollar,Wire,0,0.09
2022/09/05 05:57,1110,80101B7D1,1110,80101B7D0,1e-06,Bitcoin,0.01,US Dollar,ACH,0,0.01
2022/09/05 05:56,1110,80101B7D1,1110,80101B7D0,1e-06,Bitcoin,0.01,US Dollar,Wire,0,0.01
2022/09/05 06:14,11222,800817720,531,800C2BC30,0.07,US Dollar,0.07,US Dollar,ACH,0,0.07
2022/09/05 06:05,11222,800817720,531,800C2BC30,0.03,US Dollar,0.03,US Dollar,Wire,0,0.03
2022/09/05 06:10,1277,80099C830,110821,804372930,0.76,US Dollar,0.76,US Dollar,Wire,0,0.76
2022/09/05 06:22,21260,80081F040,3533,805F002C0,0.85,US Dollar,0.85,US Dollar,Wire,0,0.85
2022/09/05 06:15,110821,804256540,21260,8064F4DC0,0.18,US Dollar,0.18,US Dollar,ACH,0,0.18
2022/09/05 06:00,13,805A0C250,13,805A0C250,0.59,US Dollar,61.7,Yen,ACH,0,0.4391771656345647
2022/09/05 06:29,10416,803CDCF80,1807,80A1F9EC0,0.76,US Dollar,0.76,US Dollar,Wire,0,0.76
2022/09/05 06:20,224,800B2F5B0,239440,810E5F360,0.23,US Dollar,0.23,US Dollar,ACH,0,0.23
2022/09/05 06:03,215239,811F66190,137074,8144D1840,0.6,US Dollar,0.6,US Dollar,ACH,0,0.6
2022/09/05 06:26,24438,809062190,24438,80CE91200,0.09,US Dollar,0.09,US Dollar,ACH,0,0.09
2022/09/05 06:28,115966,8060F9C30,139974,81594AA30,0.69,US Dollar,0.69,US Dollar,Wire,0,0.69
2022/09/05 06:00,26179,8134120E0,152182,8151C2F70,0.96,US Dollar,0.96,US Dollar,ACH,0,0.96
2022/09/05 06:24,26179,8134120E0,152182,8151C2F70,0.67,US Dollar,0.67,US Dollar,Wire,0,0.67
2022/09/05 06:00,134720,818468B00,264643,8185EEE60,0.27,US Dollar,0.27,US Dollar,ACH,0,0.27
2022/09/05 06:08,13,800086730,13,800086730,0.09,US Dollar,1.97,Mexican Peso,ACH,0,0.09841142971325806
2022/09/05 06:22,13,800086730,13,800086730,0.21,US Dollar,4.34,Mexican Peso,ACH,0,0.21680487561194922
2022/09/05 06:23,11,8009BA6E0,12202,801397BF0,0.01,Euro,0.01,Euro,ACH,0,0.009932459276916966
2022/09/05 06:23,11,8009BA6E0,12202,801397BF0,0.01,Euro,0.01,Euro,Wire,0,0.009932459276916966
2022/09/05 06:03,11437,800954B30,14172,801951130,0.8,Euro,0.8,Euro,ACH,0,0.7945967421533573
2022/09/05 06:12,21444,8011C6650,17319,803684370,0.07,Euro,0.07,Euro,ACH,0,0.06952721493841876
2022/09/05 06:20,21444,8011C6650,17319,803684370,0.31,Euro,0.31,Euro,Wire,0,0.3079062375844259
2022/09/05 06:16,0,80032B340,14003,804ACA1C0,0.87,Euro,0.87,Euro,Wire,0,0.864123957091776
2022/09/05 06:16,425,8003383F0,25634,809597600,0.23,Euro,0.23,Euro,ACH,0,0.22844656336909022
2022/09/05 06:03,425,8003383F0,25634,809597600,0.3,Euro,0.3,Euro,Wire,0,0.29797377830750893
2022/09/05 06:09,15763,802FB70E0,235805,811B40110,0.71,Euro,0.71,Euro,ACH,0,0.7052046086611045
2022/09/05 06:06,7522,808A34770,120229,815785430,0.62,Euro,0.62,Euro,Wire,0,0.6158124751688518
2022/09/05 06:04,216208,80DE5C9B0,255226,8152E6000,0.19,Euro,0.19,Euro,Wire,0,0.18871672626142236
2022/09/05 06:08,44720,812E417B0,22026,816B13920,0.44,Euro,0.44,Euro,Wire,0,0.43702820818434646
2022/09/05 06:06,7080,802ED8420,29900,803BA4730,3.67,Yuan,3.67,Yuan,ACH,0,0.5302242256125751
2022/09/05 06:24,15,803BAA830,9534,80DE2E9F0,1.63,Yuan,1.63,Yuan,Wire,0,0.23549468331021728
2022/09/05 06:17,14,8087D0EC0,23486,80908A470,29.84,Rupee,29.84,Rupee,Wire,0,0.3738598777187531
2022/09/05 06:20,235676,80D52FA20,235889,80D7E3D70,1.12,Canadian Dollar,1.12,Canadian Dollar,Wire,0,0.8522294932278193
2022/09/05 06:03,212,80F0CA4F0,212,80F7C3740,0.19,Australian Dollar,0.19,Australian Dollar,Wire,0,0.1290585518271974
2022/09/05 06:01,152768,813BB3020,152926,813EBA5D0,0.57,Swiss Franc,0.57,Swiss Franc,ACH,0,0.5800168917200045
2022/09/05 06:09,220822,808171E31,220822,808171E30,7e-06,Bitcoin,0.08,US Dollar,ACH,0,0.08
2022/09/05 06:23,220822,808171E31,220822,808171E30,4e-06,Bitcoin,0.04,US Dollar,Wire,0,0.04
2022/09/05 06:06,21393,8056ACD61,21393,8056ACD60,8e-06,Bitcoin,0.09,US Dollar,ACH,0,0.09
2022/09/05 06:09,21393,8056ACD61,21393,8056ACD60,2.3e-05,Bitcoin,0.27,US Dollar,ACH,0,0.27
2022/09/05 06:25,240478,810CED3B1,240478,810CED3B0,4.4e-05,Bitcoin,0.52,US Dollar,Wire,0,0.52
2022/09/05 06:22,240478,810CED3B1,240478,810CED3B0,1.1e-05,Bitcoin,0.13,US Dollar,ACH,0,0.13
2022/09/05 06:48,20,8003E6750,12,800212D50,0.68,US Dollar,0.68,US Dollar,ACH,0,0.68
2022/09/05 06:32,1217,800910150,11701,800D76D80,0.25,US Dollar,0.25,US Dollar,Wire,0,0.25
2022/09/05 06:58,1291,8003CF060,13354,8014D32F0,0.79,US Dollar,0.79,US Dollar,Wire,0,0.79
2022/09/05 06:49,18840,8045DEBB0,113016,8065A0000,0.45,US Dollar,0.45,US Dollar,ACH,0,0.45
2022/09/05 06:37,18840,8045DEBB0,113016,8065A0000,0.7,US Dollar,0.7,US Dollar,Wire,0,0.7
2022/09/05 06:58,11047,8022278D0,221024,80A0304B0,0.14,US Dollar,0.14,US Dollar,ACH,0,0.14
2022/09/05 06:45,214107,80B7FFC00,25443,80C508B50,0.21,US Dollar,0.21,US Dollar,ACH,0,0.21
2022/09/05 06:35,1217,808DFFEB0,21246,8113AC280,0.1,US Dollar,0.1,US Dollar,Wire,0,0.1
2022/09/05 06:34,5572,80F40F530,43217,8118F1FE0,0.37,US Dollar,0.37,US Dollar,Wire,0,0.37
2022/09/05 06:49,13210,803C48AC0,22031,8119F18F0,0.29,US Dollar,0.29,US Dollar,ACH,0,0.29
2022/09/05 06:38,22435,810638A50,3653,812838920,0.73,US Dollar,0.73,US Dollar,Wire,0,0.73
2022/09/05 06:45,24029,811A8E770,24029,811A8E770,0.34,US Dollar,0.29,Euro,ACH,0,0.288041319030592
2022/09/05 06:45,24029,811A8E770,26894,813A1C250,0.34,US Dollar,0.34,US Dollar,Wire,0,0.34
2022/09/05 06:30,236897,81467AC50,21828,81B2B6C70,0.57,US Dollar,0.57,US Dollar,Wire,0,0.57
2022/09/05 06:57,20,80F3ACC80,222559,81B60AAB0,0.81,US Dollar,0.81,US Dollar,ACH,0,0.81
2022/09/05 06:47,0,8002676B0,25400,80413E210,0.6,Euro,0.6,Euro,Wire,0,0.5959475566150179
2022/09/05 06:57,1835,802258090,1835,805A70BB0,0.11,Euro,0.11,Euro,ACH,0,0.10925705204608661
2022/09/05 06:39,11314,806C903E0,23848,80DCC6EE0,0.37,Euro,0.37,Euro,ACH,0,0.3675009932459277
2022/09/05 06:55,7080,802F3B990,15885,804C94870,5.8,Yuan,5.8,Yuan,ACH,0,0.837956541840037
2022/09/05 06:35,5923,803D91A00,138046,8122C7A80,3.15,Yuan,3.15,Yuan,Wire,0,0.4550970873786408
2022/09/05 06:59,5,808C6FCF0,124359,8096832B0,41.19,Rupee,41.19,Rupee,ACH,0,0.5160619424676756
2022/09/05 06:36,27561,80E881030,28767,80EAEC5B0,75.32,Rupee,75.32,Rupee,Wire,0,0.9436704420166382
2022/09/05 06:41,135558,80D1E4290,235676,80D3F4E90,0.63,Canadian Dollar,0.63,Canadian Dollar,Wire,0,0.4793790899406483
2022/09/05 06:50,41126,80F26DA10,42646,80FA076F0,0.62,Australian Dollar,0.62,Australian Dollar,ACH,0,0.42113843227822306
2022/09/05 06:50,41019,80F9B3820,142146,810083AF0,0.1,Australian Dollar,0.1,Australian Dollar,ACH,0,0.06792555359326179
2022/09/05 06:48,41019,80F9B3820,142146,810083AF0,0.02,Australian Dollar,0.02,Australian Dollar,Wire,0,0.013585110718652357
2022/09/05 06:56,157948,8159F8430,258799,815D4EE50,1.23,Shekel,1.23,Shekel,Wire,0,0.3617008763159443
2022/09/05 06:50,259272,816165F40,259592,8161740A0,1.0,Shekel,1.0,Shekel,ACH,0,0.2940657531023937
2022/09/05 06:49,18,81807D790,217,818A3F430,1.11,Saudi Riyal,1.11,Saudi Riyal,Wire,0,0.29600000000000004
2022/09/05 06:49,63779,817A66140,163897,81926DF10,3.22,Saudi Riyal,3.22,Saudi Riyal,ACH,0,0.8586666666666667
2022/09/05 06:41,14133,812216FA1,14133,812216FA0,9e-06,Bitcoin,0.11,US Dollar,ACH,0,0.11
2022/09/05 06:58,14133,812216FA1,14133,812216FA0,3.8e-05,Bitcoin,0.46,US Dollar,ACH,0,0.46
2022/09/05 06:36,124682,80DDBA331,124682,80DDBA330,5e-06,Bitcoin,0.06,US Dollar,ACH,0,0.06
2022/09/05 06:35,124682,80DDBA331,124682,80DDBA330,5e-06,Bitcoin,0.06,US Dollar,ACH,0,0.06
2022/09/05 07:02,11,8000ECA90,21393,800AC5040,0.47,US Dollar,0.47,US Dollar,Wire,0,0.47
2022/09/05 07:05,11265,8008CB850,2692,800FE8BF0,0.67,US Dollar,0.67,US Dollar,Wire,0,0.67
2022/09/05 07:14,11,8001DC570,22224,80297A340,0.82,US Dollar,0.82,US Dollar,Wire,0,0.82
2022/09/05 07:01,12,8019D00E0,212996,8054CB750,0.54,US Dollar,0.54,US Dollar,Wire,0,0.54
2022/09/05 07:18,2196,804D408C0,1889,8057D52B0,0.06,US Dollar,0.06,US Dollar,ACH,0,0.06
2022/09/05 07:23,2196,804D408C0,1889,8057D52B0,0.03,US Dollar,0.03,US Dollar,Wire,0,0.03
2022/09/05 07:10,22086,8047EC800,118681,8084E3D20,0.34,US Dollar,0.34,US Dollar,ACH,0,0.34
2022/09/05 07:23,22086,8047EC800,118681,8084E3D20,0.05,US Dollar,0.05,US Dollar,Wire,0,0.05
2022/09/05 07:23,5033,804AE0060,120280,807C75400,0.14,US Dollar,0.14,US Dollar,Wire,0,0.14
2022/09/05 07:25,212996,8075A4A90,222439,80DFD5BC0,0.1,US Dollar,0.1,US Dollar,Wire,0,0.1
2022/09/05 07:02,1,800FDB700,39701,80ECB11F0,0.34,US Dollar,0.34,US Dollar,Wire,0,0.34
2022/09/05 07:23,1217,805207DF0,12592,8142E0450,0.2,US Dollar,0.2,US Dollar,ACH,0,0.2
2022/09/05 07:18,1217,805207DF0,12592,8142E0450,0.51,US Dollar,0.51,US Dollar,Wire,0,0.51
2022/09/05 07:03,26179,810CEA820,25443,816232D20,0.93,US Dollar,0.93,US Dollar,Wire,0,0.93
2022/09/05 07:06,23726,80292EDE0,23848,804D96F50,0.06,Euro,0.06,Euro,ACH,0,0.05959475566150179
2022/09/05 07:07,223762,80BBFC1B0,215505,80EF17A90,0.25,Euro,0.25,Euro,Wire,0,0.24831148192292413
2022/09/05 07:17,231422,81010FF60,1126,811CFBC70,0.1,Euro,0.1,Euro,Wire,0,0.09932459276916966
2022/09/05 07:24,19104,804DA9EA0,14463,805500AA0,2.15,Yuan,2.15,Yuan,Wire,0,0.31062182154415163
2022/09/05 07:15,5,808F38130,224257,809095570,40.07,Rupee,40.07,Rupee,Wire,0,0.502029668236945
2022/09/05 07:11,123260,808A9E1B0,24320,809291210,14.64,Rupee,14.64,Rupee,Wire,0,0.1834218703016939
2022/09/05 07:13,26169,809C91C70,127170,80A80D310,41.6,Rupee,41.6,Rupee,Wire,0,0.5211987571414253
2022/09/05 07:13,72,80A2C6870,27277,80A75FC90,74.16,Rupee,74.16,Rupee,Wire,0,0.92913701513481
2022/09/05 07:17,18,80AD03130,27,80AFA24F0,7.98,Ruble,7.98,Ruble,Wire,0,0.13138614024400283
2022/09/05 07:05,232857,80C8CE730,135422,80CFAB900,0.46,UK Pound,0.46,UK Pound,Wire,0,0.5298745579579096
2022/09/05 07:15,135933,80D2A0EC0,136009,80D773380,0.63,Canadian Dollar,0.63,Canadian Dollar,ACH,0,0.4793790899406483
2022/09/05 07:14,36975,80D9C6CE0,17,80E7AF9D0,1.3,Canadian Dollar,1.3,Canadian Dollar,Wire,0,0.9891949474965759
2022/09/05 07:04,241036,80F9FDBD0,41335,80FBF0470,1.01,Australian Dollar,1.01,Australian Dollar,ACH,0,0.6860480912919441
2022/09/05 07:23,241036,80F9FDBD0,41335,80FBF0470,0.27,Australian Dollar,0.27,Australian Dollar,Wire,0,0.18339899470180684
2022/09/05 07:21,219,813558F30,152926,813AA4FE0,0.59,Swiss Franc,0.59,Swiss Franc,ACH,0,0.6003683616049169
2022/09/05 07:20,256566,814EC36A0,18,814F44D60,0.44,Swiss Franc,0.44,Swiss Franc,ACH,0,0.4477323374680736
2022/09/05 07:23,215766,805D73BD1,215766,805D73BD0,1.7e-05,Bitcoin,0.2,US Dollar,ACH,0,0.2
2022/09/05 07:14,215766,805D73BD1,215766,805D73BD0,7e-05,Bitcoin,0.83,US Dollar,ACH,0,0.83
2022/09/05 07:12,210472,812C2A4E1,210472,812C2A4E0,4.5e-05,Bitcoin,0.53,US Dollar,ACH,0,0.53
2022/09/05 07:13,15783,808860DF1,15783,808860DF0,2e-06,Bitcoin,0.02,US Dollar,ACH,0,0.02
2022/09/05 07:24,15783,808860DF1,15783,808860DF0,1.3e-05,Bitcoin,0.15,US Dollar,ACH,0,0.15
2022/09/05 07:16,24216,81295A431,24216,81295A430,1e-06,Bitcoin,0.01,US Dollar,Wire,0,0.01
2022/09/05 07:39,20,80114A9B0,13210,8015A2A60,0.4,US Dollar,0.4,US Dollar,ACH,0,0.4
2022/09/05 07:50,12592,801120550,1277,801C57450,0.21,US Dollar,0.21,US Dollar,ACH,0,0.21
2022/09/05 07:44,1231,800A90040,11265,8055B0930,0.33,US Dollar,0.33,US Dollar,ACH,0,0.33
2022/09/05 07:33,8814,807BABCA0,24523,807CA4680,0.64,US Dollar,0.64,US Dollar,Wire,0,0.64
2022/09/05 07:42,3653,8020B6D00,13703,8088533A0,0.01,US Dollar,0.01,US Dollar,ACH,0,0.01
2022/09/05 07:33,13703,805FEBD60,16739,80FBD06B0,0.24,US Dollar,0.24,US Dollar,ACH,0,0.24
2022/09/05 07:46,1277,806A88340,1807,8139DBE10,0.25,US Dollar,0.25,US Dollar,Wire,0,0.25
2022/09/05 07:34,11047,800C3EDF0,153021,81487AF20,0.92,US Dollar,0.92,US Dollar,ACH,0,0.92
2022/09/05 07:49,228849,812D75480,23319,817720190,0.06,US Dollar,0.06,US Dollar,Wire,0,0.06
2022/09/05 07:47,126991,8143B2580,66170,81864DCF0,0.09,US Dollar,0.09,US Dollar,ACH,0,0.09
2022/09/05 07:50,214867,8061636C0,15875,818B4A700,0.9,US Dollar,0.9,US Dollar,ACH,0,0.9
2022/09/05 07:56,224231,80B980950,43217,81AFBE9E0,0.83,US Dollar,0.83,US Dollar,ACH,0,0.83
2022/09/05 07:32,20,80082FA20,600,800988D00,0.79,Euro,0.79,Euro,ACH,0,0.7846642828764403
2022/09/05 07:36,20,80082FA20,600,800988D00,0.24,Euro,0.24,Euro,Wire,0,0.23837902264600716
2022/09/05 07:38,25400,802FCCFC0,18076,80337FB30,0.01,Euro,0.01,Euro,ACH,0,0.009932459276916966
2022/09/05 07:55,25400,802FCCFC0,18076,80337FB30,0.02,Euro,0.02,Euro,Wire,0,0.019864918553833932
2022/09/05 07:56,18491,8040B6430,6269,80505B070,0.84,Euro,0.84,Euro,Wire,0,0.834326579261025
2022/09/05 07:47,600,8003C5140,10881,8088F9B20,0.21,Euro,0.21,Euro,ACH,0,0.20858164481525626
2022/09/05 07:34,600,8003C5140,10881,8088F9B20,0.31,Euro,0.31,Euro,Wire,0,0.3079062375844259
2022/09/05 07:54,17353,8079980A0,123440,80AA036D0,0.04,Euro,0.04,Euro,Wire,0,0.039729837107667865
2022/09/05 07:51,423,801EFC5A0,425,810621FC0,0.85,Euro,0.85,Euro,Wire,0,0.844259038537942
2022/09/05 07:41,117105,80E97A0E0,244413,811B7C300,0.62,Euro,0.62,Euro,ACH,0,0.6158124751688518
2022/09/05 07:54,117105,80E97A0E0,244413,811B7C300,0.94,Euro,0.94,Euro,Wire,0,0.9336511720301947
2022/09/05 07:47,25788,80292B640,14195,8136B26E0,0.78,Euro,0.78,Euro,ACH,0,0.7747318235995233
2022/09/05 07:39,39194,8110C3880,44720,813F92B10,0.64,Euro,0.64,Euro,ACH,0,0.6356773937226858
2022/09/05 07:36,17831,80E3351F0,17831,80E3351F0,0.46,Euro,0.54,US Dollar,ACH,0,0.54
2022/09/05 07:32,17831,80E3351F0,17831,80E3351F0,0.49,Euro,0.58,US Dollar,ACH,0,0.58
2022/09/05 07:49,17831,80E3351F0,17831,80E3351F0,0.08,Euro,0.1,US Dollar,ACH,0,0.1
2022/09/05 07:51,5383,8024062D0,248188,81A59E060,0.48,Euro,0.48,Euro,Wire,0,0.4767580452920143
2022/09/05 07:33,13,8040098C0,23,8067F01C0,83.62,Yen,83.62,Yen,ACH,0,0.5952025055164069
2022/09/05 07:39,13,8040098C0,23,8067F01C0,56.27,Yen,56.27,Yen,Wire,0,0.400526727880988
2022/09/05 07:46,11832,804787DE0,220421,8078DE720,88.03,Yen,88.03,Yen,Wire,0,0.6265926400455548
2022/09/05 07:55,24869,80982BEA0,224574,80A69BCE0,4.32,Rupee,4.32,Rupee,Wire,0,0.05412448631853263
2022/09/05 07:37,19,80FACBD60,41916,80FBB2BA0,0.83,Australian Dollar,0.83,Australian Dollar,Wire,0,0.5637820948240728
2022/09/05 07:31,219,8135A5AF0,153802,8146AF660,0.41,Swiss Franc,0.41,Swiss Franc,ACH,0,0.41720513264070497
2022/09/05 07:52,257433,8152AFD40,113,81558A4A0,0.47,Shekel,0.47,Shekel,Wire,0,0.13821090395812505
2022/09/05 07:32,157948,8159E2740,59157,815F8E590,0.81,Shekel,0.81,Shekel,ACH,0,0.23819326001293892
2022/09/05 07:48,263025,817385330,163897,8179BB6A0,3.29,Saudi Riyal,3.29,Saudi Riyal,ACH,0,0.8773333333333333
2022/09/05 07:45,214527,8073CA7B1,214527,8073CA7B0,1e-06,Bitcoin,0.01,US Dollar,Wire,0,0.01
2022/09/05 07:39,29158,81280B411,29158,81280B410,1e-06,Bitcoin,0.01,US Dollar,ACH,0,0.01
2022/09/05 07:46,29158,81280B411,29158,81280B410,2e-06,Bitcoin,0.03,US Dollar,ACH,0,0.03
2022/09/05 08:15,11046,8008F9F00,1639,800CB8DB0,0.23,US Dollar,0.23,US Dollar,Wire,0,0.23
2022/09/05 08:27,224,8002ECF00,349,802B79260,0.26,US Dollar,0.26,US Dollar,ACH,0,0.26
2022/09/05 08:13,531,8031ABBB0,3389,803399560,0.39,US Dollar,0.39,US Dollar,ACH,0,0.39
2022/09/05 08:23,12,800611380,24216,804D105B0,0.1,US Dollar,0.1,US Dollar,Wire,0,0.1
2022/09/05 08:19,29158,804A849F0,14408,804D35150,0.85,US Dollar,0.85,US Dollar,Wire,0,0.85
2022/09/05 08:17,11222,800D44660,19229,804F3BED0,0.19,US Dollar,0.19,US Dollar,ACH,0,0.19
2022/09/05 08:00,5893,804F7F990,5893,804F7F990,0.78,US Dollar,5.2,Yuan,ACH,0,0.7512713823393435
2022/09/05 08:11,23,8064ECAA0,23,8064ECAA0,1.07,US Dollar,112.91,Yen,ACH,0,0.8036870951669157
2022/09/05 08:05,6809,8095781B0,25443,80C6610D0,0.14,US Dollar,0.14,US Dollar,ACH,0,0.14
2022/09/05 08:18,116473,807A830E0,232746,811C09E80,0.61,US Dollar,0.61,US Dollar,ACH,0,0.61
2022/09/05 08:17,13474,8017929A0,247270,81906EE10,0.42,US Dollar,0.42,US Dollar,ACH,0,0.42
2022/09/05 08:29,394,8009F63A0,11255,8196DA800,0.85,US Dollar,0.85,US Dollar,ACH,0,0.85
2022/09/05 08:13,20,8016595E0,12202,801B60060,0.07,Euro,0.07,Euro,Wire,0,0.06952721493841876
2022/09/05 08:09,1595,802E2B0E0,11314,80C90BCE0,0.01,Euro,0.01,Euro,ACH,0,0.009932459276916966
2022/09/05 08:00,21479,808777A60,21479,808777A60,0.57,Euro,70.28,Yen,ACH,0,0.5002491280518186
2022/09/05 08:27,21479,808777A60,21479,808777A60,1.09,Euro,135.21,Yen,ACH,0,0.9624172538970746
2022/09/05 08:02,2557,8031147C0,233908,816EE3AE0,0.05,Euro,0.05,Euro,Wire,0,0.04966229638458483
2022/09/05 08:01,215557,807F62690,21652,808139A10,20.91,Yen,20.91,Yen,ACH,0,0.1488362161007901
2022/09/05 08:26,119732,8089CEE00,123568,808E5D450,11.78,Rupee,11.78,Rupee,ACH,0,0.14758945574822088
2022/09/05 08:28,119732,8089CEE00,123568,808E5D450,42.67,Rupee,42.67,Rupee,Wire,0,0.534604590558284
2022/09/05 08:25,23642,808EEE840,224237,8091F5040,18.32,Rupee,18.32,Rupee,Wire,0,0.22952791420266613
2022/09/05 08:03,123957,809202DC0,125222,809842880,77.75,Rupee,77.75,Rupee,ACH,0,0.9741154655708129
2022/09/05 08:12,232857,80C4AD780,233282,80CA700C0,0.84,UK Pound,0.84,UK Pound,Wire,0,0.9675970188796609
2022/09/05 08:03,17,80CFDB080,135933,80D256DC0,0.58,Canadian Dollar,0.58,Canadian Dollar,ACH,0,0.4413331304215492
2022/09/05 08:24,17,80CFDB080,135933,80D256DC0,0.15,Canadian Dollar,0.15,Canadian Dollar,Wire,0,0.1141378785572972
2022/09/05 08:17,136009,80D2B24F0,136009,80D4D1BA0,0.77,Canadian Dollar,0.77,Canadian Dollar,ACH,0,0.5859077765941257
2022/09/05 08:22,136136,80D326750,36096,80D8DF540,0.6,Canadian Dollar,0.6,Canadian Dollar,ACH,0,0.4565515142291888
2022/09/05 08:05,10,811DB6860,10,811DDECD0,2.87,Brazil Real,2.87,Brazil Real,ACH,0,0.5542038388753717
2022/09/05 08:20,10,811DB6860,10,811DDECD0,4.2,Brazil Real,4.2,Brazil Real,Wire,0,0.8110300081103
2022/09/05 08:25,11,811E1D510,48719,81200E780,1.55,Brazil Real,1.55,Brazil Real,Wire,0,0.2993086934692774
2022/09/05 08:24,252477,813AA11C0,52898,813C61ED0,0.87,Swiss Franc,0.87,Swiss Franc,ACH,0,0.8852889399936911
2022/09/05 08:15,157948,8158642C0,160008,815FDEF70,0.95,Shekel,0.95,Shekel,Wire,0,0.279362465447274
2022/09/05 08:12,19622,811C81971,19622,811C81970,6e-06,Bitcoin,0.06,Euro,ACH,0,0.05959475566150179
2022/09/05 08:03,20737,817B281F1,20737,817B281F0,3e-06,Bitcoin,0.03,Euro,ACH,0,0.029797377830750895
2022/09/05 08:40,11255,800A869F0,26179,806075B60,0.48,US Dollar,0.48,US Dollar,ACH,0,0.48
2022/09/05 08:54,11255,800A869F0,26179,806075B60,0.19,US Dollar,0.19,US Dollar,Wire,0,0.19
2022/09/05 08:54,221024,80B5CECF0,216093,80D025F80,0.62,US Dollar,0.62,US Dollar,ACH,0,0.62
2022/09/05 08:53,221024,80B5CECF0,216093,80D025F80,0.05,US Dollar,0.05,US Dollar,Wire,0,0.05
2022/09/05 08:59,25526,80437B9D0,12063,8102FFEC0,0.03,US Dollar,0.03,US Dollar,ACH,0,0.03
2022/09/05 08:33,25526,80437B9D0,12063,8102FFEC0,0.01,US Dollar,0.01,US Dollar,Wire,0,0.01
2022/09/05 08:43,234717,811E14BB0,21647,8123DD050,0.77,US Dollar,0.77,US Dollar,ACH,0,0.77
2022/09/05 08:48,15355,806DBFC80,1807,8136D9B10,0.13,US Dollar,0.13,US Dollar,Wire,0,0.13
2022/09/05 08:41,20,8000F29B0,0,8000F3250,0.67,Euro,0.67,Euro,Wire,0,0.6654747715534367
2022/09/05 08:46,3,800AF66E0,5082,80323F0A0,0.02,Euro,0.02,Euro,ACH,0,0.019864918553833932
2022/09/05 08:50,3,800AF66E0,5082,80323F0A0,0.07,Euro,0.07,Euro,Wire,0,0.06952721493841876
2022/09/05 08:46,130803,80CC67DF0,1595,80F5B5A00,0.84,Euro,0.84,Euro,Wire,0,0.834326579261025
2022/09/05 08:48,15885,80299BF50,15,8034310D0,1.39,Yuan,1.39,Yuan,ACH,0,0.2008206195099399
2022/09/05 08:35,15885,80299BF50,15,8034310D0,2.4,Yuan,2.4,Yuan,Wire,0,0.34674063800277394
2022/09/05 08:43,29844,804616B50,210858,8122C8FA0,0.87,Yuan,0.87,Yuan,ACH,0,0.12569348127600555
2022/09/05 08:41,17096,80681DD80,117286,8079F20A0,139.27,Yen,139.27,Yen,ACH,0,0.9913161079080361
2022/09/05 08:39,17096,80681DD80,117286,8079F20A0,101.54,Yen,101.54,Yen,Wire,0,0.7227560680475479
2022/09/05 08:32,19836,805A7C000,115648,8081E8D60,58.96,Yen,58.96,Yen,ACH,0,0.4196739981493344
2022/09/05 08:33,19836,805A7C000,115648,8081E8D60,113.26,Yen,113.26,Yen,Wire,0,0.8061783756851021
2022/09/05 08:37,119732,8090DE440,224574,8098A6020,36.13,Rupee,36.13,Rupee,ACH,0,0.4526661321038388
2022/09/05 08:39,72,808F3F470,224257,80A5EDDB0,31.71,Rupee,31.71,Rupee,Wire,0,0.39728876415756237
2022/09/05 08:37,2,809F32470,123957,80A7CFED0,35.68,Rupee,35.68,Rupee,Wire,0,0.44702816477899165
2022/09/05 08:32,241503,80F7E6570,241036,8101CD640,0.57,Australian Dollar,0.57,Australian Dollar,Wire,0,0.38717565548159216
2022/09/05 08:43,48719,8127682E0,149891,812876270,5.04,Brazil Real,5.04,Brazil Real,ACH,0,0.97323600973236
2022/09/05 08:33,263431,8176DF940,66415,81882C730,2.94,Saudi Riyal,2.94,Saudi Riyal,ACH,0,0.784
2022/09/05 08:41,28932,80C9F26B1,28932,80C9F26B0,8e-06,Bitcoin,0.09,US Dollar,ACH,0,0.09
2022/09/05 08:47,28932,80C9F26B1,28932,80C9F26B0,9e-06,Bitcoin,0.1,US Dollar,ACH,0,0.1
2022/09/05 08:59,236488,814B886B1,236488,814B886B0,3.3e-05,Bitcoin,0.39,US Dollar,ACH,0,0.39
2022/09/05 08:54,18840,810929291,18840,810929290,1e-06,Bitcoin,0.01,US Dollar,ACH,0,0.01
2022/09/05 09:07,394,80035BD20,1394,800D7A050,0.21,US Dollar,0.21,US Dollar,Wire,0,0.21
2022/09/05 09:04,349,8014AA100,13703,802C9FB20,0.16,US Dollar,0.16,US Dollar,Wire,0,0.16
2022/09/05 09:09,22547,801301700,13210,805ED2A70,0.98,US Dollar,0.98,US Dollar,ACH,0,0.98
2022/09/05 09:13,122967,80960B320,25443,80D01E090,0.18,US Dollar,0.18,US Dollar,ACH,0,0.18
2022/09/05 09:08,2860,800681BA0,126413,8159C4330,0.53,US Dollar,0.53,US Dollar,ACH,0,0.53
2022/09/05 09:26,118840,8096FA370,132004,815A41E80,0.25,US Dollar,0.25,US Dollar,Wire,0,0.25
2022/09/05 09:22,223550,80D9243E0,118681,81AC4D530,0.64,US Dollar,0.64,US Dollar,Wire,0,0.64
2022/09/05 09:28,498,800A758E0,1768,801FFFA00,0.41,Euro,0.41,Euro,ACH,0,0.4072308303535956
2022/09/05 09:00,15680,803A8F740,15680,803A8F740,0.26,Euro,0.31,US Dollar,ACH,0,0.31
2022/09/05 09:00,15680,803A8F740,5294,80A9D17C0,0.26,Euro,0.26,Euro,ACH,0,0.2582439411998411
2022/09/05 09:24,12274,801111DE0,12386,80B65AAA0,0.06,Euro,0.06,Euro,Wire,0,0.05959475566150179
2022/09/05 09:10,6090,803F52CA0,131371,80E32EB50,0.59,Euro,0.59,Euro,ACH,0,0.586015097338101
2022/09/05 09:03,4308,806142440,19629,80EF2A850,0.06,Euro,0.06,Euro,ACH,0,0.05959475566150179
2022/09/05 09:13,27436,805AF1370,25304,811B49F40,0.7,Euro,0.7,Euro,ACH,0,0.6952721493841876
2022/09/05 09:15,218303,80B9C4400,147669,8143D6CD0,0.42,Euro,0.42,Euro,ACH,0,0.4171632896305125
2022/09/05 09:03,218303,80B9C4400,147669,8143D6CD0,0.09,Euro,0.09,Euro,Wire,0,0.08939213349225268
2022/09/05 09:26,7082,80431BFB0,12307,80496C1B0,1.38,Yuan,1.38,Yuan,ACH,0,0.199375866851595
2022/09/05 09:12,7082,80431BFB0,12307,80496C1B0,1.86,Yuan,1.86,Yuan,Wire,0,0.26872399445214984
2022/09/05 09:09,15,803D99910,13191,804DCF760,0.74,Yuan,0.74,Yuan,Wire,0,0.10691169671752196
2022/09/05 09:15,23,805A394B0,11832,8066A02C0,1.07,Yen,1.07,Yen,ACH,0,0.007616200441312549
2022/09/05 09:22,23,805A394B0,11832,8066A02C0,1.45,Yen,1.45,Yen,Wire,0,0.010321019289629155
2022/09/05 09:28,29592,8059B3700,117284,815700F30,89.84,Yen,89.84,Yen,Wire,0,0.6394761192967471
2022/09/05 09:08,18,80B084C60,230595,80B5152E0,0.87,Ruble,0.87,Ruble,ACH,0,0.01432405288374467
2022/09/05 09:06,142114,80F8477F0,242129,80F9C2280,0.07,Australian Dollar,0.07,Australian Dollar,ACH,0,0.04754788751528326
2022/09/05 09:16,142114,80F8477F0,242129,80F9C2280,0.03,Australian Dollar,0.03,Australian Dollar,Wire,0,0.020377666077978536
2022/09/05 09:03,13,810E56D30,245729,810EF0430,16.98,Mexican Peso,16.98,Mexican Peso,ACH,0,0.8482365870716355
2022/09/05 09:26,59642,8162F58C0,58848,8163BABC0,2.09,Shekel,2.09,Shekel,ACH,0,0.6145974239840029
2022/09/05 09:26,59642,8162F58C0,58848,8163BABC0,1.04,Shekel,1.04,Shekel,Wire,0,0.3058283832264895
2022/09/05 09:03,263574,81895B010,167626,818DF2D00,0.16,Saudi Riyal,0.16,Saudi Riyal,ACH,0,0.042666666666666665
2022/09/05 09:02,263574,81895B010,167626,818DF2D00,0.04,Saudi Riyal,0.04,Saudi Riyal,Wire,0,0.010666666666666666
2022/09/05 09:27,11671,807143141,11671,807143140,3e-06,Bitcoin,0.03,US Dollar,ACH,0,0.03
2022/09/05 09:17,11671,807143141,11671,807143140,1e-06,Bitcoin,0.01,US Dollar,ACH,0,0.01
2022/09/05 09:09,113667,808C26191,113667,808C26190,4e-06,Bitcoin,0.31,Yuan,Wire,0,0.044787332408691635
2022/09/05 09:10,113667,808C26191,113667,808C26190,1e-06,Bitcoin,0.09,Yuan,Wire,0,0.013002773925104022
2022/09/05 09:11,3533,804AD5281,3533,804AD5280,1.3e-05,Bitcoin,0.15,US Dollar,ACH,0,0.15
2022/09/05 09:44,531,800B8C480,1,8030F7BB0,0.36,US Dollar,0.36,US Dollar,Wire,0,0.36
2022/09/05 09:41,22086,8011FD3A0,5394,80458ADC0,0.16,US Dollar,0.16,US Dollar,ACH,0,0.16
2022/09/05 09:54,21260,8011A8570,11661,804D4C0C0,0.46,US Dollar,0.46,US Dollar,Wire,0,0.46
2022/09/05 09:34,118840,80A255690,215456,811063E50,0.17,US Dollar,0.17,US Dollar,Wire,0,0.17
2022/09/05 09:35,21260,813987720,138580,816612E80,0.6,US Dollar,0.6,US Dollar,ACH,0,0.6
2022/09/05 09:54,531,800710890,237640,817F1C340,0.36,US Dollar,0.36,US Dollar,ACH,0,0.36
2022/09/05 09:52,225862,810D336D0,66473,8185BC3D0,0.19,US Dollar,0.19,US Dollar,ACH,0,0.19
2022/09/05 09:41,1720,8006886B0,3671,801B4EE20,0.17,Euro,0.17,Euro,ACH,0,0.16885180770758842
2022/09/05 09:55,33067,80E7166B0,21316,80F8CF7C0,0.42,Euro,0.42,Euro,ACH,0,0.4171632896305125
2022/09/05 09:57,2293,80587A2D0,47801,813687100,0.29,Euro,0.29,Euro,Wire,0,0.288041319030592
2022/09/05 09:43,23726,80DDFBF90,14851,81669DE60,0.1,Euro,0.1,Euro,Wire,0,0.09932459276916966
2022/09/05 09:46,14003,80B2AABB0,27436,817754BE0,0.01,Euro,0.01,Euro,ACH,0,0.009932459276916966
2022/09/05 09:35,14003,80B2AABB0,27436,817754BE0,0.07,Euro,0.07,Euro,Wire,0,0.06952721493841876
2022/09/05 09:49,9856,8039C9460,9530,80504A9B0,0.71,Yuan,0.71,Yuan,ACH,0,0.10257743874248729
2022/09/05 09:34,5893,8043F9AA0,113394,80652D010,0.07,Yuan,0.07,Yuan,ACH,0,0.01011326860841424
2022/09/05 09:34,215478,806A273B0,215478,807F08EE0,47.61,Yen,47.61,Yen,ACH,0,0.33888532991672005
2022/09/05 09:38,141204,80F6257C0,41348,80FC4F0E0,0.44,Australian Dollar,0.44,Australian Dollar,ACH,0,0.2988724358103519
2022/09/05 09:50,141204,80F6257C0,41348,80FC4F0E0,0.76,Australian Dollar,0.76,Australian Dollar,Wire,0,0.5162342073087895
2022/09/05 09:31,113,810F24EF0,14,8110B9CC0,0.25,Mexican Peso,0.25,Mexican Peso,ACH,0,0.012488760115895694
2022/09/05 09:42,214,812342D10,49096,812477AB0,0.04,Brazil Real,0.04,Brazil Real,ACH,0,0.007724095315336191
2022/09/05 09:35,10,811E40FF0,150028,81275E550,2.43,Brazil Real,2.43,Brazil Real,ACH,0,0.4692387904066736
2022/09/05 09:57,112,813EC5F50,254535,8142EC6A0,0.19,Swiss Franc,0.19,Swiss Franc,ACH,0,0.19333896390666816
2022/09/05 09:40,1231,805EFBA41,1231,805EFBA40,1e-06,Bitcoin,0.01,US Dollar,ACH,0,0.01
2022/09/05 09:42,11495,816EC45C1,11495,816EC45C0,2e-06,Bitcoin,0.03,US Dollar,ACH,0,0.03
2022/09/05 09:57,11495,816EC45C1,11495,816EC45C0,1e-06,Bitcoin,0.02,US Dollar,Wire,0,0.02
2022/09/05 09:55,117916,819B9C7A1,117916,819B9C7A0,1.4e-05,Bitcoin,0.17,US Dollar,ACH,0,0.17
2022/09/05 09:43,117916,819B9C7A1,117916,819B9C7A0,1.1e-05,Bitcoin,0.13,US Dollar,ACH,0,0.13
2022/09/05 09:44,24523,805835C51,24523,805835C50,1.4e-05,Bitcoin,0.17,US Dollar,Wire,0,0.17
2022/09/05 10:13,12307,8049FE520,12307,8049FE520,0.17,US Dollar,1.11,Yuan,ACH,0,0.16036754507628295
2022/09/05 10:13,12307,8049FE520,120280,808F856D0,0.17,US Dollar,0.17,US Dollar,ACH,0,0.17
2022/09/05 10:07,12307,8049FE520,12307,8049FE520,0.32,US Dollar,2.15,Yuan,ACH,0,0.31062182154415163
2022/09/05 10:07,12307,8049FE520,120280,808F856D0,0.32,US Dollar,0.32,US Dollar,Wire,0,0.32
2022/09/05 10:02,36176,80DA1A850,27234,80FED72E0,0.21,US Dollar,0.21,US Dollar,ACH,0,0.21
2022/09/05 10:07,36176,80DA1A850,27234,80FED72E0,0.04,US Dollar,0.04,US Dollar,Wire,0,0.04
2022/09/05 10:13,5617,805536460,218072,810F62D70,0.25,US Dollar,0.25,US Dollar,ACH,0,0.25
2022/09/05 10:26,5617,805536460,218072,810F62D70,0.96,US Dollar,0.96,US Dollar,Wire,0,0.96
2022/09/05 10:16,118681,80DB7D2A0,138580,811578F80,0.3,US Dollar,0.3,US Dollar,Wire,0,0.3
2022/09/05 10:21,22481,804D3BD70,17256,811904040,0.18,US Dollar,0.18,US Dollar,Wire,0,0.18
2022/09/05 10:20,3500,81305F1D0,133539,81381B740,0.14,US Dollar,0.14,US Dollar,ACH,0,0.14
2022/09/05 10:26,18081,804398770,31373,8143F0580,0.7,US Dollar,0.7,US Dollar,ACH,0,0.7
2022/09/05 10:08,24999,809E917E0,22106,81519D650,0.85,US Dollar,0.85,US Dollar,Wire,0,0.85
2022/09/05 10:18,4,8066282F0,4,8066282F0,0.25,US Dollar,26.22,Yen,ACH,0,0.1866325005338458
2022/09/05 10:12,4,8066282F0,4,8066282F0,0.34,US Dollar,35.58,Yen,ACH,0,0.2532564595344864
2022/09/05 10:12,4,8066282F0,152943,8165042A0,0.34,US Dollar,0.34,US Dollar,ACH,0,0.34
2022/09/05 10:24,22481,816C9C220,131266,816E0C840,0.83,US Dollar,0.83,US Dollar,ACH,0,0.83
2022/09/05 10:24,12,801587680,150269,818552B50,0.34,US Dollar,0.34,US Dollar,Wire,0,0.34
2022/09/05 10:17,20,8024F42F0,6829,802A31C80,0.96,Euro,0.96,Euro,Wire,0,0.9535160905840286
2022/09/05 10:04,24643,801EC3820,7249,8095B4950,0.11,Euro,0.11,Euro,ACH,0,0.10925705204608661
2022/09/05 10:06,1768,800DFB240,5436,80CA83E50,0.94,Euro,0.94,Euro,Wire,0,0.9336511720301947
2022/09/05 10:05,1776,800DB0DC0,122416,80DAFB260,0.1,Euro,0.1,Euro,ACH,0,0.09932459276916966
2022/09/05 10:10,12274,800F19DE0,18396,8126BA640,0.06,Euro,0.06,Euro,Wire,0,0.05959475566150179
2022/09/05 10:05,6090,8105B0450,247976,813FAE4E0,0.67,Euro,0.67,Euro,ACH,0,0.6654747715534367
2022/09/05 10:25,238911,8107CC320,134241,81B7A66A0,0.08,Euro,0.08,Euro,ACH,0,0.07945967421533573
2022/09/05 10:21,28335,803E36950,8997,804BADD20,2.61,Yuan,2.61,Yuan,Wire,0,0.37708044382801664
2022/09/05 10:18,19836,8038F5E80,215478,8064BFDE0,137.16,Yen,137.16,Yen,ACH,0,0.9762972453555412
2022/09/05 10:17,215478,806FCC920,17180,808103490,95.75,Yen,95.75,Yen,ACH,0,0.681543170332408
2022/09/05 10:19,119732,807322F90,123800,808CC9D90,53.73,Rupee,53.73,Rupee,ACH,0,0.6731732985867495
2022/09/05 10:02,5,808B872D0,72,808F99BF0,6.11,Rupee,6.11,Rupee,Wire,0,0.07655106745514684
2022/09/05 10:27,16,80B4FFC40,36975,819EB9BB0,1.18,Canadian Dollar,1.18,Canadian Dollar,ACH,0,0.897884644650738
2022/09/05 10:11,16,80B4FFC40,16,80B4FFC40,0.72,Canadian Dollar,42.41,Ruble,ACH,0,0.6982564170110476
2022/09/05 10:11,16,80B4FFC40,36975,819EB9BB0,0.72,Canadian Dollar,0.72,Canadian Dollar,Wire,0,0.5478618170750266
2022/09/05 10:21,11,800DB1D60,11,800DB1D60,0.87,Australian Dollar,0.53,Euro,ACH,0,0.5264203416765992
2022/09/05 10:10,11,800DB1D60,11,800DB1D60,0.17,Australian Dollar,0.1,Euro,ACH,0,0.09932459276916966
2022/09/05 10:11,257433,8152AFD40,157948,8153681D0,0.77,Shekel,0.77,Shekel,Wire,0,0.22643062988884316
2022/09/05 10:00,34117,818B73D51,34117,818B73D50,2e-05,Bitcoin,0.23,US Dollar,ACH,0,0.23
2022/09/05 10:09,34117,818B73D51,34117,818B73D50,5e-06,Bitcoin,0.06,US Dollar,ACH,0,0.06
2022/09/05 10:19,2514,8010777B1,2514,8010777B0,1e-06,Bitcoin,0.01,Euro,Wire,0,0.009932459276916966
2022/09/05 10:11,2514,8010777B1,2514,8010777B0,2e-06,Bitcoin,0.02,Euro,ACH,0,0.019864918553833932
2022/09/05 10:09,22129,8023DC751,22129,8023DC750,3.4e-05,Bitcoin,0.4,US Dollar,Wire,0,0.4
2022/09/05 10:12,22129,8023DC751,22129,8023DC750,1.3e-05,Bitcoin,0.15,US Dollar,ACH,0,0.15
2022/09/05 10:29,116703,80DC8E751,116703,80DC8E750,4e-06,Bitcoin,0.05,US Dollar,ACH,0,0.05
2022/09/05 10:27,116703,80DC8E751,116703,80DC8E750,1e-06,Bitcoin,0.01,US Dollar,Wire,0,0.01
2022/09/05 10:17,233005,80D383DE1,233005,80D383DE0,9e-06,Bitcoin,0.11,US Dollar,ACH,0,0.11
2022/09/05 10:16,233005,80D383DE1,233005,80D383DE0,5e-06,Bitcoin,0.06,US Dollar,ACH,0,0.06
2022/09/05 10:19,1639,8015BE3C1,1639,8015BE3C0,2e-06,Bitcoin,0.02,US Dollar,ACH,0,0.02
2022/09/05 10:58,22364,8017DA820,11495,801E060E0,0.07,US Dollar,0.07,US Dollar,Wire,0,0.07
2022/09/05 10:54,218072,806E240E0,134085,80DD40CF0,0.6,US Dollar,0.6,US Dollar,ACH,0,0.6
2022/09/05 10:33,11222,8008C5810,3100,813C20650,0.93,US Dollar,0.93,US Dollar,ACH,0,0.93
2022/09/05 10:41,10416,8066D7700,11305,817D87B50,0.07,US Dollar,0.07,US Dollar,ACH,0,0.07
2022/09/05 10:48,10416,8066D7700,11305,817D87B50,0.06,US Dollar,0.06,US Dollar,Wire,0,0.06
2022/09/05 10:36,20,800EA7710,425,8016F9C00,0.73,Euro,0.73,Euro,ACH,0,0.7250695272149384
2022/09/05 10:54,21444,801D38770,12386,801EE7C40,0.93,Euro,0.93,Euro,Wire,0,0.9237187127532779
2022/09/05 10:39,24027,801962690,147841,81453CCB0,0.48,Euro,0.48,Euro,ACH,0,0.4767580452920143
2022/09/05 10:32,3,808BB4070,18355,81652FAF0,0.04,Euro,0.04,Euro,Wire,0,0.039729837107667865
2022/09/05 10:35,15168,803B73580,19521,803E86A20,1.87,Yuan,1.87,Yuan,Wire,0,0.2701687471104947
2022/09/05 10:49,29867,805076B70,113579,80E89A6B0,4.9,Yuan,4.9,Yuan,ACH,0,0.7079288025889968
2022/09/05 10:43,17180,807FDC930,29572,808671C90,30.94,Yen,30.94,Yen,ACH,0,0.22022919780767314
2022/09/05 10:35,124359,80A6C9810,226937,80A940650,54.08,Rupee,54.08,Rupee,ACH,0,0.6775583842838528
2022/09/05 10:50,3718,80215F8C0,3718,80215F8C0,0.44,UK Pound,0.57,US Dollar,ACH,0,0.57
2022/09/05 10:47,235735,80D39EC50,235735,80D5DCBA0,0.07,Canadian Dollar,0.07,Canadian Dollar,ACH,0,0.053264343326738704
2022/09/05 10:42,235735,80D39EC50,235735,80D5DCBA0,0.08,Canadian Dollar,0.08,Canadian Dollar,Wire,0,0.060873535230558516
2022/09/05 10:51,41019,80F2D6740,212,80F344D50,0.49,Australian Dollar,0.49,Australian Dollar,Wire,0,0.33283521260698273
2022/09/05 10:31,212,80EFEA500,241503,80F7CB100,0.03,Australian Dollar,0.03,Australian Dollar,ACH,0,0.020377666077978536
2022/09/05 10:38,212,80EFEA500,241503,80F7CB100,0.04,Australian Dollar,0.04,Australian Dollar,Wire,0,0.027170221437304715
2022/09/05 10:30,241256,80F6C1C30,141465,8101C5930,0.97,Australian Dollar,0.97,Australian Dollar,ACH,0,0.6588778698546394
2022/09/05 10:56,46428,811171E80,46782,81137F3E0,6.47,Mexican Peso,6.47,Mexican Peso,ACH,0,0.32320911179938056
2022/09/05 10:52,116,811DC5930,210,811E1FAE0,1.69,Brazil Real,1.69,Brazil Real,Wire,0,0.32634302707295404
2022/09/05 10:31,165852,8189C7EC0,167112,8192994D0,2.5,Saudi Riyal,2.5,Saudi Riyal,ACH,0,0.6666666666666666
2022/09/05 10:37,118681,80B9A97D1,118681,80B9A97D0,4e-05,Bitcoin,0.48,US Dollar,Wire,0,0.48
2022/09/05 11:22,20,80005E480,1217,801605C80,0.19,US Dollar,0.19,US Dollar,ACH,0,0.19
2022/09/05 11:10,20,800223E30,394,801E626D0,0.52,US Dollar,0.52,US Dollar,ACH,0,0.52
2022/09/05 11:02,1217,8011B6DE0,3202,802556BA0,0.08,US Dollar,0.08,US Dollar,ACH,0,0.08
2022/09/05 11:00,1217,8011B6DE0,3202,802556BA0,0.03,US Dollar,0.03,US Dollar,Wire,0,0.03
2022/09/05 11:03,15,8043C2130,15,8043C2130,0.5,US Dollar,3.33,Yuan,ACH,0,0.48110263522884883
2022/09/05 11:17,1889,80E16D0C0,5571,80FE74220,0.09,US Dollar,0.09,US Dollar,ACH,0,0.09
2022/09/05 11:20,28625,806094570,15875,812114510,0.62,US Dollar,0.62,US Dollar,ACH,0,0.62
2022/09/05 11:10,124222,80C93FAB0,45803,8157911F0,0.21,US Dollar,0.21,US Dollar,Wire,0,0.21
2022/09/05 11:17,11265,800B53130,142529,818A75BE0,0.33,US Dollar,0.33,US Dollar,Wire,0,0.33
2022/09/05 11:20,25,809793840,25,809793840,0.13,US Dollar,9.6,Rupee,ACH,0,0.12027663626340583
2022/09/05 11:20,25,809793840,25,809793840,0.01,US Dollar,0.73,Rupee,ACH,0,0.009146035882529819
2022/09/05 11:22,1126,8009D3240,1768,800A8B020,0.74,Euro,0.74,Euro,ACH,0,0.7350019864918554
2022/09/05 11:00,3671,8018AA410,20,801968590,0.82,Euro,0.82,Euro,Wire,0,0.8144616607071912
2022/09/05 11:19,29154,814D883D0,62088,8176D9090,0.62,Euro,0.62,Euro,ACH,0,0.6158124751688518
2022/09/05 11:29,5923,80293E280,19521,8049CEC50,2.34,Yuan,2.34,Yuan,Wire,0,0.3380721220527046
2022/09/05 11:29,13,8038C8B00,11832,807FC66B0,116.58,Yen,116.58,Yen,ACH,0,0.829809950886184
2022/09/05 11:00,24869,8094FED80,224371,809776600,68.7,Rupee,68.7,Rupee,Wire,0,0.860729678259998
2022/09/05 11:27,16739,806E3DAC0,16739,806E3DAC0,0.03,Australian Dollar,0.02,US Dollar,ACH,0,0.02
2022/09/05 11:27,16739,806E3DAC0,141352,80F716F50,0.03,Australian Dollar,0.03,Australian Dollar,ACH,0,0.020377666077978536
2022/09/05 11:14,16739,806E3DAC0,16739,806E3DAC0,0.07,Australian Dollar,0.05,US Dollar,ACH,0,0.05
2022/09/05 11:14,16739,806E3DAC0,141352,80F716F50,0.07,Australian Dollar,0.07,Australian Dollar,Wire,0,0.04754788751528326
2022/09/05 11:25,41348,80FE32B20,143711,8108BF9E0,0.45,Australian Dollar,0.45,Australian Dollar,Wire,0,0.30566499116967805
2022/09/05 11:26,248575,812377C40,149805,81285B970,4.84,Brazil Real,4.84,Brazil Real,Wire,0,0.934615533155679
2022/09/05 11:10,115,81529F500,1199,81532C0D0,0.05,Shekel,0.05,Shekel,ACH,0,0.014703287655119687
2022/09/05 11:18,115,81529F500,1199,81532C0D0,0.01,Shekel,0.01,Shekel,Wire,0,0.0029406575310239372
2022/09/05 11:28,157948,81546AC60,259116,815C3D7E0,3.33,Shekel,3.33,Shekel,ACH,0,0.979238957830971
2022/09/05 11:09,63587,8174B5DA0,163470,817525650,1.0,Saudi Riyal,1.0,Saudi Riyal,Wire,0,0.26666666666666666
2022/09/05 11:24,63779,817A78EB0,66761,818C527B0,0.66,Saudi Riyal,0.66,Saudi Riyal,ACH,0,0.17600000000000002
2022/09/05 11:10,63834,8178EF1E0,165362,818C81940,3.29,Saudi Riyal,3.29,Saudi Riyal,ACH,0,0.8773333333333333
2022/09/05 11:07,1217,800825071,1217,800825070,2.1e-05,Bitcoin,0.25,US Dollar,ACH,0,0.25
2022/09/05 11:05,1217,800825071,1217,800825070,5.8e-05,Bitcoin,0.69,US Dollar,Wire,0,0.69
2022/09/05 11:10,224231,812E902A1,224231,812E902A0,1.2e-05,Bitcoin,0.14,US Dollar,ACH,0,0.14
2022/09/05 11:04,224231,812E902A1,224231,812E902A0,5.5e-05,Bitcoin,0.66,US Dollar,ACH,0,0.66
2022/09/05 11:28,13821,806E7FED1,13821,806E7FED0,4e-06,Bitcoin,0.04,US Dollar,ACH,0,0.04
2022/09/05 11:59,1291,8007B6380,11770,801FF23D0,0.34,US Dollar,0.34,US Dollar,Wire,0,0.34
2022/09/05 11:44,13,803D412D0,13,803D412D0,0.62,US Dollar,65.6,Yen,ACH,0,0.46693714855149826
2022/09/05 11:33,19856,805B72680,19856,805B72680,0.4,US Dollar,42.67,Yen,ACH,0,0.30372268488860416
2022/09/05 11:56,1812,801E9D7D0,117301,806D04430,0.18,US Dollar,0.18,US Dollar,ACH,0,0.18
2022/09/05 11:31,1812,801E9D7D0,117301,806D04430,0.33,US Dollar,0.33,US Dollar,Wire,0,0.33
2022/09/05 11:41,117301,806CA4410,13821,8083F7FE0,0.56,US Dollar,0.56,US Dollar,Wire,0,0.56
2022/09/05 11:45,4,808000750,4,808000750,0.24,US Dollar,24.78,Yen,ACH,0,0.17638266068759342
2022/09/05 11:46,4,808000750,4,808000750,0.15,US Dollar,16.0,Yen,ACH,0,0.11388710940280446
2022/09/05 11:46,4,808000750,4,808000750,0.22,US Dollar,23.29,Yen,ACH,0,0.16577692362445723
2022/09/05 11:46,4,808000750,16679,80B1E9130,0.22,US Dollar,0.22,US Dollar,Wire,0,0.22
2022/09/05 11:37,23041,80B2EC280,223113,80BC7B240,0.11,US Dollar,0.11,US Dollar,Wire,0,0.11
2022/09/05 11:56,110777,80B3A8D10,132021,810C53850,0.16,US Dollar,0.16,US Dollar,ACH,0,0.16
2022/09/05 11:34,110777,80B3A8D10,132021,810C53850,0.01,US Dollar,0.01,US Dollar,Wire,0,0.01
2022/09/05 11:58,22661,80EA856D0,1120,811B705A0,0.41,US Dollar,0.41,US Dollar,ACH,0,0.41
2022/09/05 11:54,11265,8037A45A0,18493,811F61D20,0.97,US Dollar,0.97,US Dollar,Wire,0,0.97
2022/09/05 11:38,115966,8086CFC40,140981,812718E10,0.57,US Dollar,0.57,US Dollar,ACH,0,0.57
2022/09/05 11:42,222559,80B11D040,236628,813B15A40,0.09,US Dollar,0.09,US Dollar,ACH,0,0.09
2022/09/05 11:32,1439,816318A80,21647,816461E90,0.57,US Dollar,0.57,US Dollar,Wire,0,0.57
2022/09/05 11:40,221024,80AE7B430,22106,8164FF100,0.45,US Dollar,0.45,US Dollar,Wire,0,0.45
2022/09/05 11:49,1217,800A54140,146287,816BED920,0.72,US Dollar,0.72,US Dollar,ACH,0,0.72
2022/09/05 11:40,1217,800A54140,146287,816BED920,0.02,US Dollar,0.02,US Dollar,Wire,0,0.02
2022/09/05 11:41,9715,81479D6D0,35798,817478D50,0.09,US Dollar,0.09,US Dollar,ACH,0,0.09
2022/09/05 11:53,22264,801675680,4308,801F31160,0.84,Euro,0.84,Euro,ACH,0,0.834326579261025
2022/09/05 11:37,425,8055CF900,216269,806567370,0.4,Euro,0.4,Euro,ACH,0,0.39729837107667865
2022/09/05 11:38,15400,802CF3FA0,14213,806B0BDD0,0.06,Euro,0.06,Euro,Wire,0,0.05959475566150179
2022/09/05 11:38,20,801FA0CF0,7530,807216D20,0.76,Euro,0.76,Euro,Wire,0,0.7548669050456894
2022/09/05 11:58,219353,80BC6E800,152737,8164BC4C0,0.9,Euro,0.9,Euro,ACH,0,0.8939213349225269
2022/09/05 11:48,15,8021E7ED0,5923,80340DF90,3.29,Yuan,3.29,Yuan,ACH,0,0.4753236245954693
2022/09/05 11:30,19970,80489F050,10154,804A2D7E0,0.68,Yuan,0.68,Yuan,Wire,0,0.09824318076745263
2022/09/05 11:33,119732,808A159E0,19414,808AF3190,60.42,Rupee,60.42,Rupee,ACH,0,0.7569910794828104
2022/09/05 11:53,119732,808AC9640,2,808E95850,74.78,Rupee,74.78,Rupee,ACH,0,0.9369048812268217
2022/09/05 11:47,135933,80D399B10,138512,80E35BD50,0.13,Canadian Dollar,0.13,Canadian Dollar,ACH,0,0.09891949474965758
2022/09/05 11:47,19,80004C910,212,80F59CCA0,1.23,Australian Dollar,1.23,Australian Dollar,ACH,0,0.83548430919712
2022/09/05 11:33,141352,80F8724B0,41019,81032A610,1.07,Australian Dollar,1.07,Australian Dollar,Wire,0,0.7268034234479012
2022/09/05 11:38,19,810FCF820,146738,8113D6DC0,0.27,Mexican Peso,0.27,Mexican Peso,ACH,0,0.01348786092516735
2022/09/05 11:59,49750,8130EE480,52001,81344D260,4.72,Brazil Real,4.72,Brazil Real,ACH,0,0.9114432472096705
2022/09/05 11:52,14,815A33FB0,58138,815E58720,0.03,Shekel,0.03,Shekel,Wire,0,0.008821972593071811
2022/09/05 11:57,257433,815355FD0,59700,816290590,1.56,Shekel,1.56,Shekel,ACH,0,0.4587425748397342
2022/09/05 11:55,18,81739E770,263431,817D4DE50,0.08,Saudi Riyal,0.08,Saudi Riyal,ACH,0,0.021333333333333333
2022/09/05 11:55,27436,810CF5791,27436,810CF5790,3.1e-05,Bitcoin,0.31,Euro,Wire,0,0.3079062375844259
2022/09/05 11:51,13243,815629471,13243,815629470,5e-06,Bitcoin,0.06,US Dollar,ACH,0,0.06
2022/09/05 11:47,13243,815629471,13243,815629470,1.7e-05,Bitcoin,0.2,US Dollar,ACH,0,0.2
2022/09/05 11:47,13243,815629471,13243,815629470,4e-06,Bitcoin,0.04,US Dollar,ACH,0,0.04
2022/09/05 11:44,118840,8081BF841,118840,8081BF840,5e-06,Bitcoin,0.06,US Dollar,ACH,0,0.06
2022/09/05 11:33,118840,8081BF841,118840,8081BF840,1.1e-05,Bitcoin,0.13,US Dollar,Wire,0,0.13
2022/09/05 11:45,13395,80176B681,13395,80176B680,1e-06,Bitcoin,0.01,US Dollar,Wire,0,0.01
2022/09/05 11:34,13395,80176B681,13395,80176B680,1e-06,Bitcoin,0.01,US Dollar,ACH,0,0.01
2022/09/05 12:07,1422,8005D40C0,1291,800670D30,0.16,US Dollar,0.16,US Dollar,Wire,0,0.16
2022/09/05 12:09,11,8028E8F70,22129,8035B0670,0.61,US Dollar,0.61,US Dollar,ACH,0,0.61
2022/09/05 12:29,1277,805DD4290,210472,8061FF2B0,0.09,US Dollar,0.09,US Dollar,Wire,0,0.09
2022/09/05 12:02,22124,80121A260,11265,806C3B800,0.1,US Dollar,0.1,US Dollar,ACH,0,0.1
2022/09/05 12:28,1217,801D1D5D0,119927,8076644B0,0.85,US Dollar,0.85,US Dollar,Wire,0,0.85
2022/09/05 12:00,1638,8055912D0,22481,80ABD7EA0,0.5,US Dollar,0.5,US Dollar,ACH,0,0.5
2022/09/05 12:27,1638,8055912D0,22481,80ABD7EA0,0.05,US Dollar,0.05,US Dollar,Wire,0,0.05
2022/09/05 12:05,1217,805D57100,17831,813C06A30,0.13,US Dollar,0.13,US Dollar,Wire,0,0.13
2022/09/05 12:01,13210,807BD3CB0,138578,817D6ED70,0.26,US Dollar,0.26,US Dollar,Wire,0,0.26
2022/09/05 12:18,15194,807BF0DF0,66649,81AC88130,0.26,US Dollar,0.26,US Dollar,Wire,0,0.26
2022/09/05 12:24,14,800806020,423,801846010,0.08,Euro,0.08,Euro,Wire,0,0.07945967421533573
2022/09/05 12:10,23726,8018535C0,12386,802BFA740,0.81,Euro,0.81,Euro,ACH,0,0.8045292014302743
2022/09/05 12:20,14172,801A03CA0,14195,806558290,0.55,Euro,0.55,Euro,ACH,0,0.5462852602304331
2022/09/05 12:15,2293,801DE8470,14195,8065B81E0,0.18,Euro,0.18,Euro,ACH,0,0.17878426698450536
2022/09/05 12:06,22264,801882260,122416,80D09F6C0,0.48,Euro,0.48,Euro,ACH,0,0.4767580452920143
2022/09/05 12:07,12055,8053AF820,123519,8116A0410,0.55,Euro,0.55,Euro,ACH,0,0.5462852602304331
2022/09/05 12:14,231908,811D4A320,130803,8149C3320,0.4,Euro,0.4,Euro,ACH,0,0.39729837107667865
2022/09/05 12:13,122416,809786D10,32453,8190C66A0,0.87,Euro,0.87,Euro,ACH,0,0.864123957091776
2022/09/05 12:10,11,8021E5380,11,8028F6FB0,1.63,Yuan,1.63,Yuan,ACH,0,0.23549468331021728
2022/09/05 12:23,692,801712560,15168,803753F50,0.48,Yuan,0.48,Yuan,ACH,0,0.06934812760055478
2022/09/05 12:22,11832,808137470,15726,806A569D0,136.72,Yen,136.72,Yen,ACH,0,0.9731653498469641
2022/09/05 12:04,125103,809CEF3D0,227113,80EC0BFC0,75.61,Rupee,75.61,Rupee,Wire,0,0.9473037987370952
2022/09/05 12:23,17,8000A15E0,8,80D066010,0.16,Canadian Dollar,0.16,Canadian Dollar,ACH,0,0.12174707046111703
2022/09/05 12:13,17,8000A15E0,8,80D066010,0.23,Canadian Dollar,0.23,Canadian Dollar,Wire,0,0.17501141378785573
2022/09/05 12:01,235647,80D55F1E0,136009,80DEC3200,0.69,Canadian Dollar,0.69,Canadian Dollar,Wire,0,0.5250342413635671
2022/09/05 12:08,40904,80F160BA0,40904,80F9CD4F0,0.8,Australian Dollar,0.8,Australian Dollar,ACH,0,0.5434044287460943
2022/09/05 12:23,11,811E5C430,248756,81266F260,0.12,Brazil Real,0.12,Brazil Real,ACH,0,0.02317228594600857
2022/09/05 12:24,150810,812A54A70,49096,812AA0A50,0.2,Brazil Real,0.2,Brazil Real,ACH,0,0.038620476576680954
2022/09/05 12:08,150810,812A54A70,49096,812AA0A50,0.21,Brazil Real,0.21,Brazil Real,Wire,0,0.040551500405515
2022/09/05 12:24,49411,8128ABAA0,149108,812F66640,0.18,Brazil Real,0.18,Brazil Real,Wire,0,0.03475842891901286
2022/09/05 12:01,14,8152AE3A0,59700,815F14C00,1.59,Shekel,1.59,Shekel,Wire,0,0.467564547432806
2022/09/05 12:00,163233,8172D6B20,263186,81758D5E0,0.01,Saudi Riyal,0.01,Saudi Riyal,Wire,0,0.0026666666666666666
2022/09/05 12:16,263186,81748B360,163470,817613CE0,1.1,Saudi Riyal,1.1,Saudi Riyal,Wire,0,0.29333333333333333
2022/09/05 12:26,216,817DD91A0,265216,818751520,2.17,Saudi Riyal,2.17,Saudi Riyal,ACH,0,0.5786666666666667
2022/09/05 12:24,216,817DD91A0,265216,818751520,1.07,Saudi Riyal,1.07,Saudi Riyal,Wire,0,0.2853333333333333
2022/09/05 12:25,244647,81409D6B1,244647,81409D6B0,4e-06,Bitcoin,0.05,US Dollar,Wire,0,0.05
2022/09/05 12:25,244647,81409D6B1,244647,81409D6B0,6e-06,Bitcoin,0.07,US Dollar,Wire,0,0.07
2022/09/05 12:19,8814,807B3D0F1,8814,807B3D0F0,5e-06,Bitcoin,0.06,US Dollar,ACH,0,0.06
2022/09/05 12:18,29264,80AF38BD1,29264,80AF38BD0,1e-06,Bitcoin,0.02,US Dollar,ACH,0,0.02
2022/09/05 12:06,29264,80AF38BD1,29264,80AF38BD0,4e-06,Bitcoin,0.05,US Dollar,Wire,0,0.05
2022/09/05 12:21,13191,804FEC061,13191,804FEC060,2.1e-05,Bitcoin,1.65,Yuan,ACH,0,0.23838418862690708
2022/09/05 12:27,13191,804FEC061,13191,804FEC060,1.3e-05,Bitcoin,1.02,Yuan,Wire,0,0.14736477115117894
2022/09/05 12:27,13191,804FEC061,13191,804FEC060,3.2e-05,Bitcoin,2.55,Yuan,ACH,0,0.3684119278779473
2022/09/05 12:45,1422,8014D18C0,13703,8030F2990,0.17,US Dollar,0.17,US Dollar,Wire,0,0.17
2022/09/05 12:57,1638,8010DC9B0,531,80349F4B0,0.78,US Dollar,0.78,US Dollar,ACH,0,0.78
2022/09/05 12:48,1638,8010DC9B0,531,80349F4B0,0.83,US Dollar,0.83,US Dollar,Wire,0,0.83
2022/09/05 12:48,22435,802A9DE70,28625,8047CE2F0,0.94,US Dollar,0.94,US Dollar,Wire,0,0.94
2022/09/05 12:43,1217,8006A8420,110821,806B94130,0.23,US Dollar,0.23,US Dollar,Wire,0,0.23
2022/09/05 12:37,22031,808C01C30,14133,809600C70,0.79,US Dollar,0.79,US Dollar,ACH,0,0.79
2022/09/05 12:32,15740,806A4A550,15740,806A4A550,1.22,US Dollar,128.84,Yen,ACH,0,0.917075948466083
2022/09/05 12:53,15740,806A4A550,15740,806A4A550,0.31,US Dollar,33.14,Yen,ACH,0,0.23588867535055874
2022/09/05 12:34,15740,806A4A550,15740,806A4A550,0.21,US Dollar,22.5,Yen,ACH,0,0.16015374759769377
2022/09/05 12:45,28625,804D0C500,22086,80A5559F0,0.29,US Dollar,0.29,US Dollar,ACH,0,0.29
2022/09/05 12:37,20,80030DD60,212996,811FC1FB0,0.27,US Dollar,0.27,US Dollar,ACH,0,0.27
2022/09/05 12:55,13703,806CA8550,28195,8121EF0E0,0.72,US Dollar,0.72,US Dollar,ACH,0,0.72
2022/09/05 12:30,13703,806CA8550,28195,8121EF0E0,0.68,US Dollar,0.68,US Dollar,Wire,0,0.68
2022/09/05 12:56,217226,80B9A50B0,24633,812E98110,0.15,US Dollar,0.15,US Dollar,Wire,0,0.15
2022/09/05 12:58,11265,8018A37C0,149701,816AC5F60,0.18,US Dollar,0.18,US Dollar,Wire,0,0.18
2022/09/05 12:37,217073,806A5E130,217073,806A5E130,1.33,US Dollar,139.88,Yen,ACH,0,0.995658053954018
2022/09/05 12:41,217073,806A5E130,217073,806A5E130,0.18,US Dollar,19.44,Yen,ACH,0,0.13837283792440744
2022/09/05 12:41,217073,806A5E130,18890,8181F6DA0,0.18,US Dollar,0.18,US Dollar,ACH,0,0.18
2022/09/05 12:54,23319,80EA093A0,149701,81A4C8D80,0.32,US Dollar,0.32,US Dollar,Wire,0,0.32
2022/09/05 12:41,226660,81272F580,269198,81B02CFE0,0.7,US Dollar,0.7,US Dollar,ACH,0,0.7
2022/09/05 12:32,226660,81272F580,269198,81B02CFE0,0.37,US Dollar,0.37,US Dollar,Wire,0,0.37
2022/09/05 12:43,11,8001A22A0,3,800382AC0,0.23,Euro,0.23,Euro,Wire,0,0.22844656336909022
2022/09/05 12:32,14,80039ECD0,0,80053C550,0.34,Euro,0.34,Euro,ACH,0,0.33770361541517685
2022/09/05 12:48,1768,8004940E0,5724,8027E76E0,0.64,Euro,0.64,Euro,Wire,0,0.6356773937226858
2022/09/05 12:31,1835,800A4C690,18624,805548560,0.46,Euro,0.46,Euro,ACH,0,0.45689312673818044
2022/09/05 12:44,12386,802C4C840,211018,8087FF370,0.98,Euro,0.98,Euro,ACH,0,0.9733810091378626
2022/09/05 12:47,110164,804B73D40,110164,804B73D40,0.11,Euro,0.9,Yuan,ACH,0,0.13002773925104022
2022/09/05 12:47,110164,804B73D40,214554,80B90DC40,0.11,Euro,0.11,Euro,Wire,0,0.10925705204608661
2022/09/05 12:32,20,80185B040,224191,80CBB8580,0.29,Euro,0.29,Euro,Wire,0,0.288041319030592
2022/09/05 12:34,29433,80AD2AF10,215505,80E2F7CD0,0.09,Euro,0.09,Euro,ACH,0,0.08939213349225268
2022/09/05 12:42,29433,80AD2AF10,215505,80E2F7CD0,0.15,Euro,0.15,Euro,Wire,0,0.14898688915375446
2022/09/05 12:39,115212,80B945690,138920,80FE89540,0.18,Euro,0.18,Euro,ACH,0,0.17878426698450536
2022/09/05 12:30,12386,801D63820,144936,814347700,0.6,Euro,0.6,Euro,Wire,0,0.5959475566150179
2022/09/05 12:54,2557,8020083C0,29559,8150FA510,0.8,Euro,0.8,Euro,ACH,0,0.7945967421533573
2022/09/05 12:38,14003,802A8E490,18076,8173F6040,0.3,Euro,0.3,Euro,Wire,0,0.29797377830750893
2022/09/05 12:48,212418,80B8AE4C0,61712,81A1270F0,0.85,Euro,0.85,Euro,Wire,0,0.844259038537942
2022/09/05 12:58,27356,802C29890,15,80344D460,4.7,Yuan,4.7,Yuan,Wire,0,0.6790337494220989
2022/09/05 12:48,12,805C51540,117912,807E687A0,0.68,Yen,0.68,Yen,ACH,0,0.00484020214961919
2022/09/05 12:37,35777,80E366910,38682,80E42B1B0,0.11,Canadian Dollar,0.11,Canadian Dollar,ACH,0,0.08370111094201796
2022/09/05 12:30,258461,815CF2900,160063,816A7EE20,1.47,Shekel,1.47,Shekel,Wire,0,0.43227665706051877
2022/09/05 12:44,22661,80D016C81,22661,80D016C80,5e-06,Bitcoin,0.06,US Dollar,Wire,0,0.06
2022/09/05 12:44,22661,80D016C81,22661,80D016C80,5e-06,Bitcoin,0.06,US Dollar,ACH,0,0.06
2022/09/05 12:32,21393,8008A41E1,21393,8008A41E0,1e-05,Bitcoin,0.12,US Dollar,ACH,0,0.12
2022/09/05 12:30,21393,8008A41E1,21393,8008A41E0,4e-06,Bitcoin,0.05,US Dollar,Wire,0,0.05
2022/09/05 13:19,349,800997340,1422,801120820,0.8,US Dollar,0.8,US Dollar,ACH,0,0.8
2022/09/05 13:21,11265,8011E9AE0,1889,802ED9990,0.1,US Dollar,0.1,US Dollar,Wire,0,0.1
2022/09/05 13:28,12063,80103F920,21939,8034CFBD0,0.59,US Dollar,0.59,US Dollar,ACH,0,0.59
2022/09/05 13:14,12063,80103F920,21939,8034CFBD0,0.61,US Dollar,0.61,US Dollar,Wire,0,0.61
2022/09/05 13:25,12702,805E5C7D0,19182,80957A770,0.18,US Dollar,0.18,US Dollar,Wire,0,0.18
2022/09/05 13:25,4,8062101E0,4,8062101E0,1.1,US Dollar,115.89,Yen,ACH,0,0.824898569293188
2022/09/05 13:25,110593,804E47E70,110593,804E47E70,0.23,US Dollar,1.51,Yuan,ACH,0,0.2181576514100786
2022/09/05 13:09,110593,804E47E70,110593,804E47E70,0.42,US Dollar,2.83,Yuan,ACH,0,0.4088650023116043
2022/09/05 13:06,1110,801426380,219975,813316900,0.64,US Dollar,0.64,US Dollar,Wire,0,0.64
2022/09/05 13:14,19,80AFABC80,19,80AFABC80,0.55,US Dollar,43.16,Ruble,ACH,0,0.7106047384625516
2022/09/05 13:14,120364,81084A370,264122,81A15DF70,0.38,US Dollar,0.38,US Dollar,ACH,0,0.38
2022/09/05 13:12,6586,80300A140,2293,803845F70,0.1,Euro,0.1,Euro,Wire,0,0.09932459276916966
2022/09/05 13:05,423,801FB4400,5981,806EBD820,0.18,Euro,0.18,Euro,Wire,0,0.17878426698450536
2022/09/05 13:19,6058,806C17E20,4308,8090B1D30,0.91,Euro,0.91,Euro,ACH,0,0.9038537941994439
2022/09/05 13:28,1835,801593050,24455,80D46F0A0,0.22,Euro,0.22,Euro,ACH,0,0.21851410409217323
2022/09/05 13:09,1835,801593050,24455,80D46F0A0,0.43,Euro,0.43,Euro,Wire,0,0.4270957489074295
2022/09/05 13:10,600,8035419A0,14172,80D98AB00,0.07,Euro,0.07,Euro,Wire,0,0.06952721493841876
2022/09/05 13:00,26262,80E5E49A0,14,81127EC30,0.83,Euro,0.83,Euro,ACH,0,0.824394119984108
2022/09/05 13:12,129589,80AEE9190,25304,812CDDC20,0.65,Euro,0.65,Euro,ACH,0,0.6456098529996028
2022/09/05 13:28,27356,804403DC0,110522,80448EC40,2.53,Yuan,2.53,Yuan,ACH,0,0.3655224225612575
2022/09/05 13:09,27356,804403DC0,110522,80448EC40,2.06,Yuan,2.06,Yuan,Wire,0,0.2976190476190476
2022/09/05 13:06,14,800082E50,72,80723CC60,6.05,Rupee,6.05,Rupee,ACH,0,0.07579933847850055
2022/09/05 13:14,7,80C3727E0,133372,80C4E1910,0.11,UK Pound,0.11,UK Pound,ACH,0,0.1267091334247175
2022/09/05 13:04,141204,80F488600,41019,80F2018A0,0.22,Australian Dollar,0.22,Australian Dollar,Wire,0,0.14943621790517594
2022/09/05 13:17,14,810BEFBF0,19,810DCC060,14.39,Mexican Peso,14.39,Mexican Peso,ACH,0,0.7188530322709561
2022/09/05 13:10,14,810BEFBF0,19,810DCC060,4.97,Mexican Peso,4.97,Mexican Peso,Wire,0,0.24827655110400637
2022/09/05 13:19,18,81352DA40,152768,813B45840,0.56,Swiss Franc,0.56,Swiss Franc,Wire,0,0.5698411567775483
2022/09/05 13:13,153607,813CEB690,53736,813E5CFD0,0.79,Swiss Franc,0.79,Swiss Franc,ACH,0,0.8038830604540413
2022/09/05 13:27,52898,813C61ED0,153802,814662820,0.36,Swiss Franc,0.36,Swiss Franc,ACH,0,0.3663264579284239
2022/09/05 13:10,52898,813C61ED0,153802,814662820,0.03,Swiss Franc,0.03,Swiss Franc,Wire,0,0.030527204827368655
2022/09/05 13:18,18,817F7E650,115,81810C3F0,0.71,Saudi Riyal,0.71,Saudi Riyal,Wire,0,0.18933333333333333
2022/09/05 13:28,117105,8119C39E0,117105,8119C39E0,1.89,Saudi Riyal,0.43,Euro,ACH,0,0.4270957489074295
2022/09/05 13:28,117105,8119C39E0,115,818D700A0,1.89,Saudi Riyal,1.89,Saudi Riyal,Wire,0,0.504
2022/09/05 13:22,11495,80618E2F1,11495,80618E2F0,4.1e-05,Bitcoin,0.49,US Dollar,ACH,0,0.49
2022/09/05 13:03,11495,80618E2F1,11495,80618E2F0,7e-05,Bitcoin,0.83,US Dollar,Wire,0,0.83
2022/09/05 13:06,21566,81868A501,21566,81868A500,1e-06,Bitcoin,0.01,US Dollar,Wire,0,0.01
2022/09/05 13:13,21566,81868A501,21566,81868A500,1e-06,Bitcoin,0.01,US Dollar,ACH,0,0.01
2022/09/05 13:25,119927,80A024431,119927,80A024430,5e-06,Bitcoin,0.06,US Dollar,ACH,0,0.06
2022/09/05 13:07,119927,80A024431,119927,80A024430,2e-06,Bitcoin,0.02,US Dollar,ACH,0,0.02
2022/09/05 13:37,4894,8031A2830,112568,80763EF30,0.95,US Dollar,0.95,US Dollar,Wire,0,0.95
2022/09/05 13:34,531,801E46F30,113016,80AB84440,0.86,US Dollar,0.86,US Dollar,ACH,0,0.86
2022/09/05 13:56,2368,805ABB010,119174,80FF0B650,0.68,US Dollar,0.68,US Dollar,Wire,0,0.68
2022/09/05 13:50,22432,810C22410,43217,8117794E0,0.68,US Dollar,0.68,US Dollar,ACH,0,0.68
2022/09/05 13:49,14558,810BD3590,14558,810BD3590,0.8,US Dollar,5.39,Yuan,ACH,0,0.7787216828478964
2022/09/05 13:41,1120,80581A9E0,5855,815B530E0,0.94,US Dollar,0.94,US Dollar,ACH,0,0.94
2022/09/05 13:51,215239,80B6B7360,133530,817BA06E0,0.06,US Dollar,0.06,US Dollar,Wire,0,0.06
2022/09/05 13:34,3389,8033644D0,58479,818391A40,0.85,US Dollar,0.85,US Dollar,ACH,0,0.85
2022/09/05 13:30,4187,80817CE90,131857,818E6D090,0.54,US Dollar,0.54,US Dollar,Wire,0,0.54
2022/09/05 13:49,117694,80898C130,1807,81916FDB0,0.08,US Dollar,0.08,US Dollar,ACH,0,0.08
2022/09/05 13:59,12274,802A2D930,17059,802B13060,0.62,Euro,0.62,Euro,ACH,0,0.6158124751688518
2022/09/05 13:40,1595,80C867360,219760,80DC05630,0.03,Euro,0.03,Euro,Wire,0,0.029797377830750895
2022/09/05 13:52,2293,801AE0670,65816,81AA232E0,0.39,Euro,0.39,Euro,ACH,0,0.38736591179976165
2022/09/05 13:30,15,800350080,110134,8046213D0,4.88,Yuan,4.88,Yuan,ACH,0,0.705039297272307
2022/09/05 13:35,7082,80340C570,110134,80499FBB0,1.49,Yuan,1.49,Yuan,Wire,0,0.21526814609338882
2022/09/05 13:57,692,804BAF850,10311,80543FD30,0.29,Yuan,0.29,Yuan,Wire,0,0.04189782709200185
2022/09/05 13:42,23,80007BAD0,17180,8065FE4F0,52.68,Yen,52.68,Yen,ACH,0,0.3749733077087337
2022/09/05 13:41,23,80007BAD0,17180,8065FE4F0,48.98,Yen,48.98,Yen,Wire,0,0.34863691365933513
2022/09/05 13:45,23,806800370,117912,808001DE0,102.36,Yen,102.36,Yen,Wire,0,0.7285927824044416
2022/09/05 13:54,17180,8067E0CC0,11832,808129490,131.2,Yen,131.2,Yen,ACH,0,0.9338742971029965
2022/09/05 13:44,19414,809248C50,223281,8096C5840,62.39,Rupee,62.39,Rupee,ACH,0,0.7816728475493635
2022/09/05 13:48,23494,8095322C0,23033,80A7326C0,25.48,Rupee,25.48,Rupee,ACH,0,0.319234238749123
2022/09/05 13:59,11,80CFD2C00,136136,80D61BA30,0.64,Canadian Dollar,0.64,Canadian Dollar,ACH,0,0.48698828184446813
2022/09/05 13:56,241469,80F4EA6F0,41542,80F61DF80,0.49,Australian Dollar,0.49,Australian Dollar,Wire,0,0.33283521260698273
2022/09/05 13:58,249331,812409050,49014,812FA2B60,1.74,Brazil Real,1.74,Brazil Real,Wire,0,0.3359981462171243
2022/09/05 13:49,57466,815291C30,115,81529F500,2.94,Shekel,2.94,Shekel,Wire,0,0.8645533141210375
2022/09/05 13:48,158021,8159600B0,58848,815F560A0,3.32,Shekel,3.32,Shekel,Wire,0,0.976298300299947
2022/09/05 13:44,110400,8135B5C01,110400,8135B5C00,5.1e-05,Bitcoin,4.02,Yuan,ACH,0,0.5807905686546463
2022/09/05 13:35,19970,804E44F11,19970,804E44F10,1e-06,Bitcoin,0.05,Yuan,ACH,0,0.007223763291724457
2022/09/05 13:33,19970,804E44F11,19970,804E44F10,1e-06,Bitcoin,0.04,Yuan,Wire,0,0.005779010633379566
2022/09/05 13:43,9976,8053F81B1,9976,8053F81B0,1.1e-05,Bitcoin,0.87,Yuan,ACH,0,0.12569348127600555
2022/09/05 13:49,9976,8053F81B1,9976,8053F81B0,1e-06,Bitcoin,0.1,Yuan,ACH,0,0.014447526583448915
2022/09/05 13:34,122779,80EA05A61,122779,80EA05A60,3.5e-05,Bitcoin,0.41,US Dollar,ACH,0,0.41
2022/09/05 13:53,18247,80B3A7B81,18247,80B3A7B80,1.9e-05,Bitcoin,0.23,US Dollar,ACH,0,0.23
2022/09/05 14:05,20,800593670,20,800643D80,0.49,US Dollar,0.49,US Dollar,Wire,0,0.49
2022/09/05 14:06,21260,801AA7150,13354,801D4D9D0,0.84,US Dollar,0.84,US Dollar,ACH,0,0.84
2022/09/05 14:19,15355,8030F6060,13395,805FCB1A0,0.19,US Dollar,0.19,US Dollar,Wire,0,0.19
2022/09/05 14:09,11,8042075C0,22124,8065D7AC0,0.63,US Dollar,0.63,US Dollar,Wire,0,0.63
2022/09/05 14:11,110777,805D46650,226659,80D8AA520,0.82,US Dollar,0.82,US Dollar,Wire,0,0.82
2022/09/05 14:19,11255,808CF6280,349,80E273FC0,0.17,US Dollar,0.17,US Dollar,Wire,0,0.17
2022/09/05 14:15,26179,809320740,131787,80F3AD310,0.69,US Dollar,0.69,US Dollar,ACH,0,0.69
2022/09/05 14:03,11,800111050,28865,81382BFA0,0.07,US Dollar,0.07,US Dollar,Wire,0,0.07
2022/09/05 14:12,29158,80DA17EE0,146538,81565A490,0.33,US Dollar,0.33,US Dollar,ACH,0,0.33
2022/09/05 14:06,29158,80DA17EE0,146538,81565A490,0.02,US Dollar,0.02,US Dollar,Wire,0,0.02
2022/09/05 14:24,1110,8021DB900,259461,8182C3E70,0.76,US Dollar,0.76,US Dollar,ACH,0,0.76
2022/09/05 14:08,13821,80C2C8690,219788,8182FE3D0,0.02,US Dollar,0.02,US Dollar,ACH,0,0.02
2022/09/05 14:04,13821,80C2C8690,219788,8182FE3D0,0.01,US Dollar,0.01,US Dollar,Wire,0,0.01
2022/09/05 14:18,0,800064CA0,11437,8035E3560,0.94,Euro,0.94,Euro,ACH,0,0.9336511720301947
2022/09/05 14:23,0,800064CA0,11437,8035E3560,0.09,Euro,0.09,Euro,Wire,0,0.08939213349225268
2022/09/05 14:21,13590,802EA3850,15461,807C4C440,0.91,Euro,0.91,Euro,ACH,0,0.9038537941994439
2022/09/05 14:07,1390,80150C7E0,212529,809CAD1B0,0.51,Euro,0.51,Euro,ACH,0,0.5065554231227652
2022/09/05 14:09,24643,807719FD0,8087,812DA9D70,0.35,Euro,0.35,Euro,ACH,0,0.3476360746920938
2022/09/05 14:23,27356,803BADFA0,19970,80436A500,3.33,Yuan,3.33,Yuan,ACH,0,0.48110263522884883
2022/09/05 14:26,72,8073E2030,19413,8087E4100,59.96,Rupee,59.96,Rupee,Wire,0,0.751227823995189
2022/09/05 14:15,14,8072509D0,119732,808AC9640,5.55,Rupee,5.55,Rupee,ACH,0,0.06953493033978149
2022/09/05 14:23,41335,8100C0910,42234,8108CE110,0.85,Australian Dollar,0.85,Australian Dollar,Wire,0,0.5773672055427251
2022/09/05 14:05,259272,8162A2740,157900,816737830,2.12,Shekel,2.12,Shekel,ACH,0,0.6234193965770747
2022/09/05 14:21,11047,800724CF1,11047,800724CF0,1e-06,Bitcoin,0.01,US Dollar,ACH,0,0.01
2022/09/05 14:03,23571,807CB1BB1,23571,807CB1BB0,3e-06,Bitcoin,0.03,US Dollar,ACH,0,0.03
2022/09/05 14:20,234992,80D2053B1,234992,80D2053B0,1e-06,Bitcoin,0.02,US Dollar,ACH,0,0.02
2022/09/05 14:02,394,800218631,394,800218630,2e-06,Bitcoin,0.02,US Dollar,ACH,0,0.02
2022/09/05 14:10,394,800218631,394,800218630,1e-06,Bitcoin,0.01,US Dollar,ACH,0,0.01
2022/09/05 14:18,1422,803EEDC91,1422,803EEDC90,6.8e-05,Bitcoin,0.81,US Dollar,ACH,0,0.81
2022/09/05 14:03,1422,803EEDC91,1422,803EEDC90,6e-06,Bitcoin,0.07,US Dollar,ACH,0,0.07
2022/09/05 14:11,113016,8169647B1,113016,8169647B0,2e-06,Bitcoin,0.02,US Dollar,ACH,0,0.02
2022/09/05 14:31,11,802DC46B0,11,802DC46B0,0.42,US Dollar,0.36,Euro,ACH,0,0.3575685339690107
2022/09/05 14:31,11,802DC46B0,1639,8031897F0,0.42,US Dollar,0.42,US Dollar,Wire,0,0.42
2022/09/05 14:40,25242,8038184C0,212730,808022530,0.02,US Dollar,0.02,US Dollar,ACH,0,0.02
2022/09/05 14:42,216796,80C4EA990,19589,80C524630,0.09,US Dollar,0.09,US Dollar,ACH,0,0.09
2022/09/05 14:39,216796,80C4EA990,19589,80C524630,0.18,US Dollar,0.18,US Dollar,Wire,0,0.18
2022/09/05 14:58,2368,801186380,1638,80C7A5AA0,0.05,US Dollar,0.05,US Dollar,Wire,0,0.05
2022/09/05 14:58,13354,8047945E0,236008,810C628E0,0.76,US Dollar,0.76,US Dollar,ACH,0,0.76
2022/09/05 14:35,212730,80716D790,162225,817484EB0,0.46,US Dollar,0.46,US Dollar,ACH,0,0.46
2022/09/05 14:53,24027,80A6315B0,28930,80ACC2640,0.56,Euro,0.56,Euro,Wire,0,0.5562177195073501
2022/09/05 14:45,12202,800E14990,29154,80DFB2230,0.93,Euro,0.93,Euro,Wire,0,0.9237187127532779
2022/09/05 14:52,211362,806CEBC80,5724,81177DD90,0.7,Euro,0.7,Euro,Wire,0,0.6952721493841876
2022/09/05 14:31,25307,802274AA0,24643,811D52D40,0.3,Euro,0.3,Euro,Wire,0,0.29797377830750893
2022/09/05 14:34,230153,80C229CC0,228073,813D32FA0,0.01,Euro,0.01,Euro,Wire,0,0.009932459276916966
2022/09/05 14:46,12274,80945F030,158363,81AB03E80,0.13,Euro,0.13,Euro,ACH,0,0.12912197059992056
2022/09/05 14:46,12274,80945F030,158363,81AB03E80,0.28,Euro,0.28,Euro,Wire,0,0.27810885975367505
2022/09/05 14:51,5893,80358A2E0,210824,804DF0AB0,4.3,Yuan,4.3,Yuan,ACH,0,0.6212436430883033
2022/09/05 14:41,9856,80496F480,11587,80502F680,1.3,Yuan,1.3,Yuan,Wire,0,0.18781784558483589
2022/09/05 14:55,23,8036B8250,13,8038CDCD0,42.16,Yen,42.16,Yen,Wire,0,0.30009253327638974
2022/09/05 14:45,212,80F0D7F60,40904,80F3115F0,1.24,Australian Dollar,1.24,Australian Dollar,ACH,0,0.8422768645564461
2022/09/05 14:44,19,810D814A0,1135,8112EAB50,6.05,Mexican Peso,6.05,Mexican Peso,Wire,0,0.30222799480467577
2022/09/05 14:49,21130,80FFC7581,21130,80FFC7580,3e-06,Bitcoin,0.04,US Dollar,ACH,0,0.04
2022/09/05 14:41,21130,80FFC7581,21130,80FFC7580,1.2e-05,Bitcoin,0.14,US Dollar,ACH,0,0.14
2022/09/05 14:56,21130,80FFC7581,21130,80FFC7580,5e-06,Bitcoin,0.06,US Dollar,ACH,0,0.06
2022/09/05 14:38,261630,819D914E1,261630,819D914E0,2e-06,Bitcoin,0.03,US Dollar,ACH,0,0.03
2022/09/05 14:31,22435,801E3C4D1,22435,801E3C4D0,6e-06,Bitcoin,0.07,US Dollar,ACH,0,0.07
2022/09/05 14:35,22435,801E3C4D1,22435,801E3C4D0,1e-05,Bitcoin,0.11,US Dollar,ACH,0,0.11
2022/09/05 14:52,25281,80E6526E1,25281,80E6526E0,3e-06,Bitcoin,0.03,US Dollar,ACH,0,0.03
2022/09/05 14:54,25281,80E6526E1,25281,80E6526E0,1e-06,Bitcoin,0.02,US Dollar,ACH,0,0.02
2022/09/05 15:14,1422,802038070,18081,803741710,0.16,US Dollar,0.16,US Dollar,Wire,0,0.16
2022/09/05 15:02,9534,804DC0C40,9534,804DC0C40,0.03,US Dollar,0.18,Yuan,ACH,0,0.026005547850208043
2022/09/05 15:02,9534,804DC0C40,22185,805E46400,0.03,US Dollar,0.03,US Dollar,ACH,0,0.03
2022/09/05 15:21,9534,804DC0C40,9534,804DC0C40,0.05,US Dollar,0.37,Yuan,ACH,0,0.05345584835876098
2022/09/05 15:21,9534,804DC0C40,22185,805E46400,0.05,US Dollar,0.05,US Dollar,Wire,0,0.05
2022/09/05 15:00,2545,80156FAB0,210700,806BCD080,0.97,US Dollar,0.97,US Dollar,ACH,0,0.97
2022/09/05 15:01,1394,8002870A0,219054,8074EF7C0,0.04,US Dollar,0.04,US Dollar,Wire,0,0.04
2022/09/05 15:02,110400,805565050,110400,805565050,0.83,US Dollar,5.55,Yuan,ACH,0,0.8018377253814147
2022/09/05 15:02,110400,805565050,1812,807CF5BA0,0.83,US Dollar,0.83,US Dollar,ACH,0,0.83
2022/09/05 15:15,1277,804029000,3389,808599900,0.4,US Dollar,0.4,US Dollar,Wire,0,0.4
2022/09/05 15:15,2368,800F29FD0,25526,808BBD2F0,0.02,US Dollar,0.02,US Dollar,ACH,0,0.02
2022/09/05 15:00,10154,804967660,10154,804967660,0.46,US Dollar,3.08,Yuan,ACH,0,0.4449838187702266
2022/09/05 15:26,1638,8061AC1C0,22185,80BF502B0,0.01,US Dollar,0.01,US Dollar,ACH,0,0.01
2022/09/05 15:19,1217,8001E84A0,28865,80D20E590,0.32,US Dollar,0.32,US Dollar,Wire,0,0.32
2022/09/05 15:26,24633,8079B6050,11305,8100EF290,0.44,US Dollar,0.44,US Dollar,Wire,0,0.44
2022/09/05 15:18,217073,80665E550,217073,80665E550,1.05,US Dollar,110.57,Yen,ACH,0,0.7870311054167556
2022/09/05 15:16,24643,8023A1800,0,8025763C0,0.9,Euro,0.9,Euro,ACH,0,0.8939213349225269
2022/09/05 15:23,22026,80DA771E0,147841,813FE37A0,0.59,Euro,0.59,Euro,Wire,0,0.586015097338101
2022/09/05 15:10,17059,80DC75570,5082,815167690,0.9,Euro,0.9,Euro,Wire,0,0.8939213349225269
2022/09/05 15:00,8087,80522D9A0,255226,81ACCAE10,0.05,Euro,0.05,Euro,ACH,0,0.04966229638458483
2022/09/05 15:25,8087,80522D9A0,255226,81ACCAE10,0.19,Euro,0.19,Euro,Wire,0,0.18871672626142236
2022/09/05 15:18,9534,8042DDB50,9735,814E3F330,4.15,Yuan,4.15,Yuan,ACH,0,0.59957235321313
2022/09/05 15:16,9534,8042DDB50,9735,814E3F330,0.66,Yuan,0.66,Yuan,Wire,0,0.09535367545076284
2022/09/05 15:00,4,804018930,19856,8059B7ED0,21.08,Yen,21.08,Yen,ACH,0,0.15004626663819487
2022/09/05 15:01,4,804018930,19856,8059B7ED0,93.66,Yen,93.66,Yen,Wire,0,0.6666666666666666
2022/09/05 15:00,117912,806828470,220421,80802B970,34.19,Yen,34.19,Yen,ACH,0,0.24336251690511776
2022/09/05 15:06,18,80452F4B0,116914,8086B4B40,80.7,Yen,80.7,Yen,Wire,0,0.5744181080503951
2022/09/05 15:11,119699,809964490,23809,80A0D7EE0,43.85,Rupee,43.85,Rupee,Wire,0,0.5493885937656611
2022/09/05 15:23,235676,80DFFB260,137293,80E035580,0.56,Canadian Dollar,0.56,Canadian Dollar,ACH,0,0.42611474661390963
2022/09/05 15:10,136474,80D9D4770,138426,80E2B3780,0.68,Canadian Dollar,0.68,Canadian Dollar,ACH,0,0.5174250494597474
2022/09/05 15:25,138617,80E421F60,36524,80E5316D0,0.02,Canadian Dollar,0.02,Canadian Dollar,Wire,0,0.015218383807639629
2022/09/05 15:26,141352,80F1C9050,141632,80F77F060,0.32,Australian Dollar,0.32,Australian Dollar,Wire,0,0.21736177149843772
2022/09/05 15:20,110,80F58D840,241503,80F8A5D80,0.01,Australian Dollar,0.01,Australian Dollar,ACH,0,0.006792555359326179
2022/09/05 15:22,112,81350F730,152768,814FC69F0,0.69,Swiss Franc,0.69,Swiss Franc,Wire,0,0.7021257110294791
2022/09/05 15:19,15,802226511,15,802226510,1e-06,Bitcoin,0.04,Yuan,Wire,0,0.005779010633379566
2022/09/05 15:00,15,802226511,15,802226510,1e-06,Bitcoin,0.09,Yuan,ACH,0,0.013002773925104022
2022/09/05 15:13,1291,802AF2FF1,1291,802AF2FF0,8e-06,Bitcoin,0.1,US Dollar,Wire,0,0.1
2022/09/05 15:09,1291,802AF2FF1,1291,802AF2FF0,5.1e-05,Bitcoin,0.61,US Dollar,Wire,0,0.61
2022/09/05 15:29,23848,807B6BB51,23848,807B6BB50,2e-06,Bitcoin,0.02,Euro,ACH,0,0.019864918553833932
2022/09/05 15:28,23848,807B6BB51,23848,807B6BB50,1e-06,Bitcoin,0.01,Euro,ACH,0,0.009932459276916966
2022/09/05 15:06,214342,8167FBBF1,214342,8167FBBF0,2.1e-05,Bitcoin,0.25,US Dollar,ACH,0,0.25
2022/09/05 15:32,1,80059A400,21566,80044B5C0,0.91,US Dollar,0.91,US Dollar,ACH,0,0.91
2022/09/05 15:50,21566,80760A940,3389,8078DDDB0,0.95,US Dollar,0.95,US Dollar,ACH,0,0.95
2022/09/05 15:53,22661,801E74D70,3500,8095805B0,0.25,US Dollar,0.25,US Dollar,ACH,0,0.25
2022/09/05 15:32,22661,801E74D70,3500,8095805B0,0.41,US Dollar,0.41,US Dollar,Wire,0,0.41
2022/09/05 15:40,15786,806B92710,21260,80CAC0620,0.44,US Dollar,0.44,US Dollar,ACH,0,0.44
2022/09/05 15:37,227639,80D709800,23760,8161DCCC0,0.58,US Dollar,0.58,US Dollar,ACH,0,0.58
2022/09/05 15:31,140626,81524DCC0,160797,8190F76E0,0.13,US Dollar,0.13,US Dollar,ACH,0,0.13
2022/09/05 15:34,9856,803BDF220,9856,803BDF220,0.72,US Dollar,4.8,Yuan,ACH,0,0.6934812760055479
2022/09/05 15:34,9856,803BDF220,253043,81A63D0E0,0.72,US Dollar,0.72,US Dollar,Wire,0,0.72
2022/09/05 15:39,12202,8020022E0,8889,804163EF0,1.0,Euro,1.0,Euro,Wire,0,0.9932459276916965
2022/09/05 15:36,14172,802DA63F0,8087,8058B3810,0.56,Euro,0.56,Euro,ACH,0,0.5562177195073501
2022/09/05 15:37,21267,808924FF0,131333,80C330A60,0.05,Euro,0.05,Euro,ACH,0,0.04966229638458483
2022/09/05 15:50,21267,808924FF0,131333,80C330A60,0.1,Euro,0.1,Euro,Wire,0,0.09932459276916966
2022/09/05 15:43,24070,80AEF9550,25788,80DB3EE00,0.39,Euro,0.39,Euro,ACH,0,0.38736591179976165
2022/09/05 15:47,11,8078144A0,15763,813670C50,0.85,Euro,0.85,Euro,ACH,0,0.844259038537942
2022/09/05 15:52,3,8028731E0,244000,816EE4520,0.32,Euro,0.32,Euro,Wire,0,0.3178386968613429
2022/09/05 15:38,1390,806C79620,255226,8188942C0,0.02,Euro,0.02,Euro,ACH,0,0.019864918553833932
2022/09/05 15:31,26,803A712D0,9856,8041F7640,4.64,Yuan,4.64,Yuan,ACH,0,0.6703652334720296
2022/09/05 15:34,126455,809F50C10,223281,80A0DEF40,76.57,Rupee,76.57,Rupee,ACH,0,0.9593314623634358
2022/09/05 15:41,123824,808C00170,128540,80A7C4BB0,0.88,Rupee,0.88,Rupee,Wire,0,0.011025358324145534
2022/09/05 15:36,224943,809413F90,123568,80AAEBB30,48.93,Rupee,48.93,Rupee,ACH,0,0.6130349804550466
2022/09/05 15:57,234142,80CFB3510,233674,81B473870,0.24,UK Pound,0.24,UK Pound,Wire,0,0.27645629110847453
2022/09/05 15:48,136678,80DF20BD0,237958,80E2FFE80,0.52,Canadian Dollar,0.52,Canadian Dollar,Wire,0,0.39567797899863033
2022/09/05 15:30,52788,8135EBA90,52914,8139FE1B0,0.52,Swiss Franc,0.52,Swiss Franc,ACH,0,0.5291382170077235
2022/09/05 15:52,24317,80319DEF1,24317,80319DEF0,1.2e-05,Bitcoin,0.15,US Dollar,Wire,0,0.15
2022/09/05 15:35,24317,80319DEF1,24317,80319DEF0,2.3e-05,Bitcoin,0.27,US Dollar,ACH,0,0.27
2022/09/05 15:58,8,80CB694C1,8,80CB694C0,2e-06,Bitcoin,0.02,UK Pound,Wire,0,0.023038024259039547
2022/09/05 15:47,8,80CB694C1,8,80CB694C0,2e-06,Bitcoin,0.02,UK Pound,ACH,0,0.023038024259039547
2022/09/05 15:54,1422,816354D71,1422,816354D70,3.6e-05,Bitcoin,0.43,US Dollar,ACH,0,0.43
2022/09/05 15:38,1422,816354D71,1422,816354D70,2e-05,Bitcoin,0.24,US Dollar,ACH,0,0.24
2022/09/05 15:56,18656,8076602A1,18656,8076602A0,5.5e-05,Bitcoin,0.66,US Dollar,ACH,0,0.66
2022/09/05 16:02,1394,800A5A6A0,1217,800BD3830,0.65,US Dollar,0.65,US Dollar,Wire,0,0.65
2022/09/05 16:00,1217,8007A6EB0,22086,800E78CF0,0.32,US Dollar,0.32,US Dollar,Wire,0,0.32
2022/09/05 16:18,11495,800918520,1,802FBABE0,0.01,US Dollar,0.01,US Dollar,ACH,0,0.01
2022/09/05 16:00,12386,802E5B410,12386,802E5B410,0.86,US Dollar,0.74,Euro,ACH,0,0.7350019864918554
2022/09/05 16:00,12386,802E5B410,12204,803AB4AB0,0.86,US Dollar,0.86,US Dollar,ACH,0,0.86
2022/09/05 16:02,12386,802E5B410,12386,802E5B410,0.18,US Dollar,0.16,Euro,ACH,0,0.15891934843067146
2022/09/05 16:02,12386,802E5B410,12204,803AB4AB0,0.18,US Dollar,0.18,US Dollar,Wire,0,0.18
2022/09/05 16:15,2860,8005B73A0,115771,80A4F0230,0.9,US Dollar,0.9,US Dollar,Wire,0,0.9
2022/09/05 16:25,22661,8086435C0,124273,80C480330,0.61,US Dollar,0.61,US Dollar,ACH,0,0.61
2022/09/05 16:19,21260,802350090,119174,80C78E990,0.3,US Dollar,0.3,US Dollar,ACH,0,0.3
2022/09/05 16:26,16,80B51E0C0,16,80B51E0C0,0.26,US Dollar,20.42,Ruble,ACH,0,0.3362036320529496
2022/09/05 16:02,1217,8004B0300,230733,80E1B43A0,0.23,US Dollar,0.23,US Dollar,Wire,0,0.23
2022/09/05 16:02,11047,80099E1D0,62847,81865C0F0,0.23,US Dollar,0.23,US Dollar,ACH,0,0.23
2022/09/05 16:22,11047,80099E1D0,62847,81865C0F0,0.08,US Dollar,0.08,US Dollar,Wire,0,0.08
2022/09/05 16:27,21414,810E52440,11495,81B5BFA60,0.37,US Dollar,0.37,US Dollar,Wire,0,0.37
2022/09/05 16:03,237253,81255BD60,175159,81BC09830,0.59,US Dollar,0.59,US Dollar,ACH,0,0.59
2022/09/05 16:01,2293,8025A0760,8811,805F6B2B0,0.16,Euro,0.16,Euro,ACH,0,0.15891934843067146
2022/09/05 16:22,2293,8025A0760,8811,805F6B2B0,0.09,Euro,0.09,Euro,Wire,0,0.08939213349225268
2022/09/05 16:21,116186,8063C4860,118293,806C7DA60,0.11,Euro,0.11,Euro,ACH,0,0.10925705204608661
2022/09/05 16:26,116186,8063C4860,118293,806C7DA60,0.03,Euro,0.03,Euro,Wire,0,0.029797377830750895
2022/09/05 16:04,117861,807757D90,27737,807B747E0,0.08,Euro,0.08,Euro,ACH,0,0.07945967421533573
2022/09/05 16:27,117861,807757D90,27737,807B747E0,0.2,Euro,0.2,Euro,Wire,0,0.19864918553833932
2022/09/05 16:26,24455,805ACFDC0,16293,80ACCE730,0.74,Euro,0.74,Euro,Wire,0,0.7350019864918554
2022/09/05 16:09,425,802316060,219353,80EA19ED0,0.15,Euro,0.15,Euro,Wire,0,0.14898688915375446
2022/09/05 16:27,32453,80F143E80,1768,8154EA240,0.03,Euro,0.03,Euro,ACH,0,0.029797377830750895
2022/09/05 16:07,18,8038F5170,18935,8078CEA90,120.37,Yen,120.37,Yen,ACH,0,0.8567869599259733
2022/09/05 16:29,15745,80801A100,216654,8157125B0,79.14,Yen,79.14,Yen,Wire,0,0.5633141148836216
2022/09/05 16:24,7,80C8CF220,134744,817E6C3C0,0.56,UK Pound,0.56,UK Pound,Wire,0,0.6450646792531074
2022/09/05 16:20,142342,80F9C0F80,42646,8100C1100,1.44,Australian Dollar,1.44,Australian Dollar,ACH,0,0.9781279717429697
2022/09/05 16:29,42130,8102CD020,11,810BBED90,0.18,Australian Dollar,0.18,Australian Dollar,ACH,0,0.12226599646787122
2022/09/05 16:01,42130,8102CD020,11,810BBED90,0.08,Australian Dollar,0.08,Australian Dollar,Wire,0,0.05434044287460943
2022/09/05 16:21,219,81356BED0,152907,813DD1AF0,0.05,Swiss Franc,0.05,Swiss Franc,Wire,0,0.0508786747122811
2022/09/05 16:15,265216,8180D03F0,216,8187ED450,1.17,Saudi Riyal,1.17,Saudi Riyal,Wire,0,0.312
2022/09/05 16:11,163233,8175EF040,65300,818E4C2A0,1.72,Saudi Riyal,1.72,Saudi Riyal,ACH,0,0.45866666666666667
2022/09/05 16:04,6586,803F648A1,6586,803F648A0,2e-06,Bitcoin,0.02,Euro,ACH,0,0.019864918553833932
2022/09/05 16:26,6586,803F648A1,6586,803F648A0,1e-06,Bitcoin,0.01,Euro,ACH,0,0.009932459276916966
2022/09/05 16:15,6586,803F648A1,6586,803F648A0,1e-06,Bitcoin,0.01,Euro,Wire,0,0.009932459276916966
2022/09/05 16:20,12307,804A176B1,12307,804A176B0,8.5e-05,Bitcoin,6.77,Yuan,Wire,0,0.9780975496994915
2022/09/05 16:16,12307,804A176B1,12307,804A176B0,3e-06,Bitcoin,0.26,Yuan,ACH,0,0.03756356911696718
2022/09/05 16:20,11880,80DC2B601,11880,80DC2B600,5e-06,Bitcoin,0.06,US Dollar,Wire,0,0.06
2022/09/05 16:08,11880,80DC2B601,11880,80DC2B600,8e-06,Bitcoin,0.09,US Dollar,Wire,0,0.09
2022/09/05 16:25,1277,801747551,1277,801747550,2e-06,Bitcoin,0.02,US Dollar,ACH,0,0.02
2022/09/05 16:16,1277,801747551,1277,801747550,1e-06,Bitcoin,0.01,US Dollar,ACH,0,0.01
2022/09/05 16:00,13703,813B02F71,13703,813B02F70,6.7e-05,Bitcoin,0.79,US Dollar,ACH,0,0.79
2022/09/05 16:26,13703,813B02F71,13703,813B02F70,8.1e-05,Bitcoin,0.97,US Dollar,Wire,0,0.97
2022/09/05 16:28,13703,813B02F71,13703,813B02F70,3.2e-05,Bitcoin,0.38,US Dollar,Wire,0,0.38
2022/09/05 16:25,4894,80B853B61,4894,80B853B60,1.9e-05,Bitcoin,0.23,US Dollar,Wire,0,0.23
2022/09/05 16:55,1231,80019AFA0,1639,8004B1570,0.12,US Dollar,0.12,US Dollar,ACH,0,0.12
2022/09/05 16:35,12204,800CBEA10,20,800E2F720,0.13,US Dollar,0.13,US Dollar,ACH,0,0.13
2022/09/05 16:33,11770,800CCCD30,6314,8030DDC40,0.12,US Dollar,0.12,US Dollar,ACH,0,0.12
2022/09/05 16:54,14640,80236C020,14640,80236C020,0.97,US Dollar,0.83,Euro,ACH,0,0.824394119984108
2022/09/05 16:38,2196,8015283D0,115216,805A63B50,0.03,US Dollar,0.03,US Dollar,ACH,0,0.03
2022/09/05 16:40,22124,80637CFB0,11770,80A3EC8F0,0.35,US Dollar,0.35,US Dollar,ACH,0,0.35
2022/09/05 16:44,21939,80690EE90,112568,80AAFB090,0.72,US Dollar,0.72,US Dollar,Wire,0,0.72
2022/09/05 16:55,21566,8034BD250,14648,814770C70,0.66,US Dollar,0.66,US Dollar,Wire,0,0.66
2022/09/05 16:41,117912,806A5D500,117912,806A5D500,0.98,US Dollar,103.4,Yen,ACH,0,0.7359954445156239
2022/09/05 16:40,3100,8032DB6C0,217226,816032A90,0.12,US Dollar,0.12,US Dollar,Wire,0,0.12
2022/09/05 16:45,12274,8017E8760,14851,801F518D0,0.94,Euro,0.94,Euro,Wire,0,0.9336511720301947
2022/09/05 16:36,20,8001AB3F0,15763,8027F2410,0.91,Euro,0.91,Euro,Wire,0,0.9038537941994439
2022/09/05 16:56,12274,801291280,14,80308C840,0.32,Euro,0.32,Euro,Wire,0,0.3178386968613429
2022/09/05 16:37,498,802E1A550,11314,805E158D0,0.88,Euro,0.88,Euro,ACH,0,0.8740564163686929
2022/09/05 16:42,18491,807D43070,6269,808D34900,0.02,Euro,0.02,Euro,ACH,0,0.019864918553833932
2022/09/05 16:32,5383,8066794C0,8884,80CBDCB80,0.81,Euro,0.81,Euro,Wire,0,0.8045292014302743
2022/09/05 16:46,23726,802257790,125589,80E46C510,0.95,Euro,0.95,Euro,ACH,0,0.9435836313071116
2022/09/05 16:50,211362,806EE26C0,239436,8151476C0,0.2,Euro,0.2,Euro,Wire,0,0.19864918553833932
2022/09/05 16:34,15461,802377C90,37548,815D03260,0.03,Euro,0.03,Euro,ACH,0,0.029797377830750895
2022/09/05 16:44,15461,802377C90,37548,815D03260,0.05,Euro,0.05,Euro,Wire,0,0.04966229638458483
2022/09/05 16:54,25856,8087D8E50,233908,8171C6B00,0.08,Euro,0.08,Euro,Wire,0,0.07945967421533573
2022/09/05 16:54,14652,81183E720,112876,81815B090,0.89,Euro,0.89,Euro,ACH,0,0.8839888756456099
2022/09/05 16:39,110265,803C05030,692,803E7BB60,4.53,Yuan,4.53,Yuan,ACH,0,0.6544729542302359
2022/09/05 16:57,110265,803C05030,692,803E7BB60,4.57,Yuan,4.57,Yuan,Wire,0,0.6602519648636154
2022/09/05 16:46,27,8028C83E0,229822,80FA22A40,6.42,Yuan,6.42,Yuan,ACH,0,0.9275312066574203
2022/09/05 16:52,18256,808674F20,4,808717BE0,49.24,Yen,49.24,Yen,Wire,0,0.35048757918713075
2022/09/05 16:54,40904,80F373210,141352,81014C320,0.82,Australian Dollar,0.82,Australian Dollar,Wire,0,0.5569895394647466
2022/09/05 16:57,14,810E30410,45907,810E5CFE0,16.44,Mexican Peso,16.44,Mexican Peso,Wire,0,0.8212608652213008
2022/09/05 16:38,219,81351DE80,152768,8135E9870,0.84,Swiss Franc,0.84,Swiss Franc,ACH,0,0.8547617351663224
2022/09/05 16:55,263574,817F7D170,164686,818963100,0.41,Saudi Riyal,0.41,Saudi Riyal,ACH,0,0.10933333333333332
2022/09/05 16:54,263574,817F7D170,164686,818963100,0.94,Saudi Riyal,0.94,Saudi Riyal,Wire,0,0.25066666666666665
2022/09/05 16:45,37146,80FB96440,37146,80FB96440,2.16,Saudi Riyal,0.58,US Dollar,ACH,0,0.58
2022/09/05 16:45,37146,80FB96440,68159,81936EF90,2.16,Saudi Riyal,2.16,Saudi Riyal,ACH,0,0.5760000000000001
2022/09/05 16:40,15,80295D8C1,15,80295D8C0,1e-06,Bitcoin,0.06,Yuan,ACH,0,0.008668515950069348
2022/09/05 16:49,123520,80B895EB1,123520,80B895EB0,1.4e-05,Bitcoin,0.14,Euro,ACH,0,0.13905442987683753
2022/09/05 16:51,11,804350CA1,11,804350CA0,1e-06,Bitcoin,0.09,Yuan,ACH,0,0.013002773925104022
2022/09/05 16:53,11,804350CA1,11,804350CA0,1e-06,Bitcoin,0.09,Yuan,ACH,0,0.013002773925104022
2022/09/05 17:21,224,8001DC0F0,531,80050FB20,0.13,US Dollar,0.13,US Dollar,Wire,0,0.13
2022/09/05 17:21,20,800543060,20,80072C120,0.33,US Dollar,0.33,US Dollar,ACH,0,0.33
2022/09/05 17:11,20,80030DD60,20,800D1D650,0.48,US Dollar,0.48,US Dollar,ACH,0,0.48
2022/09/05 17:02,1422,800A01540,1231,800E0CD30,0.17,US Dollar,0.17,US Dollar,ACH,0,0.17
2022/09/05 17:08,224,8001DC0F0,3533,802AE33B0,0.3,US Dollar,0.3,US Dollar,ACH,0,0.3
2022/09/05 17:10,224,8001DC0F0,3533,802AE33B0,0.31,US Dollar,0.31,US Dollar,Wire,0,0.31
2022/09/05 17:05,214867,803125AC0,5855,806FC1650,0.64,US Dollar,0.64,US Dollar,ACH,0,0.64
2022/09/05 17:27,15331,80771D5D0,217717,80A002E00,0.64,US Dollar,0.64,US Dollar,Wire,0,0.64
2022/09/05 17:22,11,8009C4B10,226624,80A4D9270,0.19,US Dollar,0.19,US Dollar,Wire,0,0.19
2022/09/05 17:25,5617,805E22500,24999,80CB36890,0.98,US Dollar,0.98,US Dollar,Wire,0,0.98
2022/09/05 17:07,14408,80DDB3C00,349,814A77CF0,0.17,US Dollar,0.17,US Dollar,ACH,0,0.17
2022/09/05 17:18,121013,80B6C91C0,147509,8171BA180,0.03,US Dollar,0.03,US Dollar,Wire,0,0.03
2022/09/05 17:08,18256,806F84830,18256,806F84830,0.49,US Dollar,52.08,Yen,ACH,0,0.3707025411061285
2022/09/05 17:08,18256,806F84830,9715,8197783D0,0.49,US Dollar,0.49,US Dollar,ACH,0,0.49
2022/09/05 17:15,11046,80081DF10,13821,81A962150,0.24,US Dollar,0.24,US Dollar,Wire,0,0.24
2022/09/05 17:06,20,8000626A0,6269,802697A30,0.5,Euro,0.5,Euro,ACH,0,0.49662296384584825
2022/09/05 17:24,12274,802239290,24029,80270CA00,0.28,Euro,0.28,Euro,ACH,0,0.27810885975367505
2022/09/05 17:25,1390,800B391E0,15516,80322EF00,0.62,Euro,0.62,Euro,ACH,0,0.6158124751688518
2022/09/05 17:19,21444,80107E2C0,6058,807718660,0.04,Euro,0.04,Euro,ACH,0,0.039729837107667865
2022/09/05 17:28,123260,808EAC270,123260,808EAC270,0.78,Euro,66.75,Rupee,ACH,0,0.8362984865189936
2022/09/05 17:06,116186,811A98F80,22260,8145506D0,0.98,Euro,0.98,Euro,ACH,0,0.9733810091378626
2022/09/05 17:16,116186,811A98F80,22260,8145506D0,0.97,Euro,0.97,Euro,Wire,0,0.9634485498609456
2022/09/05 17:27,27425,8039D0300,19970,8040002D0,6.55,Yuan,6.55,Yuan,ACH,0,0.9463129912159038
2022/09/05 17:17,27,802C09D10,210812,80433DE60,4.01,Yuan,4.01,Yuan,ACH,0,0.5793458159963014
2022/09/05 17:13,210091,8048D4130,27356,805317140,5.13,Yuan,5.13,Yuan,Wire,0,0.7411581137309293
2022/09/05 17:14,15168,8028FF400,113579,8059536E0,6.88,Yuan,6.88,Yuan,Wire,0,0.9939898289412853
2022/09/05 17:16,25,80A93EE10,227277,80E86BBB0,6.45,Rupee,6.45,Rupee,ACH,0,0.08081086498947579
2022/09/05 17:00,40989,80F938650,142231,80FB655C0,1.2,Australian Dollar,1.2,Australian Dollar,ACH,0,0.8151066431191414
2022/09/05 17:07,246242,8112D1C70,46152,81130D600,0.44,Mexican Peso,0.44,Mexican Peso,ACH,0,0.02198021780397642
2022/09/05 17:17,246242,8112D1C70,46152,81130D600,0.21,Mexican Peso,0.21,Mexican Peso,Wire,0,0.010490558497352382
2022/09/05 17:04,246232,811279790,245772,8113A73F0,7.35,Mexican Peso,7.35,Mexican Peso,ACH,0,0.3671695474073334
2022/09/05 17:03,246232,811279790,245772,8113A73F0,12.02,Mexican Peso,12.02,Mexican Peso,Wire,0,0.6004595863722649
2022/09/05 17:13,152926,813C6AB10,253721,813DA1A30,0.86,Swiss Franc,0.86,Swiss Franc,Wire,0,0.8751132050512348
2022/09/05 17:18,163470,8174F8510,163233,8178397D0,2.78,Saudi Riyal,2.78,Saudi Riyal,ACH,0,0.7413333333333333
2022/09/05 17:22,14162,80B96E891,14162,80B96E890,9e-06,Bitcoin,0.11,US Dollar,Wire,0,0.11
2022/09/05 17:26,16584,810FE5E41,16584,810FE5E40,4e-06,Bitcoin,0.05,US Dollar,Wire,0,0.05
2022/09/05 17:02,16584,810FE5E41,16584,810FE5E40,1.3e-05,Bitcoin,0.15,US Dollar,ACH,0,0.15
2022/09/05 17:13,16584,810FE5E41,16584,810FE5E40,2e-06,Bitcoin,0.03,US Dollar,ACH,0,0.03
2022/09/05 17:25,16584,810FE5E41,16584,810FE5E40,6e-06,Bitcoin,0.07,US Dollar,ACH,0,0.07
2022/09/05 17:29,19182,80B367311,19182,80B367310,2.2e-05,Bitcoin,0.26,US Dollar,ACH,0,0.26
2022/09/05 17:03,21260,8085A09D1,21260,8085A09D0,1e-06,Bitcoin,0.02,US Dollar,ACH,0,0.02
2022/09/05 17:23,21260,8085A09D1,21260,8085A09D0,1e-06,Bitcoin,0.01,US Dollar,Wire,0,0.01
2022/09/05 17:14,215766,8068CAEB1,215766,8068CAEB0,1.1e-05,Bitcoin,0.13,US Dollar,ACH,0,0.13
2022/09/05 17:21,215766,8068CAEB1,215766,8068CAEB0,8e-06,Bitcoin,0.1,US Dollar,Wire,0,0.1
2022/09/05 17:01,215766,8068CAEB1,215766,8068CAEB0,1e-06,Bitcoin,0.02,US Dollar,ACH,0,0.02
2022/09/05 17:27,262622,817786051,262622,817786050,1e-06,Bitcoin,0.01,US Dollar,Wire,0,0.01
2022/09/05 17:26,262622,819D3EB91,262622,819D3EB90,2.6e-05,Bitcoin,0.31,US Dollar,Wire,0,0.31
2022/09/05 17:10,262622,819D3EB91,262622,819D3EB90,3e-06,Bitcoin,0.03,US Dollar,ACH,0,0.03
2022/09/05 17:38,20,800179890,349,8005C62E0,0.79,US Dollar,0.79,US Dollar,ACH,0,0.79
2022/09/05 17:35,1120,80072D840,1394,80205A340,0.07,US Dollar,0.07,US Dollar,ACH,0,0.07
2022/09/05 17:53,1120,80072D840,1394,80205A340,0.15,US Dollar,0.15,US Dollar,Wire,0,0.15
2022/09/05 17:53,13395,8015B4D40,13210,806118490,0.39,US Dollar,0.39,US Dollar,ACH,0,0.39
2022/09/05 17:54,5206,805D5D560,20,8079C1BD0,0.3,US Dollar,0.3,US Dollar,Wire,0,0.3
2022/09/05 17:38,11046,8060CBC00,115114,80B109E00,0.77,US Dollar,0.77,US Dollar,ACH,0,0.77
2022/09/05 17:35,1638,801405760,11661,80CE097F0,0.52,US Dollar,0.52,US Dollar,ACH,0,0.52
2022/09/05 17:58,118536,80735E920,214342,810E65E60,0.2,US Dollar,0.2,US Dollar,Wire,0,0.2
2022/09/05 17:39,47060,812218220,45803,817BAA320,0.15,US Dollar,0.15,US Dollar,ACH,0,0.15
2022/09/05 17:41,47060,812218220,45803,817BAA320,0.01,US Dollar,0.01,US Dollar,Wire,0,0.01
2022/09/05 17:46,14,8003064B0,425,8006B50F0,0.86,Euro,0.86,Euro,Wire,0,0.854191497814859
2022/09/05 17:55,3671,801AEE670,14003,801E1BE40,0.27,Euro,0.27,Euro,ACH,0,0.26817640047675806
2022/09/05 17:43,3,80173BC20,7522,80954F020,0.59,Euro,0.59,Euro,Wire,0,0.586015097338101
2022/09/05 17:48,15461,80D166940,225312,80E2FB9F0,0.89,Euro,0.89,Euro,ACH,0,0.8839888756456099
2022/09/05 17:39,15461,80D166940,225312,80E2FB9F0,0.42,Euro,0.42,Euro,Wire,0,0.4171632896305125
2022/09/05 17:51,25384,814BFB2D0,144292,818EA0A30,0.84,Euro,0.84,Euro,ACH,0,0.834326579261025
2022/09/05 17:59,25384,814BFB2D0,144292,818EA0A30,0.19,Euro,0.19,Euro,Wire,0,0.18871672626142236
2022/09/05 17:31,15168,8029396F0,11,80372F580,0.46,Yuan,0.46,Yuan,Wire,0,0.06645862228386501
2022/09/05 17:59,12,800070750,15885,80376C8D0,3.88,Yuan,3.88,Yuan,Wire,0,0.5605640314378179
2022/09/05 17:53,29592,8045973F0,122538,81573F0D0,56.92,Yen,56.92,Yen,ACH,0,0.4051533917004769
2022/09/05 17:50,72,808E5B530,123800,808EE5590,10.9,Rupee,10.9,Rupee,Wire,0,0.13656409742407538
2022/09/05 17:55,24320,8092A7D80,224237,809675A00,20.16,Rupee,20.16,Rupee,ACH,0,0.25258093615315225
2022/09/05 17:56,124304,808F87B80,224371,809D545A0,47.15,Rupee,47.15,Rupee,ACH,0,0.5907336874812067
2022/09/05 17:36,110,80F05C110,41019,80F05E480,0.18,Australian Dollar,0.18,Australian Dollar,Wire,0,0.12226599646787122
2022/09/05 17:48,149805,8128801B0,149805,812B199F0,4.84,Brazil Real,4.84,Brazil Real,ACH,0,0.934615533155679
2022/09/05 17:37,28625,80EB594C1,28625,80EB594C0,1.6e-05,Bitcoin,0.19,US Dollar,ACH,0,0.19
2022/09/05 17:53,28625,80EB594C1,28625,80EB594C0,3.8e-05,Bitcoin,0.45,US Dollar,ACH,0,0.45
2022/09/05 17:36,134326,80C927791,134326,80C927790,9e-06,Bitcoin,0.08,UK Pound,ACH,0,0.09215209703615819
2022/09/05 17:57,134326,80C927791,134326,80C927790,4e-06,Bitcoin,0.04,UK Pound,ACH,0,0.046076048518079095
2022/09/05 17:51,25304,8055972C1,25304,8055972C0,1e-06,Bitcoin,0.01,Euro,ACH,0,0.009932459276916966
2022/09/05 17:39,25304,8055972C1,25304,8055972C0,2e-06,Bitcoin,0.02,Euro,ACH,0,0.019864918553833932
2022/09/05 17:45,5571,811AFB9B1,5571,811AFB9B0,5e-06,Bitcoin,0.06,US Dollar,ACH,0,0.06
2022/09/05 18:00,20,800055E30,224,8005168B0,0.91,US Dollar,0.91,US Dollar,ACH,0,0.91
2022/09/05 18:17,1394,80037DDE0,11265,801021460,0.52,US Dollar,0.52,US Dollar,ACH,0,0.52
2022/09/05 18:02,1394,80062E580,2175,8018BB960,0.4,US Dollar,0.4,US Dollar,Wire,0,0.4
2022/09/05 18:26,224,800158D80,1277,8019E0A60,0.08,US Dollar,0.08,US Dollar,ACH,0,0.08
2022/09/05 18:28,21393,800CC9030,113317,8051087A0,0.16,US Dollar,0.16,US Dollar,ACH,0,0.16
2022/09/05 18:06,2692,801A00200,16456,8079D1160,0.76,US Dollar,0.76,US Dollar,Wire,0,0.76
2022/09/05 18:21,349,8002C50A0,216093,807BCEBE0,0.39,US Dollar,0.39,US Dollar,ACH,0,0.39
2022/09/05 18:00,5621,807358CE0,110821,80817ABF0,0.27,US Dollar,0.27,US Dollar,Wire,0,0.27
2022/09/05 18:05,21393,801565E70,15284,80861F5A0,0.02,US Dollar,0.02,US Dollar,ACH,0,0.02
2022/09/05 18:23,21393,801565E70,15284,80861F5A0,0.09,US Dollar,0.09,US Dollar,Wire,0,0.09
2022/09/05 18:20,5206,808761DE0,5571,80A9634C0,0.22,US Dollar,0.22,US Dollar,Wire,0,0.22
2022/09/05 18:02,115966,808853FE0,130821,80B4035A0,0.51,US Dollar,0.51,US Dollar,ACH,0,0.51
2022/09/05 18:20,110856,8085317B0,11046,80B7D1450,0.83,US Dollar,0.83,US Dollar,Wire,0,0.83
2022/09/05 18:18,224574,8099324C0,224574,8099324C0,0.92,US Dollar,67.66,Rupee,ACH,0,0.8476997093314623
2022/09/05 18:19,20,800392B70,127980,80EFD8240,0.14,US Dollar,0.14,US Dollar,ACH,0,0.14
2022/09/05 18:03,1217,800E34410,261535,817F263E0,0.18,US Dollar,0.18,US Dollar,Wire,0,0.18
2022/09/05 18:20,33219,80FDBFF40,11047,818F1C110,0.62,US Dollar,0.62,US Dollar,ACH,0,0.62
2022/09/05 18:10,21393,8023DD100,28932,819084460,0.93,US Dollar,0.93,US Dollar,Wire,0,0.93
2022/09/05 18:29,14,8002AE940,14,800449680,0.08,Euro,0.08,Euro,ACH,0,0.07945967421533573
2022/09/05 18:15,14,8002AE940,14,800449680,0.45,Euro,0.45,Euro,Wire,0,0.44696066746126345
2022/09/05 18:09,12274,800E80510,14,801AD3980,0.26,Euro,0.26,Euro,ACH,0,0.2582439411998411
2022/09/05 18:09,21048,80A183750,7839,811BBCBA0,0.56,Euro,0.56,Euro,ACH,0,0.5562177195073501
2022/09/05 18:05,12202,806CEE9B0,125589,814576710,0.1,Euro,0.1,Euro,ACH,0,0.09932459276916966
2022/09/05 18:14,44720,817C7A880,269185,81AAD6FF0,0.37,Euro,0.37,Euro,Wire,0,0.3675009932459277
2022/09/05 18:00,4,800075360,12,806760AA0,98.5,Yen,98.5,Yen,Wire,0,0.701117517261015
2022/09/05 18:17,14,809A5D360,24713,80A33DB00,3.55,Rupee,3.55,Rupee,ACH,0,0.04447729778490528
2022/09/05 18:15,8,80D3F27C0,11,80D64FE70,0.18,Canadian Dollar,0.18,Canadian Dollar,ACH,0,0.13696545426875664
2022/09/05 18:29,136474,80D7A95F0,17,80DF713C0,1.31,Canadian Dollar,1.31,Canadian Dollar,Wire,0,0.9968041394003957
2022/09/05 18:00,153743,813C29500,156900,814EA13E0,0.21,Swiss Franc,0.21,Swiss Franc,ACH,0,0.2136904337915806
2022/09/05 18:20,216,8000E14F0,217,817151620,0.58,Saudi Riyal,0.58,Saudi Riyal,ACH,0,0.15466666666666665
2022/09/05 18:11,1231,8001DEA81,1231,8001DEA80,1.5e-05,Bitcoin,0.18,US Dollar,ACH,0,0.18
2022/09/05 18:05,1231,8001DEA81,1231,8001DEA80,2e-06,Bitcoin,0.03,US Dollar,ACH,0,0.03
2022/09/05 18:43,394,8003190B0,394,8008DA620,0.64,US Dollar,0.64,US Dollar,ACH,0,0.64
2022/09/05 18:37,12204,800CF6900,13243,80FB99A80,0.27,US Dollar,0.27,US Dollar,Wire,0,0.27
2022/09/05 18:41,11265,802033370,25017,8105104D0,0.65,US Dollar,0.65,US Dollar,ACH,0,0.65
2022/09/05 18:36,8106,8043AA550,12966,811129F40,0.71,US Dollar,0.71,US Dollar,Wire,0,0.71
2022/09/05 18:38,210091,8042A7C70,210091,8042A7C70,0.03,US Dollar,0.19,Yuan,ACH,0,0.027450300508552936
2022/09/05 18:36,210091,8042A7C70,210091,8042A7C70,0.04,US Dollar,0.28,Yuan,ACH,0,0.04045307443365696
2022/09/05 18:42,1,801409750,143280,8121670C0,0.82,US Dollar,0.82,US Dollar,Wire,0,0.82
2022/09/05 18:34,1638,803EB3F30,212996,8144372E0,0.98,US Dollar,0.98,US Dollar,Wire,0,0.98
2022/09/05 18:43,2175,807488BB0,1638,81580F910,0.75,US Dollar,0.75,US Dollar,ACH,0,0.75
2022/09/05 18:38,1291,8002D0DA0,221024,818AA23F0,0.19,US Dollar,0.19,US Dollar,ACH,0,0.19
2022/09/05 18:58,1291,8002D0DA0,221024,818AA23F0,0.17,US Dollar,0.17,US Dollar,Wire,0,0.17
2022/09/05 18:30,20,80010AC20,137029,81AAFB1D0,0.92,US Dollar,0.92,US Dollar,Wire,0,0.92
2022/09/05 18:42,20,8014EA1D0,1595,801D7DF10,0.07,Euro,0.07,Euro,Wire,0,0.06952721493841876
2022/09/05 18:37,24070,80DCE07D0,130803,80FEAB240,0.28,Euro,0.28,Euro,ACH,0,0.27810885975367505
2022/09/05 18:30,24070,80DCE07D0,130803,80FEAB240,0.11,Euro,0.11,Euro,Wire,0,0.10925705204608661
2022/09/05 18:55,1595,8006B3650,12202,810615DA0,0.93,Euro,0.93,Euro,ACH,0,0.9237187127532779
2022/09/05 18:38,1595,8006B3650,12202,810615DA0,0.73,Euro,0.73,Euro,Wire,0,0.7250695272149384
2022/09/05 18:34,15885,80222A2B0,692,802C14830,5.15,Yuan,5.15,Yuan,ACH,0,0.7440476190476192
2022/09/05 18:35,15885,80222A2B0,692,802C14830,5.24,Yuan,5.24,Yuan,Wire,0,0.7570503929727231
2022/09/05 18:37,7080,803410660,110080,804A56960,2.4,Yuan,2.4,Yuan,ACH,0,0.34674063800277394
2022/09/05 18:45,7080,803410660,110080,804A56960,5.44,Yuan,5.44,Yuan,Wire,0,0.785945446139621
2022/09/05 18:45,27356,80494A960,13577,80523FBA0,1.95,Yuan,1.95,Yuan,Wire,0,0.2817267683772538
2022/09/05 18:54,25892,80A24CCC0,225897,80A7ADDA0,76.03,Rupee,76.03,Rupee,ACH,0,0.9525659015736193
2022/09/05 18:59,14,8094CE970,26272,80EAD5080,77.88,Rupee,77.88,Rupee,Wire,0,0.9757442116868797
2022/09/05 18:43,135558,80CFECF60,136678,80D9BFDA0,0.7,Canadian Dollar,0.7,Canadian Dollar,ACH,0,0.532643433267387
2022/09/05 18:56,40904,80F1A0B40,42234,80F85A3F0,1.18,Australian Dollar,1.18,Australian Dollar,Wire,0,0.8015215324004891
2022/09/05 18:49,142114,80FB102A0,44198,810B12B70,0.36,Australian Dollar,0.36,Australian Dollar,Wire,0,0.24453199293574243
2022/09/05 18:59,148894,8124586C0,52001,8132E4420,4.92,Brazil Real,4.92,Brazil Real,Wire,0,0.9500637237863514
2022/09/05 18:30,253428,813CDE850,154255,81431ECE0,0.04,Swiss Franc,0.04,Swiss Franc,ACH,0,0.04070293976982488
2022/09/05 18:49,112,8156714B0,58138,81596B1C0,0.81,Shekel,0.81,Shekel,ACH,0,0.23819326001293892
2022/09/05 18:52,57466,815313960,113,815C43D20,2.86,Shekel,2.86,Shekel,ACH,0,0.841028053872846
2022/09/05 18:41,113,8000D1DE0,157900,8159AB3C0,1.48,Shekel,1.48,Shekel,Wire,0,0.43521731459154267
2022/09/05 18:47,163470,817992790,115,817FEDD80,2.6,Saudi Riyal,2.6,Saudi Riyal,ACH,0,0.6933333333333334
2022/09/05 18:42,63940,818751D90,263186,819185400,3.23,Saudi Riyal,3.23,Saudi Riyal,ACH,0,0.8613333333333333
2022/09/05 18:41,63940,818751D90,263186,819185400,0.55,Saudi Riyal,0.55,Saudi Riyal,Wire,0,0.14666666666666667
2022/09/05 18:49,157989,816C1B5B1,157989,816C1B5B0,7e-05,Bitcoin,0.84,US Dollar,ACH,0,0.84
2022/09/05 18:50,8488,807044561,8488,807044560,1.3e-05,Bitcoin,0.15,US Dollar,ACH,0,0.15
2022/09/05 18:37,8488,807044561,8488,807044560,8e-06,Bitcoin,0.09,US Dollar,ACH,0,0.09
2022/09/05 18:50,133620,81B6D0E51,133620,81B6D0E50,1e-06,Bitcoin,0.01,US Dollar,Wire,0,0.01
2022/09/05 18:33,133620,81B6D0E51,133620,81B6D0E50,1e-06,Bitcoin,0.01,US Dollar,Wire,0,0.01
2022/09/05 19:19,1394,800913480,21414,800F0EAA0,0.07,US Dollar,0.07,US Dollar,Wire,0,0.07
2022/09/05 19:18,1277,80080E9B0,6314,8057FE0B0,0.19,US Dollar,0.19,US Dollar,Wire,0,0.19
2022/09/05 19:03,2196,8064571A0,18324,809509B80,0.76,US Dollar,0.76,US Dollar,ACH,0,0.76
2022/09/05 19:27,16262,8063F8CC0,5033,80BEA76F0,0.91,US Dollar,0.91,US Dollar,ACH,0,0.91
2022/09/05 19:12,122459,80AF9DB40,147509,814243BF0,0.05,US Dollar,0.05,US Dollar,Wire,0,0.05
2022/09/05 19:14,11255,803042D00,54765,814B09420,0.18,US Dollar,0.18,US Dollar,ACH,0,0.18
2022/09/05 19:13,1638,80501CDF0,3597,815BE8DB0,0.46,US Dollar,0.46,US Dollar,ACH,0,0.46
2022/09/05 19:02,12204,80B7B2B70,22890,816DE6C60,0.78,US Dollar,0.78,US Dollar,ACH,0,0.78
2022/09/05 19:03,1217,8017F74D0,273090,81BB19730,0.22,US Dollar,0.22,US Dollar,Wire,0,0.22
2022/09/05 19:23,24070,802E2CEB0,2557,80306F0D0,0.98,Euro,0.98,Euro,Wire,0,0.9733810091378626
2022/09/05 19:12,5294,802C75990,1776,803144790,0.78,Euro,0.78,Euro,Wire,0,0.7747318235995233
2022/09/05 19:01,14003,802D10AD0,27737,80B5F9F80,0.04,Euro,0.04,Euro,ACH,0,0.039729837107667865
2022/09/05 19:02,14003,802D10AD0,27737,80B5F9F80,0.02,Euro,0.02,Euro,Wire,0,0.019864918553833932
2022/09/05 19:26,211012,80AF441C0,18586,80E1852F0,0.47,Euro,0.47,Euro,ACH,0,0.4668255860150973
2022/09/05 19:04,4308,80260CCF0,8889,8108BDA60,0.58,Euro,0.58,Euro,ACH,0,0.576082638061184
2022/09/05 19:17,19629,807B43C80,25384,8118C8D20,0.57,Euro,0.57,Euro,ACH,0,0.566150178784267
2022/09/05 19:12,19629,807B43C80,25384,8118C8D20,0.31,Euro,0.31,Euro,Wire,0,0.3079062375844259
2022/09/05 19:06,16934,811EE4690,166292,81B368E20,0.38,Euro,0.38,Euro,ACH,0,0.3774334525228447
2022/09/05 19:19,26922,8029D2AA0,17213,80351D250,0.1,Yuan,0.1,Yuan,Wire,0,0.014447526583448915
2022/09/05 19:04,26,80290ABE0,19521,8049B42B0,2.68,Yuan,2.68,Yuan,Wire,0,0.3871937124364309
2022/09/05 19:24,12066,804FCEF80,12469,804FEA020,1.54,Yuan,1.54,Yuan,ACH,0,0.2224919093851133
2022/09/05 19:11,12066,804FCEF80,12469,804FEA020,0.6,Yuan,0.6,Yuan,Wire,0,0.08668515950069348
2022/09/05 19:19,29640,80718BFE0,123135,8145F9B50,133.15,Yen,133.15,Yen,ACH,0,0.9477542885614634
2022/09/05 19:22,123957,809001310,5,80E225950,43.98,Rupee,43.98,Rupee,Wire,0,0.551017339881728
2022/09/05 19:22,248756,8122EF900,49700,812918580,0.14,Brazil Real,0.14,Brazil Real,Wire,0,0.027034333603676672
2022/09/05 19:06,11,811EB5990,151678,81309BB00,0.2,Brazil Real,0.2,Brazil Real,Wire,0,0.038620476576680954
2022/09/05 19:27,50707,812EA1190,148894,8132518B0,2.12,Brazil Real,2.12,Brazil Real,Wire,0,0.40937705171281813
2022/09/05 19:10,213,815231620,257433,81535E340,1.62,Shekel,1.62,Shekel,Wire,0,0.47638652002587784
2022/09/05 19:22,216,81730B150,63587,8174D89C0,0.82,Saudi Riyal,0.82,Saudi Riyal,ACH,0,0.21866666666666665
2022/09/05 19:15,2545,809C3F6D1,2545,809C3F6D0,2e-06,Bitcoin,0.02,US Dollar,ACH,0,0.02
2022/09/05 19:05,220015,80C4EA211,220015,80C4EA210,6.1e-05,Bitcoin,0.72,US Dollar,ACH,0,0.72
2022/09/05 19:08,3653,805D391F1,3653,805D391F0,2.2e-05,Bitcoin,0.27,US Dollar,Wire,0,0.27
2022/09/05 19:02,3653,805D391F1,3653,805D391F0,1e-05,Bitcoin,0.12,US Dollar,ACH,0,0.12
2022/09/05 19:22,217862,80D464061,217862,80D464060,6.7e-05,Bitcoin,0.79,US Dollar,ACH,0,0.79
2022/09/05 19:05,234116,80CA1C091,234116,80CA1C090,5e-06,Bitcoin,0.04,UK Pound,ACH,0,0.046076048518079095
2022/09/05 19:18,234116,80CA1C091,234116,80CA1C090,1.7e-05,Bitcoin,0.15,UK Pound,Wire,0,0.1727851819427966
2022/09/05 19:24,215571,806379E41,215571,806379E40,1.2e-05,Bitcoin,0.15,US Dollar,Wire,0,0.15
2022/09/05 19:09,215571,806379E41,215571,806379E40,2.3e-05,Bitcoin,0.28,US Dollar,ACH,0,0.28
2022/09/05 19:03,215571,806379E41,215571,806379E40,1.6e-05,Bitcoin,0.18,US Dollar,Wire,0,0.18
2022/09/05 19:09,16679,8136C1341,16679,8136C1340,8e-06,Bitcoin,0.09,US Dollar,ACH,0,0.09
2022/09/05 19:06,16679,8136C1341,16679,8136C1340,1.2e-05,Bitcoin,0.14,US Dollar,ACH,0,0.14
2022/09/05 19:05,22890,801639A81,22890,801639A80,4.4e-05,Bitcoin,0.52,US Dollar,ACH,0,0.52
2022/09/05 19:16,22890,801639A81,22890,801639A80,8e-06,Bitcoin,0.09,US Dollar,Wire,0,0.09
2022/09/05 19:53,1231,80013AF70,531,80054F690,0.12,US Dollar,0.12,US Dollar,ACH,0,0.12
2022/09/05 19:54,1231,80013AF70,531,80054F690,0.04,US Dollar,0.04,US Dollar,Wire,0,0.04
2022/09/05 19:48,12063,800BA6940,12063,800F4C050,0.33,US Dollar,0.33,US Dollar,Wire,0,0.33
2022/09/05 19:32,1110,801B711F0,1394,804CDF860,0.95,US Dollar,0.95,US Dollar,Wire,0,0.95
2022/09/05 19:51,9976,803CBB860,9976,803CBB860,0.04,US Dollar,0.28,Yuan,ACH,0,0.04045307443365696
2022/09/05 19:51,9976,803CBB860,2196,806246440,0.04,US Dollar,0.04,US Dollar,Wire,0,0.04
2022/09/05 19:36,11337,805EBF040,214107,806B7BE90,0.12,US Dollar,0.12,US Dollar,Wire,0,0.12
2022/09/05 19:53,7082,80338FD60,7082,80338FD60,0.13,US Dollar,0.87,Yuan,ACH,0,0.12569348127600555
2022/09/05 19:56,5621,8047B3D20,18324,80BCA9350,0.01,US Dollar,0.01,US Dollar,ACH,0,0.01
2022/09/05 19:47,12063,801253D50,224231,80D8B9170,0.09,US Dollar,0.09,US Dollar,Wire,0,0.09
2022/09/05 19:42,1217,801103720,236488,80ECBF340,0.04,US Dollar,0.04,US Dollar,Wire,0,0.04
2022/09/05 19:44,35798,811F6D910,148288,81306A3F0,0.71,US Dollar,0.71,US Dollar,ACH,0,0.71
2022/09/05 19:52,349,800C480E0,56335,816B52900,0.04,US Dollar,0.04,US Dollar,Wire,0,0.04
2022/09/05 19:56,115771,806194DE0,5855,816CF3FB0,0.03,US Dollar,0.03,US Dollar,Wire,0,0.03
2022/09/05 19:53,5621,806452E40,159702,816D89E20,0.99,US Dollar,0.99,US Dollar,ACH,0,0.99
2022/09/05 19:38,23760,810416050,233005,816FB4FB0,0.31,US Dollar,0.31,US Dollar,ACH,0,0.31
2022/09/05 19:39,11047,8007D4850,56790,816473AD0,0.22,US Dollar,0.22,US Dollar,Wire,0,0.22
2022/09/05 19:45,10311,80D95E8F0,10311,80D95E8F0,0.9,US Dollar,6.04,Yuan,ACH,0,0.8726306056403144
2022/09/05 19:45,10311,80D95E8F0,152972,8186AFB40,0.9,US Dollar,0.9,US Dollar,ACH,0,0.9
2022/09/05 19:38,10311,80D95E8F0,10311,80D95E8F0,0.95,US Dollar,6.35,Yuan,ACH,0,0.917417938049006
2022/09/05 19:38,10311,80D95E8F0,152972,8186AFB40,0.95,US Dollar,0.95,US Dollar,Wire,0,0.95
2022/09/05 19:47,22595,804D60210,70588,81B120140,0.64,US Dollar,0.64,US Dollar,ACH,0,0.64
2022/09/05 19:48,22595,804D60210,70588,81B120140,0.34,US Dollar,0.34,US Dollar,Wire,0,0.34
2022/09/05 19:36,14,80026B150,27868,803682340,0.53,Euro,0.53,Euro,ACH,0,0.5264203416765992
2022/09/05 19:39,20,804CEA780,20,804CEA780,0.15,Euro,0.18,US Dollar,ACH,0,0.18
2022/09/05 19:56,11,801FA61F0,28930,80AA3A330,0.02,Euro,0.02,Euro,Wire,0,0.019864918553833932
2022/09/05 19:44,2,808CDDCB0,25,8096BD810,71.57,Rupee,71.57,Rupee,ACH,0,0.8966873809762452
2022/09/05 19:33,5,80E225950,127105,80ED3C6D0,71.24,Rupee,71.24,Rupee,ACH,0,0.8925528716046907
2022/09/05 19:36,8,80CFF0350,236335,80E3BBDC0,0.29,Canadian Dollar,0.29,Canadian Dollar,Wire,0,0.2206665652107746
2022/09/05 19:39,241503,80F64AA60,142223,80FE38680,0.35,Australian Dollar,0.35,Australian Dollar,ACH,0,0.23773943757641625
2022/09/05 19:41,1199,8152AD390,59033,815A45CD0,2.08,Shekel,2.08,Shekel,ACH,0,0.611656766452979
2022/09/05 19:54,63587,817692A10,263186,817EBBC40,2.68,Saudi Riyal,2.68,Saudi Riyal,ACH,0,0.7146666666666667
2022/09/05 19:42,63940,817B15D20,165768,81819BA10,0.53,Saudi Riyal,0.53,Saudi Riyal,ACH,0,0.14133333333333334
2022/09/05 19:46,17803,80EE84BB1,17803,80EE84BB0,1e-06,Bitcoin,0.01,US Dollar,Wire,0,0.01
2022/09/05 19:41,12702,80AD09141,12702,80AD09140,1e-06,Bitcoin,0.01,US Dollar,ACH,0,0.01
2022/09/05 19:35,28932,8181585B1,28932,8181585B0,2e-06,Bitcoin,0.03,US Dollar,ACH,0,0.03
2022/09/05 19:44,28932,8181585B1,28932,8181585B0,7e-06,Bitcoin,0.08,US Dollar,ACH,0,0.08
2022/09/05 19:41,30515,81A51A641,30515,81A51A640,6e-06,Bitcoin,0.07,US Dollar,ACH,0,0.07
2022/09/05 19:55,30515,81A51A641,30515,81A51A640,9e-06,Bitcoin,0.1,US Dollar,ACH,0,0.1
2022/09/05 19:43,228849,813731801,228849,813731800,4.1e-05,Bitcoin,0.49,US Dollar,Wire,0,0.49
2022/09/05 19:57,11770,80151E171,11770,80151E170,1.9e-05,Bitcoin,0.22,US Dollar,ACH,0,0.22
2022/09/05 19:45,11770,80151E171,11770,80151E170,3.6e-05,Bitcoin,0.43,US Dollar,ACH,0,0.43
2022/09/05 19:40,1638,805CC7061,1638,805CC7060,8.1e-05,Bitcoin,0.96,US Dollar,Wire,0,0.96
2022/09/05 19:51,16679,816D2FB31,16679,816D2FB30,2.7e-05,Bitcoin,0.32,US Dollar,ACH,0,0.32
2022/09/05 19:34,16679,816D2FB31,16679,816D2FB30,1e-06,Bitcoin,0.02,US Dollar,ACH,0,0.02
2022/09/05 20:15,2196,801568B10,8318,805757890,0.24,US Dollar,0.24,US Dollar,ACH,0,0.24
2022/09/05 20:24,14595,805C30700,5033,805FC7E70,0.66,US Dollar,0.66,US Dollar,Wire,0,0.66
2022/09/05 20:02,1638,802514A30,2175,8061F6690,0.41,US Dollar,0.41,US Dollar,ACH,0,0.41
2022/09/05 20:17,16263,804D6F220,19561,8075DBDA0,0.28,US Dollar,0.28,US Dollar,ACH,0,0.28
2022/09/05 20:21,215514,80677EB60,25526,80A657880,0.68,US Dollar,0.68,US Dollar,ACH,0,0.68
2022/09/05 20:22,1291,80F0FDC70,227639,80F8B8A80,0.07,US Dollar,0.07,US Dollar,ACH,0,0.07
2022/09/05 20:25,118536,807C93C40,127980,814B5D520,0.82,US Dollar,0.82,US Dollar,ACH,0,0.82
2022/09/05 20:10,118536,807C93C40,127980,814B5D520,0.59,US Dollar,0.59,US Dollar,Wire,0,0.59
2022/09/05 20:22,31363,80DE69B80,22547,814D5D050,0.11,US Dollar,0.11,US Dollar,ACH,0,0.11
2022/09/05 20:04,31363,80DE69B80,22547,814D5D050,0.05,US Dollar,0.05,US Dollar,Wire,0,0.05
2022/09/05 20:19,118681,80A4135C0,51448,815D1B980,0.59,US Dollar,0.59,US Dollar,Wire,0,0.59
2022/09/05 20:22,24317,805DCFD90,133620,818C8FAA0,0.15,US Dollar,0.15,US Dollar,ACH,0,0.15
2022/09/05 20:11,24317,805DCFD90,133620,818C8FAA0,0.19,US Dollar,0.19,US Dollar,Wire,0,0.19
2022/09/05 20:05,227876,80DFB3970,134019,81AD373E0,0.2,US Dollar,0.2,US Dollar,ACH,0,0.2
2022/09/05 20:27,227876,80DFB3970,134019,81AD373E0,0.3,US Dollar,0.3,US Dollar,Wire,0,0.3
2022/09/05 20:09,5206,81445A4B0,124173,81B9A2080,0.1,US Dollar,0.1,US Dollar,ACH,0,0.1
2022/09/05 20:07,12055,801A9A8C0,11437,801DB7330,0.25,Euro,0.25,Euro,ACH,0,0.24831148192292413
2022/09/05 20:00,12055,801A9A8C0,11437,801DB7330,0.32,Euro,0.32,Euro,Wire,0,0.3178386968613429
2022/09/05 20:10,425,80186EF50,14003,8032CB7F0,0.48,Euro,0.48,Euro,ACH,0,0.4767580452920143
2022/09/05 20:01,25788,8029C39F0,12202,806519AB0,0.2,Euro,0.2,Euro,Wire,0,0.19864918553833932
2022/09/05 20:19,215557,806461090,215557,806461090,1.07,Euro,132.35,Yen,ACH,0,0.9420599330913231
2022/09/05 20:25,2514,8003BB3C0,228147,80E221EA0,0.21,Euro,0.21,Euro,Wire,0,0.20858164481525626
2022/09/05 20:28,24455,807D7C280,18355,8149EAEC0,0.04,Euro,0.04,Euro,Wire,0,0.039729837107667865
2022/09/05 20:12,19836,8045B0820,18,80645BCA0,67.68,Yen,67.68,Yen,Wire,0,0.48174247277386295
2022/09/05 20:01,223281,808E384F0,124592,80925A0F0,21.25,Rupee,21.25,Rupee,Wire,0,0.26623734589555975
2022/09/05 20:22,8,80D1FE240,235943,80EECB6C0,0.21,Canadian Dollar,0.21,Canadian Dollar,ACH,0,0.15979302998021608
2022/09/05 20:05,258461,815CD0200,57466,815CDA630,2.2,Shekel,2.2,Shekel,Wire,0,0.6469446568252663
2022/09/05 20:12,115,8171D8660,216,8172D5780,1.74,Saudi Riyal,1.74,Saudi Riyal,Wire,0,0.464
2022/09/05 20:26,13210,810D16561,13210,810D16560,9e-06,Bitcoin,0.1,US Dollar,ACH,0,0.1
2022/09/05 20:25,13210,810D16561,13210,810D16560,4.7e-05,Bitcoin,0.56,US Dollar,ACH,0,0.56
2022/09/05 20:28,13210,810D16561,13210,810D16560,6e-06,Bitcoin,0.07,US Dollar,Wire,0,0.07
2022/09/05 20:18,216492,80E1B5F81,216492,80E1B5F80,1e-06,Bitcoin,0.01,US Dollar,ACH,0,0.01
2022/09/05 20:21,216492,80E1B5F81,216492,80E1B5F80,1e-06,Bitcoin,0.01,US Dollar,ACH,0,0.01
2022/09/05 20:20,2196,8165E6B21,2196,8165E6B20,5e-05,Bitcoin,0.59,US Dollar,ACH,0,0.59
2022/09/05 20:00,226290,812C80CB1,226290,812C80CB0,1e-06,Bitcoin,0.01,US Dollar,ACH,0,0.01
2022/09/05 20:25,226290,812C80CB1,226290,812C80CB0,1e-06,Bitcoin,0.02,US Dollar,ACH,0,0.02
2022/09/05 20:06,2860,801015AA1,2860,801015AA0,1e-06,Bitcoin,0.01,US Dollar,ACH,0,0.01
2022/09/05 20:20,9096,80356BD61,9096,80356BD60,5e-06,Bitcoin,0.39,Yuan,Wire,0,0.056345353675450766
2022/09/05 20:11,9096,80356BD61,9096,80356BD60,7e-06,Bitcoin,0.55,Yuan,Wire,0,0.07946139620896904
2022/09/05 20:22,226660,81914AE11,226660,81914AE10,2.7e-05,Bitcoin,0.32,US Dollar,Wire,0,0.32
2022/09/05 20:44,20,8000F0530,1,8002293E0,0.89,US Dollar,0.89,US Dollar,ACH,0,0.89
2022/09/05 20:42,1291,80062D190,1807,80231B860,0.37,US Dollar,0.37,US Dollar,ACH,0,0.37
2022/09/05 20:41,11,800F03590,116473,80BC059B0,0.97,US Dollar,0.97,US Dollar,ACH,0,0.97
2022/09/05 20:36,219425,80EB54E70,152229,8136566D0,0.87,US Dollar,0.87,US Dollar,Wire,0,0.87
2022/09/05 20:36,21260,805D1E930,131099,81432A140,0.15,US Dollar,0.15,US Dollar,Wire,0,0.15
2022/09/05 20:53,115966,80CA770C0,239457,8143671B0,0.35,US Dollar,0.35,US Dollar,Wire,0,0.35
2022/09/05 20:37,224,8059E0A40,238352,816A56960,0.29,US Dollar,0.29,US Dollar,Wire,0,0.29
2022/09/05 20:38,229487,80B995250,239632,818BDDB90,0.73,US Dollar,0.73,US Dollar,ACH,0,0.73
2022/09/05 20:54,18990,814AB21B0,126883,81A1F77D0,0.35,US Dollar,0.35,US Dollar,Wire,0,0.35
2022/09/05 20:32,20,8005FD050,14172,801875110,0.09,Euro,0.09,Euro,Wire,0,0.08939213349225268
2022/09/05 20:43,425,802260690,5436,8032E6110,0.3,Euro,0.3,Euro,ACH,0,0.29797377830750893
2022/09/05 20:32,498,8004027C0,17059,80EDDC570,0.01,Euro,0.01,Euro,ACH,0,0.009932459276916966
2022/09/05 20:32,7522,80B58B0C0,0,80F913560,0.01,Euro,0.01,Euro,ACH,0,0.009932459276916966
2022/09/05 20:42,7522,80B58B0C0,0,80F913560,0.01,Euro,0.01,Euro,Wire,0,0.009932459276916966
2022/09/05 20:46,218604,80DD38FB0,130826,811AE76B0,0.72,Euro,0.72,Euro,ACH,0,0.7151370679380215
2022/09/05 20:45,11,8001A22A0,27436,812BD51E0,0.4,Euro,0.4,Euro,ACH,0,0.39729837107667865
2022/09/05 20:56,4308,80414C710,231026,812D62BA0,0.78,Euro,0.78,Euro,ACH,0,0.7747318235995233
2022/09/05 20:55,15461,80654B420,17694,8178FCF00,0.84,Euro,0.84,Euro,Wire,0,0.834326579261025
2022/09/05 20:32,10920,80464FFD0,17768,8048D8AC0,1.51,Yuan,1.51,Yuan,ACH,0,0.2181576514100786
2022/09/05 20:30,10920,80464FFD0,17768,8048D8AC0,4.27,Yuan,4.27,Yuan,Wire,0,0.6169093851132685
2022/09/05 20:44,11,8037DCE40,110164,804FF2D20,0.92,Yuan,0.92,Yuan,ACH,0,0.13291724456773002
2022/09/05 20:41,11,8037DCE40,110164,804FF2D20,1.78,Yuan,1.78,Yuan,Wire,0,0.2571659731853907
2022/09/05 20:32,15885,8033C15E0,10920,805946D30,6.56,Yuan,6.56,Yuan,Wire,0,0.9477577438742487
2022/09/05 20:47,7082,804FFE610,7080,809B9BB20,6.8,Yuan,6.8,Yuan,ACH,0,0.9824318076745261
2022/09/05 20:54,7082,804FFE610,7080,809B9BB20,3.38,Yuan,3.38,Yuan,Wire,0,0.4883263985205733
2022/09/05 20:33,110265,804347AF0,121480,80AA9D280,2.33,Yuan,2.33,Yuan,Wire,0,0.3366273693943597
2022/09/05 20:39,4,8059F0710,117284,806626560,6.54,Yen,6.54,Yen,Wire,0,0.046551355968396324
2022/09/05 20:37,29640,805C4D2B0,116914,8067F97F0,59.7,Yen,59.7,Yen,Wire,0,0.4249412769592142
2022/09/05 20:35,149453,812347B50,149891,8125C9380,0.97,Brazil Real,0.97,Brazil Real,ACH,0,0.18730931139690263
2022/09/05 20:56,1199,8154921D0,112,81554EAA0,3.24,Shekel,3.24,Shekel,Wire,0,0.9527730400517557
2022/09/05 20:44,1394,800A08B51,1394,800A08B50,8e-06,Bitcoin,0.1,US Dollar,ACH,0,0.1
2022/09/05 20:54,21414,807791041,21414,807791040,4e-05,Bitcoin,0.47,US Dollar,Wire,0,0.47
2022/09/05 20:58,29915,81330D4C1,29915,81330D4C0,3e-06,Bitcoin,0.03,US Dollar,ACH,0,0.03
2022/09/05 20:45,29915,81330D4C1,29915,81330D4C0,1.2e-05,Bitcoin,0.14,US Dollar,ACH,0,0.14
2022/09/05 20:48,25526,802D7C971,25526,802D7C970,3e-06,Bitcoin,0.03,US Dollar,ACH,0,0.03
2022/09/05 20:31,135035,80D120711,135035,80D120710,2e-06,Bitcoin,0.02,US Dollar,Wire,0,0.02
2022/09/05 20:34,28335,804B468F1,28335,804B468F0,7e-06,Bitcoin,0.54,Yuan,ACH,0,0.07801664355062414
2022/09/05 20:57,28335,804B468F1,28335,804B468F0,7e-06,Bitcoin,0.53,Yuan,Wire,0,0.07657189089227925
2022/09/05 20:54,229512,81B0B1C41,229512,81B0B1C40,1e-06,Bitcoin,0.01,US Dollar,Wire,0,0.01
2022/09/05 20:33,229512,81B0B1C41,229512,81B0B1C40,1e-06,Bitcoin,0.01,US Dollar,ACH,0,0.01
2022/09/05 21:28,20,8001E1E00,1,8008F9010,0.08,US Dollar,0.08,US Dollar,ACH,0,0.08
2022/09/05 21:23,23319,804604310,28932,805FE0BC0,0.91,US Dollar,0.91,US Dollar,Wire,0,0.91
2022/09/05 21:07,28932,805FD3470,16739,806332310,0.63,US Dollar,0.63,US Dollar,Wire,0,0.63
2022/09/05 21:18,11046,800D91C70,531,806AD5000,0.46,US Dollar,0.46,US Dollar,Wire,0,0.46
2022/09/05 21:25,20,80015A0A0,18903,807301480,0.18,US Dollar,0.18,US Dollar,Wire,0,0.18
2022/09/05 21:04,4790,805183250,219425,807607B60,0.22,US Dollar,0.22,US Dollar,Wire,0,0.22
2022/09/05 21:13,1,80132E300,8814,80854BBA0,0.58,US Dollar,0.58,US Dollar,ACH,0,0.58
2022/09/05 21:05,1,80132E300,8814,80854BBA0,0.53,US Dollar,0.53,US Dollar,Wire,0,0.53
2022/09/05 21:21,11701,800BBDD80,220822,814A345C0,0.59,US Dollar,0.59,US Dollar,ACH,0,0.59
2022/09/05 21:17,498,80084CCD0,21444,800EC5460,0.74,Euro,0.74,Euro,Wire,0,0.7350019864918554
2022/09/05 21:25,12386,801ADEA90,5383,801FE7570,0.85,Euro,0.85,Euro,Wire,0,0.844259038537942
2022/09/05 21:03,21876,8029FBE60,14195,803781820,0.6,Euro,0.6,Euro,Wire,0,0.5959475566150179
2022/09/05 21:29,1595,805E7CD80,25307,808D43C20,0.53,Euro,0.53,Euro,Wire,0,0.5264203416765992
2022/09/05 21:08,1776,804C02180,23194,8116575B0,0.01,Euro,0.01,Euro,ACH,0,0.009932459276916966
2022/09/05 21:16,122416,810F39160,15763,811D0F140,0.21,Euro,0.21,Euro,ACH,0,0.20858164481525626
2022/09/05 21:17,29867,804EA19C0,12469,8053FFC00,4.39,Yuan,4.39,Yuan,Wire,0,0.6342464170134072
2022/09/05 21:01,16,80AFA9660,32245,80BD17F50,34.31,Ruble,34.31,Ruble,Wire,0,0.5648945453348042
2022/09/05 21:06,136424,80D5763A0,235647,80D646EA0,1.14,Canadian Dollar,1.14,Canadian Dollar,Wire,0,0.8674478770354588
2022/09/05 21:24,135933,80D66DA40,235735,80E55D260,0.92,Canadian Dollar,0.92,Canadian Dollar,Wire,0,0.7000456551514229
2022/09/05 21:27,41019,80F197940,41019,80F2D5ED0,0.22,Australian Dollar,0.22,Australian Dollar,ACH,0,0.14943621790517594
2022/09/05 21:08,41126,80F0F40B0,41542,80FC0D7F0,0.3,Australian Dollar,0.3,Australian Dollar,Wire,0,0.20377666077978535
2022/09/05 21:02,142114,80F78CFE0,41916,80FE64A90,0.59,Australian Dollar,0.59,Australian Dollar,Wire,0,0.40076076620024453
2022/09/05 21:25,49700,812617750,248575,812CDA520,2.89,Brazil Real,2.89,Brazil Real,Wire,0,0.5580658865330398
2022/09/05 21:11,53736,8142AF350,153802,814F2B190,0.4,Swiss Franc,0.4,Swiss Franc,ACH,0,0.4070293976982488
2022/09/05 21:04,53736,8142AF350,153802,814F2B190,0.13,Swiss Franc,0.13,Swiss Franc,Wire,0,0.13228455425193086
2022/09/05 21:03,258461,815EA1400,58138,8163C05A0,0.47,Shekel,0.47,Shekel,ACH,0,0.13821090395812505
2022/09/05 21:20,263431,818528FD0,264772,8191EAFE0,3.11,Saudi Riyal,3.11,Saudi Riyal,ACH,0,0.8293333333333333
2022/09/05 21:14,21828,801A2BCE1,21828,801A2BCE0,4e-05,Bitcoin,0.48,US Dollar,Wire,0,0.48
2022/09/05 21:08,21828,801A2BCE1,21828,801A2BCE0,2e-05,Bitcoin,0.24,US Dollar,ACH,0,0.24
2022/09/05 21:28,21828,801A2BCE1,21828,801A2BCE0,5e-06,Bitcoin,0.06,US Dollar,ACH,0,0.06
2022/09/05 21:09,21828,801A2BCE1,21828,801A2BCE0,9e-06,Bitcoin,0.11,US Dollar,ACH,0,0.11
2022/09/05 21:22,7,80C41B9B1,7,80C41B9B0,2e-06,Bitcoin,0.02,UK Pound,Wire,0,0.023038024259039547
2022/09/05 21:06,7,80C41B9B1,7,80C41B9B0,1.1e-05,Bitcoin,0.11,UK Pound,Wire,0,0.1267091334247175
2022/09/05 21:25,134113,811A594D1,134113,811A594D0,2e-06,Bitcoin,0.03,US Dollar,Wire,0,0.03
2022/09/05 21:02,129888,80FA30121,129888,80FA30120,8e-06,Bitcoin,0.64,Yuan,ACH,0,0.09246417013407306
2022/09/05 21:19,36392,8112A8E01,36392,8112A8E00,5e-06,Bitcoin,0.06,US Dollar,Wire,0,0.06
2022/09/05 21:29,36392,8112A8E01,36392,8112A8E00,4e-06,Bitcoin,0.04,US Dollar,ACH,0,0.04
2022/09/05 21:36,224,80018CB10,13395,801B72A50,0.24,US Dollar,0.24,US Dollar,ACH,0,0.24
2022/09/05 21:39,1,800188F60,9715,805F3CB10,0.37,US Dollar,0.37,US Dollar,ACH,0,0.37
2022/09/05 21:40,11255,803620380,110777,8060F4C70,0.64,US Dollar,0.64,US Dollar,Wire,0,0.64
2022/09/05 21:53,3100,8054FAC70,6314,806A99460,0.44,US Dollar,0.44,US Dollar,ACH,0,0.44
2022/09/05 21:51,8801,8050F5730,113213,8088AA300,0.79,US Dollar,0.79,US Dollar,Wire,0,0.79
2022/09/05 21:49,1120,80857D0B0,219687,80922C9E0,0.43,US Dollar,0.43,US Dollar,ACH,0,0.43
2022/09/05 21:47,24523,8074B7C60,11701,809FF6040,0.21,US Dollar,0.21,US Dollar,ACH,0,0.21
2022/09/05 21:36,221100,808275780,110777,80A622CF0,0.64,US Dollar,0.64,US Dollar,Wire,0,0.64
2022/09/05 21:58,116473,809E8B960,215766,80B0B2DE0,0.45,US Dollar,0.45,US Dollar,ACH,0,0.45
2022/09/05 21:31,116473,809E8B960,215766,80B0B2DE0,0.59,US Dollar,0.59,US Dollar,Wire,0,0.59
2022/09/05 21:42,12,800C3D920,21063,80992EA50,0.13,US Dollar,0.13,US Dollar,Wire,0,0.13
2022/09/05 21:46,1,80CE7FCD0,6314,80D0DD970,0.63,US Dollar,0.63,US Dollar,ACH,0,0.63
2022/09/05 21:39,34978,80D20AA80,1217,80DDB3FA0,0.28,US Dollar,0.28,US Dollar,ACH,0,0.28
2022/09/05 21:33,226436,8116F8E60,121335,811A665C0,0.51,US Dollar,0.51,US Dollar,ACH,0,0.51
2022/09/05 21:47,11016,8042B0710,11016,8042B0710,0.41,US Dollar,2.76,Yuan,ACH,0,0.39875173370319
2022/09/05 21:31,1638,805D9D500,37524,813B64890,0.06,US Dollar,0.06,US Dollar,Wire,0,0.06
2022/09/05 21:33,33296,811F1A670,14595,816AA28D0,0.54,US Dollar,0.54,US Dollar,ACH,0,0.54
2022/09/05 21:40,11671,8055C71B0,226151,81A2E93E0,0.24,US Dollar,0.24,US Dollar,ACH,0,0.24
2022/09/05 21:39,11671,8055C71B0,226151,81A2E93E0,0.08,US Dollar,0.08,US Dollar,Wire,0,0.08
2022/09/05 21:48,158841,817D568B0,165132,81B894560,0.04,US Dollar,0.04,US Dollar,ACH,0,0.04
2022/09/05 21:39,56824,817DE6AC0,56824,81C174CF0,0.38,US Dollar,0.38,US Dollar,ACH,0,0.38
2022/09/05 21:49,12055,800DBB280,12202,801CEAB60,0.02,Euro,0.02,Euro,Wire,0,0.019864918553833932
2022/09/05 21:38,2557,801320290,3,80254E010,0.39,Euro,0.39,Euro,ACH,0,0.38736591179976165
2022/09/05 21:38,3460,801AA4990,2293,806EE57A0,0.24,Euro,0.24,Euro,ACH,0,0.23837902264600716
2022/09/05 21:52,25400,8026C5910,15607,80A9C2CC0,0.4,Euro,0.4,Euro,ACH,0,0.39729837107667865
2022/09/05 21:31,112357,806F273B0,228073,80B336060,0.35,Euro,0.35,Euro,Wire,0,0.3476360746920938
2022/09/05 21:42,29844,803BAC0D0,15168,803DFEC00,0.16,Yuan,0.16,Yuan,Wire,0,0.023116042533518264
2022/09/05 21:49,19836,8038EB0B0,18,804512640,110.85,Yen,110.85,Yen,ACH,0,0.7890241298313047
2022/09/05 21:36,72,8087E4B20,123260,808A04E00,59.55,Rupee,59.55,Rupee,Wire,0,0.7460910093214392
2022/09/05 21:50,27,80ACF4B10,18,80AFA8890,40.8,Ruble,40.8,Ruble,Wire,0,0.6717486869618189
2022/09/05 21:44,8,80591CC60,134489,80CB36FE0,0.22,UK Pound,0.22,UK Pound,ACH,0,0.253418266849435
2022/09/05 21:35,136474,80E0F8340,138512,80E143FE0,0.74,Canadian Dollar,0.74,Canadian Dollar,Wire,0,0.5630802008826662
2022/09/05 21:46,36096,80DF72E20,136424,80E2538A0,1.14,Canadian Dollar,1.14,Canadian Dollar,ACH,0,0.8674478770354588
2022/09/05 21:44,212,8000AA410,42234,8101E08B0,0.45,Australian Dollar,0.45,Australian Dollar,ACH,0,0.30566499116967805
2022/09/05 21:45,18,8134FDB10,154265,8142C8A00,0.48,Swiss Franc,0.48,Swiss Franc,ACH,0,0.4884352772378985
2022/09/05 21:58,19521,804739E21,19521,804739E20,1e-06,Bitcoin,0.11,Yuan,Wire,0,0.015892279241793806
2022/09/05 21:52,233706,80C874CD1,233706,80C874CD0,3e-06,Bitcoin,0.03,UK Pound,Wire,0,0.034557036388559316
2022/09/05 21:54,112357,8115B8E21,112357,8115B8E20,3.3e-05,Bitcoin,0.34,Euro,ACH,0,0.33770361541517685
2022/09/05 22:24,20,80103F3B0,11222,8011B4120,0.03,US Dollar,0.03,US Dollar,Wire,0,0.03
2022/09/05 22:00,23319,8013DF450,1439,802D603D0,0.57,US Dollar,0.57,US Dollar,ACH,0,0.57
2022/09/05 22:02,22031,801CA3A00,22129,80412E5D0,0.27,US Dollar,0.27,US Dollar,ACH,0,0.27
2022/09/05 22:23,11222,801687630,1439,805FFD070,0.55,US Dollar,0.55,US Dollar,Wire,0,0.55
2022/09/05 22:10,1217,8034BB670,214000,80706C8C0,0.23,US Dollar,0.23,US Dollar,ACH,0,0.23
2022/09/05 22:06,213123,8075651A0,220015,807F51820,0.1,US Dollar,0.1,US Dollar,ACH,0,0.1
2022/09/05 22:16,2860,807CE14B0,118536,80B6E7CA0,0.82,US Dollar,0.82,US Dollar,Wire,0,0.82
2022/09/05 22:26,11046,80161EF00,28393,80BA73C70,0.69,US Dollar,0.69,US Dollar,ACH,0,0.69
2022/09/05 22:13,1291,80062C100,12063,80D363F60,0.85,US Dollar,0.85,US Dollar,Wire,0,0.85
2022/09/05 22:26,17096,8064D4A90,17096,8064D4A90,0.25,US Dollar,25.97,Yen,ACH,0,0.18485301444942698
2022/09/05 22:26,17096,8064D4A90,214107,810840160,0.25,US Dollar,0.25,US Dollar,ACH,0,0.25
2022/09/05 22:06,3718,811575D30,234717,8121FD5C0,0.1,US Dollar,0.1,US Dollar,ACH,0,0.1
2022/09/05 22:15,13210,803349A80,122459,813E7DD10,0.1,US Dollar,0.1,US Dollar,ACH,0,0.1
2022/09/05 22:06,22364,8018501D0,231905,814803420,0.78,US Dollar,0.78,US Dollar,Wire,0,0.78
2022/09/05 22:04,5617,80EF05DE0,142716,8189A0630,0.1,US Dollar,0.1,US Dollar,Wire,0,0.1
2022/09/05 22:29,225759,816330A70,24999,81AAAA980,0.62,US Dollar,0.62,US Dollar,Wire,0,0.62
2022/09/05 22:05,0,800845590,3460,8023584E0,0.7,Euro,0.7,Euro,Wire,0,0.6952721493841876
2022/09/05 22:26,14172,80240E8D0,16934,8041B5750,0.37,Euro,0.37,Euro,ACH,0,0.3675009932459277
2022/09/05 22:19,2557,8024C4F70,14,8084CEE90,0.67,Euro,0.67,Euro,Wire,0,0.6654747715534367
2022/09/05 22:22,14652,801AAC360,17059,80B5EEFB0,0.8,Euro,0.8,Euro,ACH,0,0.7945967421533573
2022/09/05 22:12,14213,802DCAAC0,600,80BC36150,0.54,Euro,0.54,Euro,ACH,0,0.5363528009535161
2022/09/05 22:03,14213,802DCAAC0,600,80BC36150,0.33,Euro,0.33,Euro,Wire,0,0.32777115613825986
2022/09/05 22:02,24455,8026EF280,6058,80E1C79E0,0.97,Euro,0.97,Euro,ACH,0,0.9634485498609456
2022/09/05 22:06,21479,80841E450,21479,80841E450,1.08,Euro,133.87,Yen,ACH,0,0.9528792084845896
2022/09/05 22:21,423,800266A60,241795,810434CC0,0.06,Euro,0.06,Euro,ACH,0,0.05959475566150179
2022/09/05 22:19,423,800266A60,241795,810434CC0,0.12,Euro,0.12,Euro,Wire,0,0.11918951132300358
2022/09/05 22:26,123519,80B1AD8C0,25400,8116BCAE0,0.49,Euro,0.49,Euro,ACH,0,0.4866905045689313
2022/09/05 22:11,12202,8014D9ED0,3671,812C775C0,0.02,Euro,0.02,Euro,ACH,0,0.019864918553833932
2022/09/05 22:00,394,8002CDA20,125589,8144A4010,0.91,Euro,0.91,Euro,Wire,0,0.9038537941994439
2022/09/05 22:25,425,80C139750,19622,8150FADF0,0.52,Euro,0.52,Euro,Wire,0,0.5164878823996822
2022/09/05 22:22,5294,809655BA0,114948,819D24460,0.04,Euro,0.04,Euro,ACH,0,0.039729837107667865
2022/09/05 22:23,11,8036F9030,9735,803972DF0,3.97,Yuan,3.97,Yuan,Wire,0,0.5735668053629219
2022/09/05 22:06,10073,803B43050,113804,8085CDE20,0.76,Yuan,0.76,Yuan,ACH,0,0.10980120203421175
2022/09/05 22:21,26922,8039C1F70,692,8126C4070,2.73,Yuan,2.73,Yuan,ACH,0,0.39441747572815533
2022/09/05 22:12,7080,802CDB810,26922,805280B20,4.57,Yuan,4.57,Yuan,ACH,0,0.6602519648636154
2022/09/05 22:13,29592,8038FAFE0,29572,80450ED50,3.22,Yen,3.22,Yen,ACH,0,0.0229197807673144
2022/09/05 22:05,224371,80A63CDF0,226119,80D9CB6E0,40.32,Rupee,40.32,Rupee,ACH,0,0.5051618723063045
2022/09/05 22:10,10,8122DD860,116,8123219F0,2.83,Brazil Real,2.83,Brazil Real,ACH,0,0.5464797435600355
2022/09/05 22:00,249331,812401AB0,48719,8125CD490,1.48,Brazil Real,1.48,Brazil Real,ACH,0,0.28579152666743907
2022/09/05 22:26,158053,81590A100,257741,815EE37C0,0.62,Shekel,0.62,Shekel,ACH,0,0.1823207669234841
2022/09/05 22:03,143797,813F92111,143797,813F92110,2.7e-05,Bitcoin,0.27,Euro,Wire,0,0.26817640047675806
2022/09/05 22:17,349,8005E58B1,349,8005E58B0,4e-06,Bitcoin,0.05,US Dollar,ACH,0,0.05
2022/09/05 22:09,349,8005E58B1,349,8005E58B0,9e-06,Bitcoin,0.11,US Dollar,ACH,0,0.11
2022/09/05 22:00,233829,8154AFDD1,233829,8154AFDD0,4e-06,Bitcoin,0.04,US Dollar,ACH,0,0.04
2022/09/05 22:05,233829,8154AFDD1,233829,8154AFDD0,3e-06,Bitcoin,0.04,US Dollar,ACH,0,0.04
2022/09/05 22:17,113213,81712B1E1,113213,81712B1E0,9e-06,Bitcoin,0.1,US Dollar,Wire,0,0.1
2022/09/05 22:22,113213,81712B1E1,113213,81712B1E0,2e-05,Bitcoin,0.24,US Dollar,ACH,0,0.24
2022/09/05 22:40,20,8001E8940,349,8002F7290,0.43,US Dollar,0.43,US Dollar,ACH,0,0.43
2022/09/05 22:31,11,800C470F0,21828,800C7CD40,0.04,US Dollar,0.04,US Dollar,ACH,0,0.04
2022/09/05 22:47,1422,8003DB6A0,4187,8050CFA60,0.61,US Dollar,0.61,US Dollar,Wire,0,0.61
2022/09/05 22:54,3440,804720510,11701,80535EA80,0.4,US Dollar,0.4,US Dollar,Wire,0,0.4
2022/09/05 22:44,20,8036DD260,4894,807D02B60,0.04,US Dollar,0.04,US Dollar,ACH,0,0.04
2022/09/05 22:39,220188,807FA4E00,22031,808D4EAA0,0.46,US Dollar,0.46,US Dollar,Wire,0,0.46
2022/09/05 22:35,1638,800FD90E0,21547,80DB7D8F0,0.07,US Dollar,0.07,US Dollar,Wire,0,0.07
2022/09/05 22:55,127530,81156E840,127530,8057DC000,0.47,US Dollar,0.47,US Dollar,ACH,0,0.47
2022/09/05 22:41,211374,814050D50,138580,814D5F0C0,0.11,US Dollar,0.11,US Dollar,ACH,0,0.11
2022/09/05 22:54,214527,80F1CF880,18656,8157D2230,0.54,US Dollar,0.54,US Dollar,ACH,0,0.54
2022/09/05 22:47,25017,810A2CD30,226659,81AC2AC80,0.94,US Dollar,0.94,US Dollar,Wire,0,0.94
2022/09/05 22:39,423,80027F420,0,801AE2650,0.41,Euro,0.41,Euro,Wire,0,0.4072308303535956
2022/09/05 22:59,12503,806AF5470,6681,807A395C0,0.59,Euro,0.59,Euro,ACH,0,0.586015097338101
2022/09/05 22:32,25,807244D10,5,80724E500,5.61,Rupee,5.61,Rupee,Wire,0,0.07028665931642779
2022/09/05 22:31,24816,80C0619D0,25,80EB7E470,7.21,Rupee,7.21,Rupee,Wire,0,0.09033276536032875
2022/09/05 22:43,11,80E427B80,138617,80E51D9F0,0.14,Canadian Dollar,0.14,Canadian Dollar,Wire,0,0.10652868665347741
2022/09/05 22:51,19,810FBD520,46633,81129D7A0,13.49,Mexican Peso,13.49,Mexican Peso,ACH,0,0.6738934958537316
2022/09/05 22:48,19,810FBD520,46633,81129D7A0,0.14,Mexican Peso,0.14,Mexican Peso,Wire,0,0.006993705664901589
2022/09/05 22:39,115,8150ACC00,14,815228290,0.9,Shekel,0.9,Shekel,ACH,0,0.26465917779215437
2022/09/05 22:37,115329,80FA3CB91,115329,80FA3CB90,1e-06,Bitcoin,0.05,Yuan,ACH,0,0.007223763291724457
2022/09/05 22:50,115329,80FA3CB91,115329,80FA3CB90,1e-06,Bitcoin,0.07,Yuan,Wire,0,0.01011326860841424
2022/09/05 22:46,247096,8119563C1,247096,8119563C0,1.7e-05,Bitcoin,0.17,Euro,ACH,0,0.16885180770758842
2022/09/05 22:33,247096,8119563C1,247096,8119563C0,1.3e-05,Bitcoin,0.13,Euro,Wire,0,0.12912197059992056
2022/09/05 22:55,13243,813A46121,13243,813A46120,4e-06,Bitcoin,0.04,US Dollar,Wire,0,0.04
2022/09/05 22:44,22364,8015FE671,22364,8015FE670,3e-06,Bitcoin,0.04,US Dollar,ACH,0,0.04
2022/09/05 22:40,25,80C3750F1,25,80C3750F0,1.2e-05,Bitcoin,0.11,UK Pound,Wire,0,0.1267091334247175
2022/09/05 22:56,25,80C3750F1,25,80C3750F0,1.9e-05,Bitcoin,0.18,UK Pound,ACH,0,0.2073422183313559
2022/09/05 22:51,227006,80AE0A901,227006,80AE0A900,5e-06,Bitcoin,0.05,Euro,Wire,0,0.04966229638458483
2022/09/05 22:53,227006,80AE0A901,227006,80AE0A900,3.9e-05,Bitcoin,0.4,Euro,ACH,0,0.39729837107667865
2022/09/05 22:40,17803,8098E8B31,17803,8098E8B30,5e-06,Bitcoin,0.06,US Dollar,ACH,0,0.06
2022/09/05 22:48,17803,8098E8B31,17803,8098E8B30,4e-06,Bitcoin,0.05,US Dollar,ACH,0,0.05
2022/09/05 23:21,20,80005B040,1231,80010C4C0,0.18,US Dollar,0.18,US Dollar,ACH,0,0.18
2022/09/05 23:09,11,800191AD0,211374,80510A790,0.89,US Dollar,0.89,US Dollar,Wire,0,0.89
2022/09/05 23:23,14595,8070D44B0,21393,808205B70,0.91,US Dollar,0.91,US Dollar,ACH,0,0.91
2022/09/05 23:29,11,806EAAF20,11,806EAAF20,0.64,US Dollar,0.54,Euro,ACH,0,0.5363528009535161
2022/09/05 23:29,11,806EAAF20,14133,80C7A64D0,0.64,US Dollar,0.64,US Dollar,ACH,0,0.64
2022/09/05 23:06,11,806EAAF20,11,806EAAF20,0.12,US Dollar,0.11,Euro,ACH,0,0.10925705204608661
2022/09/05 23:06,11,806EAAF20,14133,80C7A64D0,0.12,US Dollar,0.12,US Dollar,Wire,0,0.12
2022/09/05 23:25,1439,8011CEA70,29448,80E351F70,0.86,US Dollar,0.86,US Dollar,ACH,0,0.86
2022/09/05 23:03,11495,80758DBF0,22481,80EC5C0C0,0.26,US Dollar,0.26,US Dollar,ACH,0,0.26
2022/09/05 23:28,21939,806B09500,219782,80EF47E20,0.36,US Dollar,0.36,US Dollar,ACH,0,0.36
2022/09/05 23:13,20,800420460,21130,8120CED60,0.31,US Dollar,0.31,US Dollar,Wire,0,0.31
2022/09/05 23:13,16584,8084F85B0,249786,8142A82B0,0.11,US Dollar,0.11,US Dollar,Wire,0,0.11
2022/09/05 23:06,25242,8025178C0,19589,814DF9F40,0.27,US Dollar,0.27,US Dollar,Wire,0,0.27
2022/09/05 23:11,2692,80243E570,135982,81583FE20,0.73,US Dollar,0.73,US Dollar,Wire,0,0.73
2022/09/05 23:14,3440,806368D10,163271,81A3D32F0,0.48,US Dollar,0.48,US Dollar,ACH,0,0.48
2022/09/05 23:09,24027,801863970,3460,801F475D0,0.5,Euro,0.5,Euro,Wire,0,0.49662296384584825
2022/09/05 23:09,5082,802646480,6058,8053BA480,0.16,Euro,0.16,Euro,ACH,0,0.15891934843067146
2022/09/05 23:10,25856,8080A9B60,212418,806E176F0,0.9,Euro,0.9,Euro,ACH,0,0.8939213349225269
2022/09/05 23:13,25856,8080A9B60,212418,806E176F0,0.93,Euro,0.93,Euro,Wire,0,0.9237187127532779
2022/09/05 23:19,118970,80AA2F2E0,222654,810593DB0,0.13,Euro,0.13,Euro,ACH,0,0.12912197059992056
2022/09/05 23:15,15,800073410,7080,802BBFCD0,1.93,Yuan,1.93,Yuan,ACH,0,0.27883726306056406
2022/09/05 23:00,117284,8068007B0,13,806982170,4.81,Yen,4.81,Yen,ACH,0,0.03423731226421809
2022/09/05 23:01,19413,8092494C0,123260,809503E40,52.13,Rupee,52.13,Rupee,ACH,0,0.6531271925428486
2022/09/05 23:24,124503,80986AFF0,124359,809D0F7C0,10.72,Rupee,10.72,Rupee,ACH,0,0.1343089104941365
2022/09/05 23:23,119732,808B854F0,125882,809A08F30,14.55,Rupee,14.55,Rupee,ACH,0,0.18229427683672447
2022/09/05 23:00,16,80B4C3610,131036,80BE5C2F0,24.42,Ruble,24.42,Ruble,Wire,0,0.4020613464609711
2022/09/05 23:21,10,80D275690,135558,80D52DC40,0.02,Canadian Dollar,0.02,Canadian Dollar,ACH,0,0.015218383807639629
2022/09/05 23:29,219,8135016F0,219,81352FC20,0.1,Swiss Franc,0.1,Swiss Franc,ACH,0,0.1017573494245622
2022/09/05 23:29,219,8135016F0,219,81352FC20,0.09,Swiss Franc,0.09,Swiss Franc,Wire,0,0.09158161448210597
2022/09/05 23:17,59033,815F8D890,59157,8162E66C0,0.06,Shekel,0.06,Shekel,ACH,0,0.017643945186143623
2022/09/05 23:05,63940,81760A860,263574,81783DB50,0.16,Saudi Riyal,0.16,Saudi Riyal,ACH,0,0.042666666666666665
2022/09/05 23:22,12204,800FAD501,12204,800FAD500,6e-06,Bitcoin,0.07,US Dollar,ACH,0,0.07
2022/09/05 23:25,12204,800FAD501,12204,800FAD500,5e-06,Bitcoin,0.06,US Dollar,ACH,0,0.06
2022/09/05 23:05,125980,81700BA31,125980,81700BA30,4.7e-05,Bitcoin,0.56,US Dollar,ACH,0,0.56
2022/09/05 23:14,125980,81700BA31,125980,81700BA30,7e-06,Bitcoin,0.08,US Dollar,ACH,0,0.08
2022/09/05 23:24,11265,805923411,11265,805923410,6e-06,Bitcoin,0.07,US Dollar,ACH,0,0.07
2022/09/05 23:12,11265,805923411,11265,805923410,6e-06,Bitcoin,0.07,US Dollar,Wire,0,0.07
2022/09/05 23:20,8318,818FDB691,8318,818FDB690,3.7e-05,Bitcoin,0.44,US Dollar,ACH,0,0.44
2022/09/05 23:10,8318,818FDB691,8318,818FDB690,6.6e-05,Bitcoin,0.78,US Dollar,Wire,0,0.78
2022/09/05 23:42,394,8002189C0,16456,804AF1520,0.8,US Dollar,0.8,US Dollar,Wire,0,0.8
2022/09/05 23:53,11,800F11750,1439,804CB7F60,0.09,US Dollar,0.09,US Dollar,Wire,0,0.09
2022/09/05 23:58,18890,804940560,128019,80B9F2A80,0.16,US Dollar,0.16,US Dollar,ACH,0,0.16
2022/09/05 23:41,118699,80AF63BF0,24633,80F240120,0.27,US Dollar,0.27,US Dollar,Wire,0,0.27
2022/09/05 23:32,210472,804EFB650,1394,810F6F780,0.82,US Dollar,0.82,US Dollar,ACH,0,0.82
2022/09/05 23:48,113317,8069EB8C0,47060,811C8A5F0,0.64,US Dollar,0.64,US Dollar,Wire,0,0.64
2022/09/05 23:50,1638,800EA30A0,19085,811DF7380,0.98,US Dollar,0.98,US Dollar,Wire,0,0.98
2022/09/05 23:39,115114,80F3A90B0,136393,8155FB800,0.01,US Dollar,0.01,US Dollar,ACH,0,0.01
2022/09/05 23:55,9856,80494B800,9856,80494B800,0.41,US Dollar,2.73,Yuan,ACH,0,0.39441747572815533
2022/09/05 23:53,15726,806F2E2F0,15726,806F2E2F0,1.19,US Dollar,125.25,Yen,ACH,0,0.8915225282938287
2022/09/05 23:55,3460,802E781C0,212529,8078557C0,0.77,Euro,0.77,Euro,ACH,0,0.7647993643226063
2022/09/05 23:33,214423,805FB7E00,114948,8088ECFA0,0.03,Euro,0.03,Euro,ACH,0,0.029797377830750895
2022/09/05 23:30,214423,805FB7E00,114948,8088ECFA0,0.1,Euro,0.1,Euro,Wire,0,0.09932459276916966
2022/09/05 23:54,16298,806C52460,27387,80A3CF3A0,0.84,Euro,0.84,Euro,Wire,0,0.834326579261025
2022/09/05 23:35,20,800261140,18121,81A592D80,0.8,Euro,0.8,Euro,ACH,0,0.7945967421533573
2022/09/05 23:36,600,800D6AD10,25307,81BCDA1F0,0.93,Euro,0.93,Euro,Wire,0,0.9237187127532779
2022/09/05 23:57,26922,8036C9910,19521,8049C7C70,0.23,Yuan,0.23,Yuan,Wire,0,0.033229311141932505
2022/09/05 23:34,29572,805B57150,115648,808027E50,35.52,Yen,35.52,Yen,ACH,0,0.2528293828742259
2022/09/05 23:30,29572,805B57150,115648,808027E50,135.04,Yen,135.04,Yen,Wire,0,0.9612072033596696
2022/09/05 23:59,5,800080760,72,808B96950,72.08,Rupee,72.08,Rupee,Wire,0,0.9030770772777388
2022/09/05 23:56,26,8087E39A0,72,808C3E940,36.91,Rupee,36.91,Rupee,Wire,0,0.4624386088002405
2022/09/05 23:54,134489,80CF154D0,34749,817E84D80,0.1,UK Pound,0.1,UK Pound,Wire,0,0.11519012129519773
2022/09/05 23:42,135933,80D87E090,16,80E0C3A80,0.88,Canadian Dollar,0.88,Canadian Dollar,ACH,0,0.6696088875361437
2022/09/05 23:57,118840,80CAAA4F0,118840,80CAAA4F0,0.65,Canadian Dollar,0.49,US Dollar,ACH,0,0.49
2022/09/05 23:32,118840,80CAAA4F0,118840,80CAAA4F0,0.41,Canadian Dollar,0.31,US Dollar,ACH,0,0.31
2022/09/05 23:32,118840,80CAAA4F0,138809,80E52F900,0.41,Canadian Dollar,0.41,Canadian Dollar,ACH,0,0.31197686805661234
2022/09/05 23:46,19,80F01CFD0,41428,80F4A01E0,0.25,Australian Dollar,0.25,Australian Dollar,ACH,0,0.16981388398315447
2022/09/05 23:45,19,80F01CFD0,41428,80F4A01E0,0.41,Australian Dollar,0.41,Australian Dollar,Wire,0,0.2784947697323733
2022/09/05 23:49,249331,8123401C0,248957,8124BCA80,3.29,Brazil Real,3.29,Brazil Real,ACH,0,0.6353068396864017
2022/09/05 23:42,11,8125FE6E0,49411,81283E710,0.11,Brazil Real,0.11,Brazil Real,ACH,0,0.021241262117174524
2022/09/05 23:53,1199,81559B750,115,8162D1060,2.61,Shekel,2.61,Shekel,Wire,0,0.7675116155972476
2022/09/05 23:56,23571,8046CBE11,23571,8046CBE10,3e-06,Bitcoin,0.04,US Dollar,ACH,0,0.04
2022/09/05 23:35,121007,80B48A041,121007,80B48A040,2.5e-05,Bitcoin,0.3,US Dollar,Wire,0,0.3
